[15:49:43] =================================================================
[15:49:43]   Africa LULC Pipeline — ESA WorldCover 2021 v200 (10m)
[15:49:43]   54 African countries | processing order: smallest → largest
[15:49:43] =================================================================
[15:49:43]   Tile cache : C:\Users\Muleng Chilufy\Documents\My VSCode personal worksace for Lenga Maps\parallel-lenga-maps-website\data\lulc_tiles
[15:49:43]   Output dir : C:\Users\Muleng Chilufy\Documents\My VSCode personal worksace for Lenga Maps\parallel-lenga-maps-website\output\LULC
[15:49:43] 
Step 1: Loading Africa country boundaries (Natural Earth 10m) ...
[15:49:44]   [cache hit] Natural Earth countries
[15:49:56]   Resolved 54 of 54 African countries from Natural Earth
[15:49:56] 
Step 2: Processing 54 countries (smallest → largest) ...
[15:49:56]   State log: C:\Users\Muleng Chilufy\Documents\My VSCode personal worksace for Lenga Maps\parallel-lenga-maps-website\logs\lulc\state_20260419T134940Z.csv
[15:49:56] -----------------------------------------------------------------
[15:49:56] 
[01/54] Seychelles
[15:49:56]     bbox [46.21, -9.76, 56.29, -3.79]
[15:49:56]     tiles to check: 12
[15:49:56]     tiles with data: 2
[15:49:57]               tile S06E051: clipped (133×254 px)
[15:51:23]               tile S06E054: clipped (8747×24939 px)
[15:51:59]     clipped shape: 31397×24939 px
[15:53:23]     COG finalized → Seychelles_LULC.tif
[15:53:23]     COG size: 3.91 MB
[15:53:38]     R2 upload: lulc/Seychelles/Seychelles_LULC.tif
[15:53:43]     Supabase: Seychelles → lulc_layers
[15:53:43] 
[02/54] Sao Tome and Principe
[15:53:43]     SKIP (resume): Sao_Tome_and_Principe_LULC.tif already exists
[15:53:43] 
[03/54] Comoros
[15:53:43]     SKIP (resume): Comoros_LULC.tif already exists
[15:53:43] 
[04/54] Mauritius
[15:53:43]     bbox [56.52, -20.52, 63.49, -10.32]
[15:53:43]     tiles to check: 16
[15:53:43]     tiles with data: 1
[15:53:43]     NOTE: no valid land pixels found for Mauritius — skipping
[15:53:43] 
[05/54] Cabo Verde
[15:53:43]     SKIP (resume): Cabo_Verde_LULC.tif already exists
[15:53:43] 
[06/54] Gambia
[15:53:43]     SKIP (resume): Gambia_LULC.tif already exists
[15:53:43] 
[07/54] Eswatini
[15:53:43]     bbox [30.78, -27.32, 32.12, -25.74]
[15:53:43]     tiles to check: 2
[15:53:43]     tiles with data: 2
[15:53:53]               tile S27E030: clipped (16017×15170 px)
[15:54:03]     clipped shape: 16017×15170 px
[15:54:17]     COG finalized → Eswatini_LULC.tif
[15:54:17]     COG size: 21.61 MB
[15:55:06]     R2 upload: lulc/Eswatini/Eswatini_LULC.tif
[15:55:07]     Supabase: Eswatini → lulc_layers
[15:55:07] 
[08/54] Djibouti
[15:55:07]     SKIP (resume): Djibouti_LULC.tif already exists
[15:55:07] 
[09/54] Rwanda
[15:55:07]     bbox [28.86, -2.83, 30.89, -1.06]
[15:55:07]     tiles to check: 2
[15:55:07]     tiles with data: 2
[15:55:08]     NOTE: no valid land pixels found for Rwanda — skipping
[15:55:08] 
[10/54] Burundi
[15:55:08]     bbox [28.99, -4.46, 30.83, -2.30]
[15:55:08]     tiles to check: 4
[15:55:08]     tiles with data: 4
[15:55:10]               tile S03E027: clipped (12159×8202 px)
[15:55:13]               tile S03E030: clipped (9908×8365 px)
[15:55:16]     clipped shape: 22067×8365 px
[15:55:23]     COG finalized → Burundi_LULC.tif
[15:55:23]     COG size: 14.08 MB
[15:55:56]     R2 upload: lulc/Burundi/Burundi_LULC.tif
[15:55:58]     WARNING: Supabase upsert failed (409): {"code":"23505","details":"Key (r2_key)=(lulc/Burundi/Burundi_LULC.tif) already exists.","hint":null,"message":"duplicate key value violates unique constraint \"lulc_layers_r2_key_key\""}
[15:55:58] 
[11/54] Equatorial Guinea
[15:55:58]     bbox [5.61, -1.48, 11.34, 3.77]
[15:55:58]     tiles to check: 9
[15:55:58]     tiles with data: 8
[15:56:10]               tile N00E009: clipped (23879×17006 px)
[15:56:11]               tile N03E006: clipped (6496×6905 px)
[15:56:29]     clipped shape: 34975×34174 px
[15:56:55]     COG finalized → Equatorial_Guinea_LULC.tif
[15:56:55]     COG size: 8.54 MB
[15:57:20]     R2 upload: lulc/Equatorial_Guinea/Equatorial_Guinea_LULC.tif
[15:57:21]     Supabase: Equatorial Guinea → lulc_layers
[15:57:21] 
[12/54] Lesotho
[15:57:21]     SKIP (resume): Lesotho_LULC.tif already exists
[15:57:21] 
[13/54] Guinea-Bissau
[15:57:21]     SKIP (resume): Guinea-Bissau_LULC.tif already exists
[15:57:21] 
[14/54] Togo
[15:57:21]     bbox [-0.17, 6.10, 1.78, 11.13]
[15:57:21]     tiles to check: 6
[15:58:22]       tile N06W003: downloaded (128.1 MB)
[15:59:24]       tile N06E000: downloaded (153.1 MB)
[15:59:24]     tiles with data: 6
[15:59:42]               tile N06E000: clipped (17001×34796 px)
[15:59:43]               tile N09W003: clipped (1995×6486 px)
[15:59:57]               tile N09E000: clipped (19224×25219 px)
[16:00:30]     clipped shape: 23385×60417 px
[16:01:14]     COG finalized → Togo_LULC.tif
[16:01:14]     COG size: 82.11 MB
[16:05:44]     R2 upload: lulc/Togo/Togo_LULC.tif
[16:05:46]     Supabase: Togo → lulc_layers
[16:05:46] 
[15/54] Sierra Leone
[16:05:46]     bbox [-13.30, 6.92, -10.28, 10.00]
[16:05:46]     tiles to check: 4
[16:05:46]     tiles with data: 4
[16:05:51]               tile N09W015: clipped (15615×11153 px)
[16:05:56]               tile N09W012: clipped (16900×11954 px)
[16:06:02]     clipped shape: 32515×11954 px
[16:06:15]     COG finalized → Sierra_Leone_LULC.tif
[16:06:15]     COG size: 23.64 MB
[16:09:08]     R2 upload: lulc/Sierra_Leone/Sierra_Leone_LULC.tif
[16:09:10]     Supabase: Sierra Leone → lulc_layers
[16:09:10] 
[16/54] Liberia
[16:09:10]     bbox [-11.48, 4.35, -7.38, 8.57]
[16:09:10]     tiles to check: 4
[16:09:10]     tiles with data: 4
[16:09:42]               tile N06W012: clipped (29716×30786 px)
[16:09:50]               tile N06W009: clipped (14564×20334 px)
[16:10:40]     clipped shape: 44280×30786 px
[16:11:15]     COG finalized → Liberia_LULC.tif
[16:11:15]     COG size: 34.83 MB
[16:18:12]     R2 upload: lulc/Liberia/Liberia_LULC.tif
[16:18:14]     Supabase: Liberia → lulc_layers
[16:18:14] 
[17/54] Benin
[16:18:14]     bbox [0.76, 6.21, 3.84, 12.40]
[16:18:14]     tiles to check: 6
[16:18:14]     tiles with data: 6
[16:18:50]               tile N09E000: clipped (26883×36000 px)
[16:19:01]               tile N09E003: clipped (10051×35222 px)
[16:19:02]               tile N12E000: clipped (7667×4793 px)
[16:19:03]               tile N12E003: clipped (3089×3350 px)
[16:19:34]     clipped shape: 36934×40793 px
[16:20:25]     COG finalized → Benin_LULC.tif
[16:20:25]     COG size: 113.49 MB
[16:28:32]     R2 upload: lulc/Benin/Benin_LULC.tif
[16:28:34]     Supabase: Benin → lulc_layers
[16:28:34] 
[18/54] Eritrea
[16:28:34]     bbox [36.42, 12.36, 43.12, 18.00]
[16:28:34]     tiles to check: 9
[16:28:34]     tiles with data: 9
[16:29:12]               tile N15E036: clipped (30918×36000 px)
[16:29:28]               tile N15E039: clipped (18296×26315 px)
[16:29:28]               tile N18E036: clipped (87×60 px)
[16:30:26]     clipped shape: 49214×36060 px
[16:31:24]     COG finalized → Eritrea_LULC.tif
[16:31:24]     COG size: 76.10 MB
[16:34:48]     R2 upload: lulc/Eritrea/Eritrea_LULC.tif
[16:34:51]     Supabase: Eritrea → lulc_layers
[16:34:51] 
[19/54] Malawi
[16:34:51]     bbox [32.66, -17.14, 35.90, -9.38]
[16:34:51]     tiles to check: 9
[16:36:15]       tile S15E030: downloaded (148.8 MB)
[16:37:57]       tile S15E033: downloaded (126.8 MB)
[16:39:42]       tile S15E036: downloaded (157.5 MB)
[16:41:16]       tile S12E030: downloaded (142.7 MB)
[16:42:29]       tile S12E033: downloaded (138.4 MB)
[16:44:00]       tile S12E036: downloaded (144.7 MB)
[16:45:09]       tile S09E030: downloaded (109.7 MB)
[16:46:20]       tile S09E033: downloaded (140.2 MB)
[16:47:36]       tile S09E036: downloaded (131.7 MB)
[16:47:36]     tiles with data: 9
[16:47:38]               tile S15E030: clipped (4042×16676 px)
[16:48:41]               tile S15E033: clipped (34853×36000 px)
[16:48:43]               tile S12E030: clipped (951×3022 px)
[16:49:11]               tile S12E033: clipped (23577×31214 px)
[16:50:39]     clipped shape: 38895×67427 px
[16:52:20]     COG finalized → Malawi_LULC.tif
[16:52:20]     COG size: 106.60 MB
[17:01:29]     R2 upload: lulc/Malawi/Malawi_LULC.tif
[17:01:31]     Supabase: Malawi → lulc_layers
[17:01:31] 
[20/54] Tunisia
[17:01:31]     bbox [7.48, 30.23, 11.56, 37.35]
[17:01:31]     tiles to check: 6
[17:02:25]       tile N33E006: downloaded (65.4 MB)
[17:03:48]       tile N33E009: downloaded (73.9 MB)
[17:04:47]       tile N36E006: downloaded (39.1 MB)
[17:05:23]       tile N36E009: downloaded (28.4 MB)
[17:05:56]       tile N39E006: downloaded (22.3 MB)
[17:06:11]       tile N39E009: downloaded (25.1 MB)
[17:06:11]     tiles with data: 6
[17:06:32]               tile N33E006: clipped (18244×36000 px)
[17:07:14]               tile N33E009: clipped (30074×36000 px)
[17:07:19]               tile N36E006: clipped (9987×13483 px)
[17:07:32]               tile N36E009: clipped (25636×16144 px)
[17:09:16]     clipped shape: 48318×52144 px
[17:10:52]     COG finalized → Tunisia_LULC.tif
[17:10:52]     COG size: 127.61 MB
[17:16:35]     ERROR: R2 upload failed — Could not connect to the endpoint URL: "https://2d7d8cc536086b35e2800be940b02d62.r2.cloudflarestorage.com/gis-data-lenga-maps/lulc/Tunisia/Tunisia_LULC.tif"
[17:16:35] 
[21/54] Senegal
[17:16:35]     bbox [-17.54, 12.31, -11.38, 16.69]
[17:16:35]     tiles to check: 6
[17:16:35]       tile N15W012: attempt 1 failed (ConnectionError: HTTPSConnectionPool(host='esa-worldcover.s3.eu-central-1.amazonaws.com', port=443): Max retries exceeded with url: /v200/2021/map/ESA_WorldCover_10m_2021_v200_N15W012_Map.tif (Caused by NameResolutionError("HTTPSConnection(host='esa-worldcover.s3.eu-central-1.amazonaws.com', port=443): Failed to resolve 'esa-worldcover.s3.eu-central-1.amazonaws.com' ([Errno 11001] getaddrinfo failed)"))) — retry in 2s
[17:16:37]       tile N15W012: attempt 2 failed (ConnectionError: HTTPSConnectionPool(host='esa-worldcover.s3.eu-central-1.amazonaws.com', port=443): Max retries exceeded with url: /v200/2021/map/ESA_WorldCover_10m_2021_v200_N15W012_Map.tif (Caused by NameResolutionError("HTTPSConnection(host='esa-worldcover.s3.eu-central-1.amazonaws.com', port=443): Failed to resolve 'esa-worldcover.s3.eu-central-1.amazonaws.com' ([Errno 11001] getaddrinfo failed)"))) — retry in 4s
[17:16:41]       WARNING: tile N15W012 failed after 3 attempts — HTTPSConnectionPool(host='esa-worldcover.s3.eu-central-1.amazonaws.com', port=443): Max retries exceeded with url: /v200/2021/map/ESA_WorldCover_10m_2021_v200_N15W012_Map.tif (Caused by NameResolutionError("HTTPSConnection(host='esa-worldcover.s3.eu-central-1.amazonaws.com', port=443): Failed to resolve 'esa-worldcover.s3.eu-central-1.amazonaws.com' ([Errno 11001] getaddrinfo failed)"))
[17:16:41]       tile N18W018: attempt 1 failed (ConnectionError: HTTPSConnectionPool(host='esa-worldcover.s3.eu-central-1.amazonaws.com', port=443): Max retries exceeded with url: /v200/2021/map/ESA_WorldCover_10m_2021_v200_N18W018_Map.tif (Caused by NameResolutionError("HTTPSConnection(host='esa-worldcover.s3.eu-central-1.amazonaws.com', port=443): Failed to resolve 'esa-worldcover.s3.eu-central-1.amazonaws.com' ([Errno 11001] getaddrinfo failed)"))) — retry in 2s
[17:16:43]       tile N18W018: attempt 2 failed (ConnectionError: HTTPSConnectionPool(host='esa-worldcover.s3.eu-central-1.amazonaws.com', port=443): Max retries exceeded with url: /v200/2021/map/ESA_WorldCover_10m_2021_v200_N18W018_Map.tif (Caused by NameResolutionError("HTTPSConnection(host='esa-worldcover.s3.eu-central-1.amazonaws.com', port=443): Failed to resolve 'esa-worldcover.s3.eu-central-1.amazonaws.com' ([Errno 11001] getaddrinfo failed)"))) — retry in 4s
[17:16:47]       WARNING: tile N18W018 failed after 3 attempts — HTTPSConnectionPool(host='esa-worldcover.s3.eu-central-1.amazonaws.com', port=443): Max retries exceeded with url: /v200/2021/map/ESA_WorldCover_10m_2021_v200_N18W018_Map.tif (Caused by NameResolutionError("HTTPSConnection(host='esa-worldcover.s3.eu-central-1.amazonaws.com', port=443): Failed to resolve 'esa-worldcover.s3.eu-central-1.amazonaws.com' ([Errno 11001] getaddrinfo failed)"))
[17:16:47]       tile N18W015: attempt 1 failed (ConnectionError: HTTPSConnectionPool(host='esa-worldcover.s3.eu-central-1.amazonaws.com', port=443): Max retries exceeded with url: /v200/2021/map/ESA_WorldCover_10m_2021_v200_N18W015_Map.tif (Caused by NameResolutionError("HTTPSConnection(host='esa-worldcover.s3.eu-central-1.amazonaws.com', port=443): Failed to resolve 'esa-worldcover.s3.eu-central-1.amazonaws.com' ([Errno 11001] getaddrinfo failed)"))) — retry in 2s
[17:16:49]       tile N18W015: attempt 2 failed (ConnectionError: HTTPSConnectionPool(host='esa-worldcover.s3.eu-central-1.amazonaws.com', port=443): Max retries exceeded with url: /v200/2021/map/ESA_WorldCover_10m_2021_v200_N18W015_Map.tif (Caused by NameResolutionError("HTTPSConnection(host='esa-worldcover.s3.eu-central-1.amazonaws.com', port=443): Failed to resolve 'esa-worldcover.s3.eu-central-1.amazonaws.com' ([Errno 11001] getaddrinfo failed)"))) — retry in 4s
[17:16:53]       WARNING: tile N18W015 failed after 3 attempts — HTTPSConnectionPool(host='esa-worldcover.s3.eu-central-1.amazonaws.com', port=443): Max retries exceeded with url: /v200/2021/map/ESA_WorldCover_10m_2021_v200_N18W015_Map.tif (Caused by NameResolutionError("HTTPSConnection(host='esa-worldcover.s3.eu-central-1.amazonaws.com', port=443): Failed to resolve 'esa-worldcover.s3.eu-central-1.amazonaws.com' ([Errno 11001] getaddrinfo failed)"))
[17:16:53]       tile N18W012: attempt 1 failed (ConnectionError: HTTPSConnectionPool(host='esa-worldcover.s3.eu-central-1.amazonaws.com', port=443): Max retries exceeded with url: /v200/2021/map/ESA_WorldCover_10m_2021_v200_N18W012_Map.tif (Caused by NameResolutionError("HTTPSConnection(host='esa-worldcover.s3.eu-central-1.amazonaws.com', port=443): Failed to resolve 'esa-worldcover.s3.eu-central-1.amazonaws.com' ([Errno 11001] getaddrinfo failed)"))) — retry in 2s
[17:16:55]       tile N18W012: attempt 2 failed (ConnectionError: HTTPSConnectionPool(host='esa-worldcover.s3.eu-central-1.amazonaws.com', port=443): Max retries exceeded with url: /v200/2021/map/ESA_WorldCover_10m_2021_v200_N18W012_Map.tif (Caused by NameResolutionError("HTTPSConnection(host='esa-worldcover.s3.eu-central-1.amazonaws.com', port=443): Failed to resolve 'esa-worldcover.s3.eu-central-1.amazonaws.com' ([Errno 11001] getaddrinfo failed)"))) — retry in 4s
[17:16:59]       WARNING: tile N18W012 failed after 3 attempts — HTTPSConnectionPool(host='esa-worldcover.s3.eu-central-1.amazonaws.com', port=443): Max retries exceeded with url: /v200/2021/map/ESA_WorldCover_10m_2021_v200_N18W012_Map.tif (Caused by NameResolutionError("HTTPSConnection(host='esa-worldcover.s3.eu-central-1.amazonaws.com', port=443): Failed to resolve 'esa-worldcover.s3.eu-central-1.amazonaws.com' ([Errno 11001] getaddrinfo failed)"))
[17:16:59]     tiles with data: 2
[17:17:21]               tile N15W018: clipped (24917×20165 px)
[17:17:42]               tile N15W015: clipped (30332×20298 px)
[17:18:23]     clipped shape: 55249×20298 px
[17:18:57]     COG finalized → Senegal_LULC.tif
[17:18:57]     COG size: 53.85 MB
[17:19:02]     ERROR: R2 upload failed — Could not connect to the endpoint URL: "https://2d7d8cc536086b35e2800be940b02d62.r2.cloudflarestorage.com/gis-data-lenga-maps/lulc/Senegal/Senegal_LULC.tif"
[17:19:02] 
[22/54] Ghana
[17:19:02]     bbox [-3.26, 4.74, 1.19, 11.16]
[17:19:02]     tiles to check: 9
[17:19:02]       tile N06W006: attempt 1 failed (ConnectionError: HTTPSConnectionPool(host='esa-worldcover.s3.eu-central-1.amazonaws.com', port=443): Max retries exceeded with url: /v200/2021/map/ESA_WorldCover_10m_2021_v200_N06W006_Map.tif (Caused by NameResolutionError("HTTPSConnection(host='esa-worldcover.s3.eu-central-1.amazonaws.com', port=443): Failed to resolve 'esa-worldcover.s3.eu-central-1.amazonaws.com' ([Errno 11001] getaddrinfo failed)"))) — retry in 2s
[17:19:04]       tile N06W006: attempt 2 failed (ConnectionError: HTTPSConnectionPool(host='esa-worldcover.s3.eu-central-1.amazonaws.com', port=443): Max retries exceeded with url: /v200/2021/map/ESA_WorldCover_10m_2021_v200_N06W006_Map.tif (Caused by NameResolutionError("HTTPSConnection(host='esa-worldcover.s3.eu-central-1.amazonaws.com', port=443): Failed to resolve 'esa-worldcover.s3.eu-central-1.amazonaws.com' ([Errno 11001] getaddrinfo failed)"))) — retry in 4s
[17:19:08]       WARNING: tile N06W006 failed after 3 attempts — HTTPSConnectionPool(host='esa-worldcover.s3.eu-central-1.amazonaws.com', port=443): Max retries exceeded with url: /v200/2021/map/ESA_WorldCover_10m_2021_v200_N06W006_Map.tif (Caused by NameResolutionError("HTTPSConnection(host='esa-worldcover.s3.eu-central-1.amazonaws.com', port=443): Failed to resolve 'esa-worldcover.s3.eu-central-1.amazonaws.com' ([Errno 11001] getaddrinfo failed)"))
[17:19:08]       tile N09W006: attempt 1 failed (ConnectionError: HTTPSConnectionPool(host='esa-worldcover.s3.eu-central-1.amazonaws.com', port=443): Max retries exceeded with url: /v200/2021/map/ESA_WorldCover_10m_2021_v200_N09W006_Map.tif (Caused by NameResolutionError("HTTPSConnection(host='esa-worldcover.s3.eu-central-1.amazonaws.com', port=443): Failed to resolve 'esa-worldcover.s3.eu-central-1.amazonaws.com' ([Errno 11001] getaddrinfo failed)"))) — retry in 2s
[17:19:10]       tile N09W006: attempt 2 failed (ConnectionError: HTTPSConnectionPool(host='esa-worldcover.s3.eu-central-1.amazonaws.com', port=443): Max retries exceeded with url: /v200/2021/map/ESA_WorldCover_10m_2021_v200_N09W006_Map.tif (Caused by NameResolutionError("HTTPSConnection(host='esa-worldcover.s3.eu-central-1.amazonaws.com', port=443): Failed to resolve 'esa-worldcover.s3.eu-central-1.amazonaws.com' ([Errno 11001] getaddrinfo failed)"))) — retry in 4s
[17:19:14]       WARNING: tile N09W006 failed after 3 attempts — HTTPSConnectionPool(host='esa-worldcover.s3.eu-central-1.amazonaws.com', port=443): Max retries exceeded with url: /v200/2021/map/ESA_WorldCover_10m_2021_v200_N09W006_Map.tif (Caused by NameResolutionError("HTTPSConnection(host='esa-worldcover.s3.eu-central-1.amazonaws.com', port=443): Failed to resolve 'esa-worldcover.s3.eu-central-1.amazonaws.com' ([Errno 11001] getaddrinfo failed)"))
[17:19:14]       tile N12W006: attempt 1 failed (ConnectionError: HTTPSConnectionPool(host='esa-worldcover.s3.eu-central-1.amazonaws.com', port=443): Max retries exceeded with url: /v200/2021/map/ESA_WorldCover_10m_2021_v200_N12W006_Map.tif (Caused by NameResolutionError("HTTPSConnection(host='esa-worldcover.s3.eu-central-1.amazonaws.com', port=443): Failed to resolve 'esa-worldcover.s3.eu-central-1.amazonaws.com' ([Errno 11001] getaddrinfo failed)"))) — retry in 2s
[17:21:19]       tile N12W006: downloaded (140.7 MB)
[17:21:19]     tiles with data: 7
[17:22:56]               tile N06W003: clipped (36000×36000 px)
[17:23:22]               tile N06E000: clipped (14257×36000 px)
[17:24:07]               tile N09W003: clipped (35192×25957 px)
[17:24:13]               tile N09E000: clipped (6453×25039 px)
[17:27:41]     clipped shape: 50257×61957 px
[17:30:21]     COG finalized → Ghana_LULC.tif
[17:30:21]     COG size: 233.40 MB
[17:39:06]     R2 upload: lulc/Ghana/Ghana_LULC.tif
[17:39:09]     Supabase: Ghana → lulc_layers
[17:39:09] 
[23/54] Uganda
[17:39:09]     bbox [29.55, -1.48, 35.01, 4.22]
[17:39:09]     tiles to check: 9
[17:40:50]       tile N00E033: downloaded (155.2 MB)
[17:42:14]       tile N03E027: downloaded (114.6 MB)
[17:43:37]       tile N03E030: downloaded (124.2 MB)
[17:44:40]       tile N03E033: downloaded (105.7 MB)
[17:47:12]       tile N06E027: downloaded (141.6 MB)
[17:48:45]       tile N06E030: downloaded (67.1 MB)
[17:51:12]       tile N06E033: downloaded (103.6 MB)
[17:51:12]     tiles with data: 9
[17:51:19]               tile N00E027: clipped (3582×10341 px)
[17:52:44]               tile N00E030: clipped (36000×36000 px)
[17:53:30]               tile N00E033: clipped (24079×36000 px)
[17:53:45]               tile N03E030: clipped (27076×10628 px)
[17:53:55]               tile N03E033: clipped (18774×14638 px)
[17:57:05]     clipped shape: 63661×50638 px
[17:59:53]     COG finalized → Uganda_LULC.tif
[17:59:54]     COG size: 249.80 MB
[18:14:08]     R2 upload: lulc/Uganda/Uganda_LULC.tif
[18:14:11]     Supabase: Uganda → lulc_layers
[18:14:11] 
[24/54] Guinea
[18:14:11]     bbox [-15.08, 7.19, -7.66, 12.67]
[18:14:11]     tiles to check: 12
[18:14:46]       tile N09W018: downloaded (10.9 MB)
[18:18:14]       tile N12W009: downloaded (136.9 MB)
[18:23:40]       tile N15W012: attempt 1 failed (ConnectionError: HTTPSConnectionPool(host='esa-worldcover.s3.eu-central-1.amazonaws.com', port=443): Read timed out.) — retry in 2s
[18:33:07]       tile N15W012: attempt 2 failed (ConnectionError: HTTPSConnectionPool(host='esa-worldcover.s3.eu-central-1.amazonaws.com', port=443): Read timed out.) — retry in 4s
[18:33:11]       WARNING: tile N15W012 failed after 3 attempts — HTTPSConnectionPool(host='esa-worldcover.s3.eu-central-1.amazonaws.com', port=443): Max retries exceeded with url: /v200/2021/map/ESA_WorldCover_10m_2021_v200_N15W012_Map.tif (Caused by NameResolutionError("HTTPSConnection(host='esa-worldcover.s3.eu-central-1.amazonaws.com', port=443): Failed to resolve 'esa-worldcover.s3.eu-central-1.amazonaws.com' ([Errno 11001] getaddrinfo failed)"))
[18:33:11]       tile N15W009: attempt 1 failed (ConnectionError: HTTPSConnectionPool(host='esa-worldcover.s3.eu-central-1.amazonaws.com', port=443): Max retries exceeded with url: /v200/2021/map/ESA_WorldCover_10m_2021_v200_N15W009_Map.tif (Caused by NameResolutionError("HTTPSConnection(host='esa-worldcover.s3.eu-central-1.amazonaws.com', port=443): Failed to resolve 'esa-worldcover.s3.eu-central-1.amazonaws.com' ([Errno 11001] getaddrinfo failed)"))) — retry in 2s
[18:33:13]       tile N15W009: attempt 2 failed (ConnectionError: HTTPSConnectionPool(host='esa-worldcover.s3.eu-central-1.amazonaws.com', port=443): Max retries exceeded with url: /v200/2021/map/ESA_WorldCover_10m_2021_v200_N15W009_Map.tif (Caused by NameResolutionError("HTTPSConnection(host='esa-worldcover.s3.eu-central-1.amazonaws.com', port=443): Failed to resolve 'esa-worldcover.s3.eu-central-1.amazonaws.com' ([Errno 11001] getaddrinfo failed)"))) — retry in 4s
[18:33:17]       WARNING: tile N15W009 failed after 3 attempts — HTTPSConnectionPool(host='esa-worldcover.s3.eu-central-1.amazonaws.com', port=443): Max retries exceeded with url: /v200/2021/map/ESA_WorldCover_10m_2021_v200_N15W009_Map.tif (Caused by NameResolutionError("HTTPSConnection(host='esa-worldcover.s3.eu-central-1.amazonaws.com', port=443): Failed to resolve 'esa-worldcover.s3.eu-central-1.amazonaws.com' ([Errno 11001] getaddrinfo failed)"))
[18:33:17]     tiles with data: 10
[18:33:18]               tile N09W018: clipped (975×2502 px)
[18:34:13]               tile N09W015: clipped (36000×35504 px)
[18:35:05]               tile N09W012: clipped (36000×36000 px)
[18:35:22]               tile N09W009: clipped (15040×36000 px)
[18:35:27]               tile N12W015: clipped (23672×8082 px)
[18:35:32]               tile N12W012: clipped (36000×5972 px)
[18:35:38]               tile N12W009: clipped (2203×4689 px)
[18:38:27]     clipped shape: 88015×44082 px
[18:41:22]     COG finalized → Guinea_LULC.tif
[18:41:22]     COG size: 304.13 MB
[18:41:32]     ERROR: R2 upload failed — Could not connect to the endpoint URL: "https://2d7d8cc536086b35e2800be940b02d62.r2.cloudflarestorage.com/gis-data-lenga-maps/lulc/Guinea/Guinea_LULC.tif"
[18:41:32] 
[25/54] Gabon
[18:41:32]     bbox [8.70, -3.94, 14.50, 2.32]
[18:41:32]     tiles to check: 9
[18:41:32]       tile S03E006: attempt 1 failed (ConnectionError: HTTPSConnectionPool(host='esa-worldcover.s3.eu-central-1.amazonaws.com', port=443): Max retries exceeded with url: /v200/2021/map/ESA_WorldCover_10m_2021_v200_S03E006_Map.tif (Caused by NameResolutionError("HTTPSConnection(host='esa-worldcover.s3.eu-central-1.amazonaws.com', port=443): Failed to resolve 'esa-worldcover.s3.eu-central-1.amazonaws.com' ([Errno 11001] getaddrinfo failed)"))) — retry in 2s
[18:41:34]       tile S03E006: attempt 2 failed (ConnectionError: HTTPSConnectionPool(host='esa-worldcover.s3.eu-central-1.amazonaws.com', port=443): Max retries exceeded with url: /v200/2021/map/ESA_WorldCover_10m_2021_v200_S03E006_Map.tif (Caused by NameResolutionError("HTTPSConnection(host='esa-worldcover.s3.eu-central-1.amazonaws.com', port=443): Failed to resolve 'esa-worldcover.s3.eu-central-1.amazonaws.com' ([Errno 11001] getaddrinfo failed)"))) — retry in 4s
[18:41:38]       WARNING: tile S03E006 failed after 3 attempts — HTTPSConnectionPool(host='esa-worldcover.s3.eu-central-1.amazonaws.com', port=443): Max retries exceeded with url: /v200/2021/map/ESA_WorldCover_10m_2021_v200_S03E006_Map.tif (Caused by NameResolutionError("HTTPSConnection(host='esa-worldcover.s3.eu-central-1.amazonaws.com', port=443): Failed to resolve 'esa-worldcover.s3.eu-central-1.amazonaws.com' ([Errno 11001] getaddrinfo failed)"))
[18:41:38]       tile S03E009: attempt 1 failed (ConnectionError: HTTPSConnectionPool(host='esa-worldcover.s3.eu-central-1.amazonaws.com', port=443): Max retries exceeded with url: /v200/2021/map/ESA_WorldCover_10m_2021_v200_S03E009_Map.tif (Caused by NameResolutionError("HTTPSConnection(host='esa-worldcover.s3.eu-central-1.amazonaws.com', port=443): Failed to resolve 'esa-worldcover.s3.eu-central-1.amazonaws.com' ([Errno 11001] getaddrinfo failed)"))) — retry in 2s
[18:41:40]       tile S03E009: attempt 2 failed (ConnectionError: HTTPSConnectionPool(host='esa-worldcover.s3.eu-central-1.amazonaws.com', port=443): Max retries exceeded with url: /v200/2021/map/ESA_WorldCover_10m_2021_v200_S03E009_Map.tif (Caused by NameResolutionError("HTTPSConnection(host='esa-worldcover.s3.eu-central-1.amazonaws.com', port=443): Failed to resolve 'esa-worldcover.s3.eu-central-1.amazonaws.com' ([Errno 11001] getaddrinfo failed)"))) — retry in 4s
[18:41:44]       WARNING: tile S03E009 failed after 3 attempts — HTTPSConnectionPool(host='esa-worldcover.s3.eu-central-1.amazonaws.com', port=443): Max retries exceeded with url: /v200/2021/map/ESA_WorldCover_10m_2021_v200_S03E009_Map.tif (Caused by NameResolutionError("HTTPSConnection(host='esa-worldcover.s3.eu-central-1.amazonaws.com', port=443): Failed to resolve 'esa-worldcover.s3.eu-central-1.amazonaws.com' ([Errno 11001] getaddrinfo failed)"))
[18:41:44]       tile S03E012: attempt 1 failed (ConnectionError: HTTPSConnectionPool(host='esa-worldcover.s3.eu-central-1.amazonaws.com', port=443): Max retries exceeded with url: /v200/2021/map/ESA_WorldCover_10m_2021_v200_S03E012_Map.tif (Caused by NameResolutionError("HTTPSConnection(host='esa-worldcover.s3.eu-central-1.amazonaws.com', port=443): Failed to resolve 'esa-worldcover.s3.eu-central-1.amazonaws.com' ([Errno 11001] getaddrinfo failed)"))) — retry in 2s
[18:41:46]       tile S03E012: attempt 2 failed (ConnectionError: HTTPSConnectionPool(host='esa-worldcover.s3.eu-central-1.amazonaws.com', port=443): Max retries exceeded with url: /v200/2021/map/ESA_WorldCover_10m_2021_v200_S03E012_Map.tif (Caused by NameResolutionError("HTTPSConnection(host='esa-worldcover.s3.eu-central-1.amazonaws.com', port=443): Failed to resolve 'esa-worldcover.s3.eu-central-1.amazonaws.com' ([Errno 11001] getaddrinfo failed)"))) — retry in 4s
[18:41:50]       WARNING: tile S03E012 failed after 3 attempts — HTTPSConnectionPool(host='esa-worldcover.s3.eu-central-1.amazonaws.com', port=443): Max retries exceeded with url: /v200/2021/map/ESA_WorldCover_10m_2021_v200_S03E012_Map.tif (Caused by NameResolutionError("HTTPSConnection(host='esa-worldcover.s3.eu-central-1.amazonaws.com', port=443): Failed to resolve 'esa-worldcover.s3.eu-central-1.amazonaws.com' ([Errno 11001] getaddrinfo failed)"))
[18:41:50]       tile N00E012: attempt 1 failed (ConnectionError: HTTPSConnectionPool(host='esa-worldcover.s3.eu-central-1.amazonaws.com', port=443): Max retries exceeded with url: /v200/2021/map/ESA_WorldCover_10m_2021_v200_N00E012_Map.tif (Caused by NameResolutionError("HTTPSConnection(host='esa-worldcover.s3.eu-central-1.amazonaws.com', port=443): Failed to resolve 'esa-worldcover.s3.eu-central-1.amazonaws.com' ([Errno 11001] getaddrinfo failed)"))) — retry in 2s
[18:41:52]       tile N00E012: attempt 2 failed (ConnectionError: HTTPSConnectionPool(host='esa-worldcover.s3.eu-central-1.amazonaws.com', port=443): Max retries exceeded with url: /v200/2021/map/ESA_WorldCover_10m_2021_v200_N00E012_Map.tif (Caused by NameResolutionError("HTTPSConnection(host='esa-worldcover.s3.eu-central-1.amazonaws.com', port=443): Failed to resolve 'esa-worldcover.s3.eu-central-1.amazonaws.com' ([Errno 11001] getaddrinfo failed)"))) — retry in 4s
[18:41:56]       WARNING: tile N00E012 failed after 3 attempts — HTTPSConnectionPool(host='esa-worldcover.s3.eu-central-1.amazonaws.com', port=443): Max retries exceeded with url: /v200/2021/map/ESA_WorldCover_10m_2021_v200_N00E012_Map.tif (Caused by NameResolutionError("HTTPSConnection(host='esa-worldcover.s3.eu-central-1.amazonaws.com', port=443): Failed to resolve 'esa-worldcover.s3.eu-central-1.amazonaws.com' ([Errno 11001] getaddrinfo failed)"))
[18:41:56]       tile N03E012: attempt 1 failed (ConnectionError: HTTPSConnectionPool(host='esa-worldcover.s3.eu-central-1.amazonaws.com', port=443): Max retries exceeded with url: /v200/2021/map/ESA_WorldCover_10m_2021_v200_N03E012_Map.tif (Caused by NameResolutionError("HTTPSConnection(host='esa-worldcover.s3.eu-central-1.amazonaws.com', port=443): Failed to resolve 'esa-worldcover.s3.eu-central-1.amazonaws.com' ([Errno 11001] getaddrinfo failed)"))) — retry in 2s
[18:41:58]       tile N03E012: attempt 2 failed (ConnectionError: HTTPSConnectionPool(host='esa-worldcover.s3.eu-central-1.amazonaws.com', port=443): Max retries exceeded with url: /v200/2021/map/ESA_WorldCover_10m_2021_v200_N03E012_Map.tif (Caused by NameResolutionError("HTTPSConnection(host='esa-worldcover.s3.eu-central-1.amazonaws.com', port=443): Failed to resolve 'esa-worldcover.s3.eu-central-1.amazonaws.com' ([Errno 11001] getaddrinfo failed)"))) — retry in 4s
[18:42:02]       WARNING: tile N03E012 failed after 3 attempts — HTTPSConnectionPool(host='esa-worldcover.s3.eu-central-1.amazonaws.com', port=443): Max retries exceeded with url: /v200/2021/map/ESA_WorldCover_10m_2021_v200_N03E012_Map.tif (Caused by NameResolutionError("HTTPSConnection(host='esa-worldcover.s3.eu-central-1.amazonaws.com', port=443): Failed to resolve 'esa-worldcover.s3.eu-central-1.amazonaws.com' ([Errno 11001] getaddrinfo failed)"))
[18:42:02]     tiles with data: 4
[18:42:36]               tile N00E009: clipped (32416×27872 px)
[18:42:57]     clipped shape: 32416×27872 px
[18:43:16]     COG finalized → Gabon_LULC.tif
[18:43:16]     COG size: 7.68 MB
[18:43:22]     ERROR: R2 upload failed — Could not connect to the endpoint URL: "https://2d7d8cc536086b35e2800be940b02d62.r2.cloudflarestorage.com/gis-data-lenga-maps/lulc/Gabon/Gabon_LULC.tif"
[18:43:22] 
[26/54] Burkina Faso
[18:43:22]     bbox [-5.52, 9.39, 2.39, 15.08]
[18:43:22]     tiles to check: 9
[18:43:22]       tile N15W006: attempt 1 failed (ConnectionError: HTTPSConnectionPool(host='esa-worldcover.s3.eu-central-1.amazonaws.com', port=443): Max retries exceeded with url: /v200/2021/map/ESA_WorldCover_10m_2021_v200_N15W006_Map.tif (Caused by NameResolutionError("HTTPSConnection(host='esa-worldcover.s3.eu-central-1.amazonaws.com', port=443): Failed to resolve 'esa-worldcover.s3.eu-central-1.amazonaws.com' ([Errno 11001] getaddrinfo failed)"))) — retry in 2s
[18:43:24]       tile N15W006: attempt 2 failed (ConnectionError: HTTPSConnectionPool(host='esa-worldcover.s3.eu-central-1.amazonaws.com', port=443): Max retries exceeded with url: /v200/2021/map/ESA_WorldCover_10m_2021_v200_N15W006_Map.tif (Caused by NameResolutionError("HTTPSConnection(host='esa-worldcover.s3.eu-central-1.amazonaws.com', port=443): Failed to resolve 'esa-worldcover.s3.eu-central-1.amazonaws.com' ([Errno 11001] getaddrinfo failed)"))) — retry in 4s
[18:43:28]       WARNING: tile N15W006 failed after 3 attempts — HTTPSConnectionPool(host='esa-worldcover.s3.eu-central-1.amazonaws.com', port=443): Max retries exceeded with url: /v200/2021/map/ESA_WorldCover_10m_2021_v200_N15W006_Map.tif (Caused by NameResolutionError("HTTPSConnection(host='esa-worldcover.s3.eu-central-1.amazonaws.com', port=443): Failed to resolve 'esa-worldcover.s3.eu-central-1.amazonaws.com' ([Errno 11001] getaddrinfo failed)"))
[18:43:28]       tile N15W003: attempt 1 failed (ConnectionError: HTTPSConnectionPool(host='esa-worldcover.s3.eu-central-1.amazonaws.com', port=443): Max retries exceeded with url: /v200/2021/map/ESA_WorldCover_10m_2021_v200_N15W003_Map.tif (Caused by NameResolutionError("HTTPSConnection(host='esa-worldcover.s3.eu-central-1.amazonaws.com', port=443): Failed to resolve 'esa-worldcover.s3.eu-central-1.amazonaws.com' ([Errno 11001] getaddrinfo failed)"))) — retry in 2s
[18:43:30]       tile N15W003: attempt 2 failed (ConnectionError: HTTPSConnectionPool(host='esa-worldcover.s3.eu-central-1.amazonaws.com', port=443): Max retries exceeded with url: /v200/2021/map/ESA_WorldCover_10m_2021_v200_N15W003_Map.tif (Caused by NameResolutionError("HTTPSConnection(host='esa-worldcover.s3.eu-central-1.amazonaws.com', port=443): Failed to resolve 'esa-worldcover.s3.eu-central-1.amazonaws.com' ([Errno 11001] getaddrinfo failed)"))) — retry in 4s
[18:43:34]       WARNING: tile N15W003 failed after 3 attempts — HTTPSConnectionPool(host='esa-worldcover.s3.eu-central-1.amazonaws.com', port=443): Max retries exceeded with url: /v200/2021/map/ESA_WorldCover_10m_2021_v200_N15W003_Map.tif (Caused by NameResolutionError("HTTPSConnection(host='esa-worldcover.s3.eu-central-1.amazonaws.com', port=443): Failed to resolve 'esa-worldcover.s3.eu-central-1.amazonaws.com' ([Errno 11001] getaddrinfo failed)"))
[18:43:34]       tile N18W006: attempt 1 failed (ConnectionError: HTTPSConnectionPool(host='esa-worldcover.s3.eu-central-1.amazonaws.com', port=443): Max retries exceeded with url: /v200/2021/map/ESA_WorldCover_10m_2021_v200_N18W006_Map.tif (Caused by NameResolutionError("HTTPSConnection(host='esa-worldcover.s3.eu-central-1.amazonaws.com', port=443): Failed to resolve 'esa-worldcover.s3.eu-central-1.amazonaws.com' ([Errno 11001] getaddrinfo failed)"))) — retry in 2s
[18:43:36]       tile N18W006: attempt 2 failed (ConnectionError: HTTPSConnectionPool(host='esa-worldcover.s3.eu-central-1.amazonaws.com', port=443): Max retries exceeded with url: /v200/2021/map/ESA_WorldCover_10m_2021_v200_N18W006_Map.tif (Caused by NameResolutionError("HTTPSConnection(host='esa-worldcover.s3.eu-central-1.amazonaws.com', port=443): Failed to resolve 'esa-worldcover.s3.eu-central-1.amazonaws.com' ([Errno 11001] getaddrinfo failed)"))) — retry in 4s
[18:43:40]       WARNING: tile N18W006 failed after 3 attempts — HTTPSConnectionPool(host='esa-worldcover.s3.eu-central-1.amazonaws.com', port=443): Max retries exceeded with url: /v200/2021/map/ESA_WorldCover_10m_2021_v200_N18W006_Map.tif (Caused by NameResolutionError("HTTPSConnection(host='esa-worldcover.s3.eu-central-1.amazonaws.com', port=443): Failed to resolve 'esa-worldcover.s3.eu-central-1.amazonaws.com' ([Errno 11001] getaddrinfo failed)"))
[18:43:40]       tile N18W003: attempt 1 failed (ConnectionError: HTTPSConnectionPool(host='esa-worldcover.s3.eu-central-1.amazonaws.com', port=443): Max retries exceeded with url: /v200/2021/map/ESA_WorldCover_10m_2021_v200_N18W003_Map.tif (Caused by NameResolutionError("HTTPSConnection(host='esa-worldcover.s3.eu-central-1.amazonaws.com', port=443): Failed to resolve 'esa-worldcover.s3.eu-central-1.amazonaws.com' ([Errno 11001] getaddrinfo failed)"))) — retry in 2s
[18:43:42]       tile N18W003: attempt 2 failed (ConnectionError: HTTPSConnectionPool(host='esa-worldcover.s3.eu-central-1.amazonaws.com', port=443): Max retries exceeded with url: /v200/2021/map/ESA_WorldCover_10m_2021_v200_N18W003_Map.tif (Caused by NameResolutionError("HTTPSConnection(host='esa-worldcover.s3.eu-central-1.amazonaws.com', port=443): Failed to resolve 'esa-worldcover.s3.eu-central-1.amazonaws.com' ([Errno 11001] getaddrinfo failed)"))) — retry in 4s
[18:43:46]       WARNING: tile N18W003 failed after 3 attempts — HTTPSConnectionPool(host='esa-worldcover.s3.eu-central-1.amazonaws.com', port=443): Max retries exceeded with url: /v200/2021/map/ESA_WorldCover_10m_2021_v200_N18W003_Map.tif (Caused by NameResolutionError("HTTPSConnection(host='esa-worldcover.s3.eu-central-1.amazonaws.com', port=443): Failed to resolve 'esa-worldcover.s3.eu-central-1.amazonaws.com' ([Errno 11001] getaddrinfo failed)"))
[18:43:46]       tile N18E000: attempt 1 failed (ConnectionError: HTTPSConnectionPool(host='esa-worldcover.s3.eu-central-1.amazonaws.com', port=443): Max retries exceeded with url: /v200/2021/map/ESA_WorldCover_10m_2021_v200_N18E000_Map.tif (Caused by NameResolutionError("HTTPSConnection(host='esa-worldcover.s3.eu-central-1.amazonaws.com', port=443): Failed to resolve 'esa-worldcover.s3.eu-central-1.amazonaws.com' ([Errno 11001] getaddrinfo failed)"))) — retry in 2s
[18:43:48]       tile N18E000: attempt 2 failed (ConnectionError: HTTPSConnectionPool(host='esa-worldcover.s3.eu-central-1.amazonaws.com', port=443): Max retries exceeded with url: /v200/2021/map/ESA_WorldCover_10m_2021_v200_N18E000_Map.tif (Caused by NameResolutionError("HTTPSConnection(host='esa-worldcover.s3.eu-central-1.amazonaws.com', port=443): Failed to resolve 'esa-worldcover.s3.eu-central-1.amazonaws.com' ([Errno 11001] getaddrinfo failed)"))) — retry in 4s
[18:43:53]       WARNING: tile N18E000 failed after 3 attempts — HTTPSConnectionPool(host='esa-worldcover.s3.eu-central-1.amazonaws.com', port=443): Max retries exceeded with url: /v200/2021/map/ESA_WorldCover_10m_2021_v200_N18E000_Map.tif (Caused by NameResolutionError("HTTPSConnection(host='esa-worldcover.s3.eu-central-1.amazonaws.com', port=443): Failed to resolve 'esa-worldcover.s3.eu-central-1.amazonaws.com' ([Errno 11001] getaddrinfo failed)"))
[18:43:53]     tiles with data: 4
[18:44:05]               tile N12W006: clipped (23597×20606 px)
[18:45:06]               tile N12W003: clipped (36000×36000 px)
[18:45:37]               tile N12E000: clipped (27534×35818 px)
[18:47:59]     clipped shape: 87131×36000 px
[18:49:49]     COG finalized → Burkina_Faso_LULC.tif
[18:49:49]     COG size: 212.53 MB
[18:49:56]     ERROR: R2 upload failed — Could not connect to the endpoint URL: "https://2d7d8cc536086b35e2800be940b02d62.r2.cloudflarestorage.com/gis-data-lenga-maps/lulc/Burkina_Faso/Burkina_Faso_LULC.tif"
[18:49:56] 
[27/54] Ivory Coast
[18:49:56]     bbox [-8.62, 4.34, -2.51, 10.73]
[18:49:56]     tiles to check: 9
[18:49:56]       tile N06W006: attempt 1 failed (ConnectionError: HTTPSConnectionPool(host='esa-worldcover.s3.eu-central-1.amazonaws.com', port=443): Max retries exceeded with url: /v200/2021/map/ESA_WorldCover_10m_2021_v200_N06W006_Map.tif (Caused by NameResolutionError("HTTPSConnection(host='esa-worldcover.s3.eu-central-1.amazonaws.com', port=443): Failed to resolve 'esa-worldcover.s3.eu-central-1.amazonaws.com' ([Errno 11001] getaddrinfo failed)"))) — retry in 2s
[18:49:58]       tile N06W006: attempt 2 failed (ConnectionError: HTTPSConnectionPool(host='esa-worldcover.s3.eu-central-1.amazonaws.com', port=443): Max retries exceeded with url: /v200/2021/map/ESA_WorldCover_10m_2021_v200_N06W006_Map.tif (Caused by NameResolutionError("HTTPSConnection(host='esa-worldcover.s3.eu-central-1.amazonaws.com', port=443): Failed to resolve 'esa-worldcover.s3.eu-central-1.amazonaws.com' ([Errno 11001] getaddrinfo failed)"))) — retry in 4s
[18:50:02]       WARNING: tile N06W006 failed after 3 attempts — HTTPSConnectionPool(host='esa-worldcover.s3.eu-central-1.amazonaws.com', port=443): Max retries exceeded with url: /v200/2021/map/ESA_WorldCover_10m_2021_v200_N06W006_Map.tif (Caused by NameResolutionError("HTTPSConnection(host='esa-worldcover.s3.eu-central-1.amazonaws.com', port=443): Failed to resolve 'esa-worldcover.s3.eu-central-1.amazonaws.com' ([Errno 11001] getaddrinfo failed)"))
[18:50:02]       tile N09W006: attempt 1 failed (ConnectionError: HTTPSConnectionPool(host='esa-worldcover.s3.eu-central-1.amazonaws.com', port=443): Max retries exceeded with url: /v200/2021/map/ESA_WorldCover_10m_2021_v200_N09W006_Map.tif (Caused by NameResolutionError("HTTPSConnection(host='esa-worldcover.s3.eu-central-1.amazonaws.com', port=443): Failed to resolve 'esa-worldcover.s3.eu-central-1.amazonaws.com' ([Errno 11001] getaddrinfo failed)"))) — retry in 2s
[18:50:04]       tile N09W006: attempt 2 failed (ConnectionError: HTTPSConnectionPool(host='esa-worldcover.s3.eu-central-1.amazonaws.com', port=443): Max retries exceeded with url: /v200/2021/map/ESA_WorldCover_10m_2021_v200_N09W006_Map.tif (Caused by NameResolutionError("HTTPSConnection(host='esa-worldcover.s3.eu-central-1.amazonaws.com', port=443): Failed to resolve 'esa-worldcover.s3.eu-central-1.amazonaws.com' ([Errno 11001] getaddrinfo failed)"))) — retry in 4s
[18:50:08]       WARNING: tile N09W006 failed after 3 attempts — HTTPSConnectionPool(host='esa-worldcover.s3.eu-central-1.amazonaws.com', port=443): Max retries exceeded with url: /v200/2021/map/ESA_WorldCover_10m_2021_v200_N09W006_Map.tif (Caused by NameResolutionError("HTTPSConnection(host='esa-worldcover.s3.eu-central-1.amazonaws.com', port=443): Failed to resolve 'esa-worldcover.s3.eu-central-1.amazonaws.com' ([Errno 11001] getaddrinfo failed)"))
[18:50:08]     tiles with data: 7
[18:50:54]               tile N06W009: clipped (31426×36000 px)
[18:51:03]               tile N06W003: clipped (5926×21929 px)
[18:51:18]               tile N09W009: clipped (26098×20719 px)
[18:51:19]               tile N09W003: clipped (4144×8623 px)
[18:51:55]     ERROR: clip-mosaic failed — Unable to allocate 1.05 GiB for an array with shape (1, 36000, 31426) and data type bool
[18:51:56] 
[28/54] Congo
[18:51:56]     bbox [11.11, -5.02, 18.64, 3.71]
[18:51:56]     tiles to check: 16
[18:51:56]       tile S03E009: attempt 1 failed (ConnectionError: HTTPSConnectionPool(host='esa-worldcover.s3.eu-central-1.amazonaws.com', port=443): Max retries exceeded with url: /v200/2021/map/ESA_WorldCover_10m_2021_v200_S03E009_Map.tif (Caused by NameResolutionError("HTTPSConnection(host='esa-worldcover.s3.eu-central-1.amazonaws.com', port=443): Failed to resolve 'esa-worldcover.s3.eu-central-1.amazonaws.com' ([Errno 11001] getaddrinfo failed)"))) — retry in 2s
[18:51:58]       tile S03E009: attempt 2 failed (ConnectionError: HTTPSConnectionPool(host='esa-worldcover.s3.eu-central-1.amazonaws.com', port=443): Max retries exceeded with url: /v200/2021/map/ESA_WorldCover_10m_2021_v200_S03E009_Map.tif (Caused by NameResolutionError("HTTPSConnection(host='esa-worldcover.s3.eu-central-1.amazonaws.com', port=443): Failed to resolve 'esa-worldcover.s3.eu-central-1.amazonaws.com' ([Errno 11001] getaddrinfo failed)"))) — retry in 4s
[18:52:02]       WARNING: tile S03E009 failed after 3 attempts — HTTPSConnectionPool(host='esa-worldcover.s3.eu-central-1.amazonaws.com', port=443): Max retries exceeded with url: /v200/2021/map/ESA_WorldCover_10m_2021_v200_S03E009_Map.tif (Caused by NameResolutionError("HTTPSConnection(host='esa-worldcover.s3.eu-central-1.amazonaws.com', port=443): Failed to resolve 'esa-worldcover.s3.eu-central-1.amazonaws.com' ([Errno 11001] getaddrinfo failed)"))
[18:52:02]       tile S03E012: attempt 1 failed (ConnectionError: HTTPSConnectionPool(host='esa-worldcover.s3.eu-central-1.amazonaws.com', port=443): Max retries exceeded with url: /v200/2021/map/ESA_WorldCover_10m_2021_v200_S03E012_Map.tif (Caused by NameResolutionError("HTTPSConnection(host='esa-worldcover.s3.eu-central-1.amazonaws.com', port=443): Failed to resolve 'esa-worldcover.s3.eu-central-1.amazonaws.com' ([Errno 11001] getaddrinfo failed)"))) — retry in 2s
[18:52:04]       tile S03E012: attempt 2 failed (ConnectionError: HTTPSConnectionPool(host='esa-worldcover.s3.eu-central-1.amazonaws.com', port=443): Max retries exceeded with url: /v200/2021/map/ESA_WorldCover_10m_2021_v200_S03E012_Map.tif (Caused by NameResolutionError("HTTPSConnection(host='esa-worldcover.s3.eu-central-1.amazonaws.com', port=443): Failed to resolve 'esa-worldcover.s3.eu-central-1.amazonaws.com' ([Errno 11001] getaddrinfo failed)"))) — retry in 4s
[18:52:08]       WARNING: tile S03E012 failed after 3 attempts — HTTPSConnectionPool(host='esa-worldcover.s3.eu-central-1.amazonaws.com', port=443): Max retries exceeded with url: /v200/2021/map/ESA_WorldCover_10m_2021_v200_S03E012_Map.tif (Caused by NameResolutionError("HTTPSConnection(host='esa-worldcover.s3.eu-central-1.amazonaws.com', port=443): Failed to resolve 'esa-worldcover.s3.eu-central-1.amazonaws.com' ([Errno 11001] getaddrinfo failed)"))
[18:52:08]       tile S03E015: attempt 1 failed (ConnectionError: HTTPSConnectionPool(host='esa-worldcover.s3.eu-central-1.amazonaws.com', port=443): Max retries exceeded with url: /v200/2021/map/ESA_WorldCover_10m_2021_v200_S03E015_Map.tif (Caused by NameResolutionError("HTTPSConnection(host='esa-worldcover.s3.eu-central-1.amazonaws.com', port=443): Failed to resolve 'esa-worldcover.s3.eu-central-1.amazonaws.com' ([Errno 11001] getaddrinfo failed)"))) — retry in 2s
[18:52:10]       tile S03E015: attempt 2 failed (ConnectionError: HTTPSConnectionPool(host='esa-worldcover.s3.eu-central-1.amazonaws.com', port=443): Max retries exceeded with url: /v200/2021/map/ESA_WorldCover_10m_2021_v200_S03E015_Map.tif (Caused by NameResolutionError("HTTPSConnection(host='esa-worldcover.s3.eu-central-1.amazonaws.com', port=443): Failed to resolve 'esa-worldcover.s3.eu-central-1.amazonaws.com' ([Errno 11001] getaddrinfo failed)"))) — retry in 4s
[18:52:14]       WARNING: tile S03E015 failed after 3 attempts — HTTPSConnectionPool(host='esa-worldcover.s3.eu-central-1.amazonaws.com', port=443): Max retries exceeded with url: /v200/2021/map/ESA_WorldCover_10m_2021_v200_S03E015_Map.tif (Caused by NameResolutionError("HTTPSConnection(host='esa-worldcover.s3.eu-central-1.amazonaws.com', port=443): Failed to resolve 'esa-worldcover.s3.eu-central-1.amazonaws.com' ([Errno 11001] getaddrinfo failed)"))
[18:52:14]       tile S03E018: attempt 1 failed (ConnectionError: HTTPSConnectionPool(host='esa-worldcover.s3.eu-central-1.amazonaws.com', port=443): Max retries exceeded with url: /v200/2021/map/ESA_WorldCover_10m_2021_v200_S03E018_Map.tif (Caused by NameResolutionError("HTTPSConnection(host='esa-worldcover.s3.eu-central-1.amazonaws.com', port=443): Failed to resolve 'esa-worldcover.s3.eu-central-1.amazonaws.com' ([Errno 11001] getaddrinfo failed)"))) — retry in 2s
[18:52:16]       tile S03E018: attempt 2 failed (ConnectionError: HTTPSConnectionPool(host='esa-worldcover.s3.eu-central-1.amazonaws.com', port=443): Max retries exceeded with url: /v200/2021/map/ESA_WorldCover_10m_2021_v200_S03E018_Map.tif (Caused by NameResolutionError("HTTPSConnection(host='esa-worldcover.s3.eu-central-1.amazonaws.com', port=443): Failed to resolve 'esa-worldcover.s3.eu-central-1.amazonaws.com' ([Errno 11001] getaddrinfo failed)"))) — retry in 4s
[18:52:20]       WARNING: tile S03E018 failed after 3 attempts — HTTPSConnectionPool(host='esa-worldcover.s3.eu-central-1.amazonaws.com', port=443): Max retries exceeded with url: /v200/2021/map/ESA_WorldCover_10m_2021_v200_S03E018_Map.tif (Caused by NameResolutionError("HTTPSConnection(host='esa-worldcover.s3.eu-central-1.amazonaws.com', port=443): Failed to resolve 'esa-worldcover.s3.eu-central-1.amazonaws.com' ([Errno 11001] getaddrinfo failed)"))
[18:52:20]       tile N00E012: attempt 1 failed (ConnectionError: HTTPSConnectionPool(host='esa-worldcover.s3.eu-central-1.amazonaws.com', port=443): Max retries exceeded with url: /v200/2021/map/ESA_WorldCover_10m_2021_v200_N00E012_Map.tif (Caused by NameResolutionError("HTTPSConnection(host='esa-worldcover.s3.eu-central-1.amazonaws.com', port=443): Failed to resolve 'esa-worldcover.s3.eu-central-1.amazonaws.com' ([Errno 11001] getaddrinfo failed)"))) — retry in 2s
[18:52:23]       tile N00E012: attempt 2 failed (ConnectionError: HTTPSConnectionPool(host='esa-worldcover.s3.eu-central-1.amazonaws.com', port=443): Max retries exceeded with url: /v200/2021/map/ESA_WorldCover_10m_2021_v200_N00E012_Map.tif (Caused by NameResolutionError("HTTPSConnection(host='esa-worldcover.s3.eu-central-1.amazonaws.com', port=443): Failed to resolve 'esa-worldcover.s3.eu-central-1.amazonaws.com' ([Errno 11001] getaddrinfo failed)"))) — retry in 4s
[18:52:27]       WARNING: tile N00E012 failed after 3 attempts — HTTPSConnectionPool(host='esa-worldcover.s3.eu-central-1.amazonaws.com', port=443): Max retries exceeded with url: /v200/2021/map/ESA_WorldCover_10m_2021_v200_N00E012_Map.tif (Caused by NameResolutionError("HTTPSConnection(host='esa-worldcover.s3.eu-central-1.amazonaws.com', port=443): Failed to resolve 'esa-worldcover.s3.eu-central-1.amazonaws.com' ([Errno 11001] getaddrinfo failed)"))
[18:52:27]       tile N00E015: attempt 1 failed (ConnectionError: HTTPSConnectionPool(host='esa-worldcover.s3.eu-central-1.amazonaws.com', port=443): Max retries exceeded with url: /v200/2021/map/ESA_WorldCover_10m_2021_v200_N00E015_Map.tif (Caused by NameResolutionError("HTTPSConnection(host='esa-worldcover.s3.eu-central-1.amazonaws.com', port=443): Failed to resolve 'esa-worldcover.s3.eu-central-1.amazonaws.com' ([Errno 11001] getaddrinfo failed)"))) — retry in 2s
[18:52:29]       tile N00E015: attempt 2 failed (ConnectionError: HTTPSConnectionPool(host='esa-worldcover.s3.eu-central-1.amazonaws.com', port=443): Max retries exceeded with url: /v200/2021/map/ESA_WorldCover_10m_2021_v200_N00E015_Map.tif (Caused by NameResolutionError("HTTPSConnection(host='esa-worldcover.s3.eu-central-1.amazonaws.com', port=443): Failed to resolve 'esa-worldcover.s3.eu-central-1.amazonaws.com' ([Errno 11001] getaddrinfo failed)"))) — retry in 4s
[18:52:33]       WARNING: tile N00E015 failed after 3 attempts — HTTPSConnectionPool(host='esa-worldcover.s3.eu-central-1.amazonaws.com', port=443): Max retries exceeded with url: /v200/2021/map/ESA_WorldCover_10m_2021_v200_N00E015_Map.tif (Caused by NameResolutionError("HTTPSConnection(host='esa-worldcover.s3.eu-central-1.amazonaws.com', port=443): Failed to resolve 'esa-worldcover.s3.eu-central-1.amazonaws.com' ([Errno 11001] getaddrinfo failed)"))
[18:52:33]       tile N00E018: attempt 1 failed (ConnectionError: HTTPSConnectionPool(host='esa-worldcover.s3.eu-central-1.amazonaws.com', port=443): Max retries exceeded with url: /v200/2021/map/ESA_WorldCover_10m_2021_v200_N00E018_Map.tif (Caused by NameResolutionError("HTTPSConnection(host='esa-worldcover.s3.eu-central-1.amazonaws.com', port=443): Failed to resolve 'esa-worldcover.s3.eu-central-1.amazonaws.com' ([Errno 11001] getaddrinfo failed)"))) — retry in 2s
[18:52:35]       tile N00E018: attempt 2 failed (ConnectionError: HTTPSConnectionPool(host='esa-worldcover.s3.eu-central-1.amazonaws.com', port=443): Max retries exceeded with url: /v200/2021/map/ESA_WorldCover_10m_2021_v200_N00E018_Map.tif (Caused by NameResolutionError("HTTPSConnection(host='esa-worldcover.s3.eu-central-1.amazonaws.com', port=443): Failed to resolve 'esa-worldcover.s3.eu-central-1.amazonaws.com' ([Errno 11001] getaddrinfo failed)"))) — retry in 4s
[18:52:39]       WARNING: tile N00E018 failed after 3 attempts — HTTPSConnectionPool(host='esa-worldcover.s3.eu-central-1.amazonaws.com', port=443): Max retries exceeded with url: /v200/2021/map/ESA_WorldCover_10m_2021_v200_N00E018_Map.tif (Caused by NameResolutionError("HTTPSConnection(host='esa-worldcover.s3.eu-central-1.amazonaws.com', port=443): Failed to resolve 'esa-worldcover.s3.eu-central-1.amazonaws.com' ([Errno 11001] getaddrinfo failed)"))
[18:52:39]       tile N03E012: attempt 1 failed (ConnectionError: HTTPSConnectionPool(host='esa-worldcover.s3.eu-central-1.amazonaws.com', port=443): Max retries exceeded with url: /v200/2021/map/ESA_WorldCover_10m_2021_v200_N03E012_Map.tif (Caused by NameResolutionError("HTTPSConnection(host='esa-worldcover.s3.eu-central-1.amazonaws.com', port=443): Failed to resolve 'esa-worldcover.s3.eu-central-1.amazonaws.com' ([Errno 11001] getaddrinfo failed)"))) — retry in 2s
[18:52:41]       tile N03E012: attempt 2 failed (ConnectionError: HTTPSConnectionPool(host='esa-worldcover.s3.eu-central-1.amazonaws.com', port=443): Max retries exceeded with url: /v200/2021/map/ESA_WorldCover_10m_2021_v200_N03E012_Map.tif (Caused by NameResolutionError("HTTPSConnection(host='esa-worldcover.s3.eu-central-1.amazonaws.com', port=443): Failed to resolve 'esa-worldcover.s3.eu-central-1.amazonaws.com' ([Errno 11001] getaddrinfo failed)"))) — retry in 4s
[18:52:45]       WARNING: tile N03E012 failed after 3 attempts — HTTPSConnectionPool(host='esa-worldcover.s3.eu-central-1.amazonaws.com', port=443): Max retries exceeded with url: /v200/2021/map/ESA_WorldCover_10m_2021_v200_N03E012_Map.tif (Caused by NameResolutionError("HTTPSConnection(host='esa-worldcover.s3.eu-central-1.amazonaws.com', port=443): Failed to resolve 'esa-worldcover.s3.eu-central-1.amazonaws.com' ([Errno 11001] getaddrinfo failed)"))
[18:52:45]       tile N03E015: attempt 1 failed (ConnectionError: HTTPSConnectionPool(host='esa-worldcover.s3.eu-central-1.amazonaws.com', port=443): Max retries exceeded with url: /v200/2021/map/ESA_WorldCover_10m_2021_v200_N03E015_Map.tif (Caused by NameResolutionError("HTTPSConnection(host='esa-worldcover.s3.eu-central-1.amazonaws.com', port=443): Failed to resolve 'esa-worldcover.s3.eu-central-1.amazonaws.com' ([Errno 11001] getaddrinfo failed)"))) — retry in 2s
[18:52:47]       tile N03E015: attempt 2 failed (ConnectionError: HTTPSConnectionPool(host='esa-worldcover.s3.eu-central-1.amazonaws.com', port=443): Max retries exceeded with url: /v200/2021/map/ESA_WorldCover_10m_2021_v200_N03E015_Map.tif (Caused by NameResolutionError("HTTPSConnection(host='esa-worldcover.s3.eu-central-1.amazonaws.com', port=443): Failed to resolve 'esa-worldcover.s3.eu-central-1.amazonaws.com' ([Errno 11001] getaddrinfo failed)"))) — retry in 4s
[18:52:51]       WARNING: tile N03E015 failed after 3 attempts — HTTPSConnectionPool(host='esa-worldcover.s3.eu-central-1.amazonaws.com', port=443): Max retries exceeded with url: /v200/2021/map/ESA_WorldCover_10m_2021_v200_N03E015_Map.tif (Caused by NameResolutionError("HTTPSConnection(host='esa-worldcover.s3.eu-central-1.amazonaws.com', port=443): Failed to resolve 'esa-worldcover.s3.eu-central-1.amazonaws.com' ([Errno 11001] getaddrinfo failed)"))
[18:52:51]       tile N03E018: attempt 1 failed (ConnectionError: HTTPSConnectionPool(host='esa-worldcover.s3.eu-central-1.amazonaws.com', port=443): Max retries exceeded with url: /v200/2021/map/ESA_WorldCover_10m_2021_v200_N03E018_Map.tif (Caused by NameResolutionError("HTTPSConnection(host='esa-worldcover.s3.eu-central-1.amazonaws.com', port=443): Failed to resolve 'esa-worldcover.s3.eu-central-1.amazonaws.com' ([Errno 11001] getaddrinfo failed)"))) — retry in 2s
[18:52:53]       tile N03E018: attempt 2 failed (ConnectionError: HTTPSConnectionPool(host='esa-worldcover.s3.eu-central-1.amazonaws.com', port=443): Max retries exceeded with url: /v200/2021/map/ESA_WorldCover_10m_2021_v200_N03E018_Map.tif (Caused by NameResolutionError("HTTPSConnection(host='esa-worldcover.s3.eu-central-1.amazonaws.com', port=443): Failed to resolve 'esa-worldcover.s3.eu-central-1.amazonaws.com' ([Errno 11001] getaddrinfo failed)"))) — retry in 4s
[18:52:57]       WARNING: tile N03E018 failed after 3 attempts — HTTPSConnectionPool(host='esa-worldcover.s3.eu-central-1.amazonaws.com', port=443): Max retries exceeded with url: /v200/2021/map/ESA_WorldCover_10m_2021_v200_N03E018_Map.tif (Caused by NameResolutionError("HTTPSConnection(host='esa-worldcover.s3.eu-central-1.amazonaws.com', port=443): Failed to resolve 'esa-worldcover.s3.eu-central-1.amazonaws.com' ([Errno 11001] getaddrinfo failed)"))
[18:52:57]       tile N06E012: attempt 1 failed (ConnectionError: HTTPSConnectionPool(host='esa-worldcover.s3.eu-central-1.amazonaws.com', port=443): Max retries exceeded with url: /v200/2021/map/ESA_WorldCover_10m_2021_v200_N06E012_Map.tif (Caused by NameResolutionError("HTTPSConnection(host='esa-worldcover.s3.eu-central-1.amazonaws.com', port=443): Failed to resolve 'esa-worldcover.s3.eu-central-1.amazonaws.com' ([Errno 11001] getaddrinfo failed)"))) — retry in 2s
[18:52:59]       tile N06E012: attempt 2 failed (ConnectionError: HTTPSConnectionPool(host='esa-worldcover.s3.eu-central-1.amazonaws.com', port=443): Max retries exceeded with url: /v200/2021/map/ESA_WorldCover_10m_2021_v200_N06E012_Map.tif (Caused by NameResolutionError("HTTPSConnection(host='esa-worldcover.s3.eu-central-1.amazonaws.com', port=443): Failed to resolve 'esa-worldcover.s3.eu-central-1.amazonaws.com' ([Errno 11001] getaddrinfo failed)"))) — retry in 4s
[18:53:03]       WARNING: tile N06E012 failed after 3 attempts — HTTPSConnectionPool(host='esa-worldcover.s3.eu-central-1.amazonaws.com', port=443): Max retries exceeded with url: /v200/2021/map/ESA_WorldCover_10m_2021_v200_N06E012_Map.tif (Caused by NameResolutionError("HTTPSConnection(host='esa-worldcover.s3.eu-central-1.amazonaws.com', port=443): Failed to resolve 'esa-worldcover.s3.eu-central-1.amazonaws.com' ([Errno 11001] getaddrinfo failed)"))
[18:53:03]       tile N06E015: attempt 1 failed (ConnectionError: HTTPSConnectionPool(host='esa-worldcover.s3.eu-central-1.amazonaws.com', port=443): Max retries exceeded with url: /v200/2021/map/ESA_WorldCover_10m_2021_v200_N06E015_Map.tif (Caused by NameResolutionError("HTTPSConnection(host='esa-worldcover.s3.eu-central-1.amazonaws.com', port=443): Failed to resolve 'esa-worldcover.s3.eu-central-1.amazonaws.com' ([Errno 11001] getaddrinfo failed)"))) — retry in 2s
[18:53:05]       tile N06E015: attempt 2 failed (ConnectionError: HTTPSConnectionPool(host='esa-worldcover.s3.eu-central-1.amazonaws.com', port=443): Max retries exceeded with url: /v200/2021/map/ESA_WorldCover_10m_2021_v200_N06E015_Map.tif (Caused by NameResolutionError("HTTPSConnection(host='esa-worldcover.s3.eu-central-1.amazonaws.com', port=443): Failed to resolve 'esa-worldcover.s3.eu-central-1.amazonaws.com' ([Errno 11001] getaddrinfo failed)"))) — retry in 4s
[18:53:09]       WARNING: tile N06E015 failed after 3 attempts — HTTPSConnectionPool(host='esa-worldcover.s3.eu-central-1.amazonaws.com', port=443): Max retries exceeded with url: /v200/2021/map/ESA_WorldCover_10m_2021_v200_N06E015_Map.tif (Caused by NameResolutionError("HTTPSConnection(host='esa-worldcover.s3.eu-central-1.amazonaws.com', port=443): Failed to resolve 'esa-worldcover.s3.eu-central-1.amazonaws.com' ([Errno 11001] getaddrinfo failed)"))
[18:53:09]       tile N06E018: attempt 1 failed (ConnectionError: HTTPSConnectionPool(host='esa-worldcover.s3.eu-central-1.amazonaws.com', port=443): Max retries exceeded with url: /v200/2021/map/ESA_WorldCover_10m_2021_v200_N06E018_Map.tif (Caused by NameResolutionError("HTTPSConnection(host='esa-worldcover.s3.eu-central-1.amazonaws.com', port=443): Failed to resolve 'esa-worldcover.s3.eu-central-1.amazonaws.com' ([Errno 11001] getaddrinfo failed)"))) — retry in 2s
[18:53:11]       tile N06E018: attempt 2 failed (ConnectionError: HTTPSConnectionPool(host='esa-worldcover.s3.eu-central-1.amazonaws.com', port=443): Max retries exceeded with url: /v200/2021/map/ESA_WorldCover_10m_2021_v200_N06E018_Map.tif (Caused by NameResolutionError("HTTPSConnection(host='esa-worldcover.s3.eu-central-1.amazonaws.com', port=443): Failed to resolve 'esa-worldcover.s3.eu-central-1.amazonaws.com' ([Errno 11001] getaddrinfo failed)"))) — retry in 4s
[18:53:15]       WARNING: tile N06E018 failed after 3 attempts — HTTPSConnectionPool(host='esa-worldcover.s3.eu-central-1.amazonaws.com', port=443): Max retries exceeded with url: /v200/2021/map/ESA_WorldCover_10m_2021_v200_N06E018_Map.tif (Caused by NameResolutionError("HTTPSConnection(host='esa-worldcover.s3.eu-central-1.amazonaws.com', port=443): Failed to resolve 'esa-worldcover.s3.eu-central-1.amazonaws.com' ([Errno 11001] getaddrinfo failed)"))
[18:53:15]     tiles with data: 3
[18:53:15]     NOTE: no valid land pixels found for Congo — skipping
[18:53:15] 
[29/54] Zimbabwe
[18:53:15]     bbox [25.22, -22.40, 33.04, -15.61]
[18:53:15]     tiles to check: 12
[18:53:15]       tile S21E024: attempt 1 failed (ConnectionError: HTTPSConnectionPool(host='esa-worldcover.s3.eu-central-1.amazonaws.com', port=443): Max retries exceeded with url: /v200/2021/map/ESA_WorldCover_10m_2021_v200_S21E024_Map.tif (Caused by NameResolutionError("HTTPSConnection(host='esa-worldcover.s3.eu-central-1.amazonaws.com', port=443): Failed to resolve 'esa-worldcover.s3.eu-central-1.amazonaws.com' ([Errno 11001] getaddrinfo failed)"))) — retry in 2s
[18:53:17]       tile S21E024: attempt 2 failed (ConnectionError: HTTPSConnectionPool(host='esa-worldcover.s3.eu-central-1.amazonaws.com', port=443): Max retries exceeded with url: /v200/2021/map/ESA_WorldCover_10m_2021_v200_S21E024_Map.tif (Caused by NameResolutionError("HTTPSConnection(host='esa-worldcover.s3.eu-central-1.amazonaws.com', port=443): Failed to resolve 'esa-worldcover.s3.eu-central-1.amazonaws.com' ([Errno 11001] getaddrinfo failed)"))) — retry in 4s
[18:53:21]       WARNING: tile S21E024 failed after 3 attempts — HTTPSConnectionPool(host='esa-worldcover.s3.eu-central-1.amazonaws.com', port=443): Max retries exceeded with url: /v200/2021/map/ESA_WorldCover_10m_2021_v200_S21E024_Map.tif (Caused by NameResolutionError("HTTPSConnection(host='esa-worldcover.s3.eu-central-1.amazonaws.com', port=443): Failed to resolve 'esa-worldcover.s3.eu-central-1.amazonaws.com' ([Errno 11001] getaddrinfo failed)"))
[18:53:21]       tile S21E027: attempt 1 failed (ConnectionError: HTTPSConnectionPool(host='esa-worldcover.s3.eu-central-1.amazonaws.com', port=443): Max retries exceeded with url: /v200/2021/map/ESA_WorldCover_10m_2021_v200_S21E027_Map.tif (Caused by NameResolutionError("HTTPSConnection(host='esa-worldcover.s3.eu-central-1.amazonaws.com', port=443): Failed to resolve 'esa-worldcover.s3.eu-central-1.amazonaws.com' ([Errno 11001] getaddrinfo failed)"))) — retry in 2s
[18:53:23]       tile S21E027: attempt 2 failed (ConnectionError: HTTPSConnectionPool(host='esa-worldcover.s3.eu-central-1.amazonaws.com', port=443): Max retries exceeded with url: /v200/2021/map/ESA_WorldCover_10m_2021_v200_S21E027_Map.tif (Caused by NameResolutionError("HTTPSConnection(host='esa-worldcover.s3.eu-central-1.amazonaws.com', port=443): Failed to resolve 'esa-worldcover.s3.eu-central-1.amazonaws.com' ([Errno 11001] getaddrinfo failed)"))) — retry in 4s
[18:53:27]       WARNING: tile S21E027 failed after 3 attempts — HTTPSConnectionPool(host='esa-worldcover.s3.eu-central-1.amazonaws.com', port=443): Max retries exceeded with url: /v200/2021/map/ESA_WorldCover_10m_2021_v200_S21E027_Map.tif (Caused by NameResolutionError("HTTPSConnection(host='esa-worldcover.s3.eu-central-1.amazonaws.com', port=443): Failed to resolve 'esa-worldcover.s3.eu-central-1.amazonaws.com' ([Errno 11001] getaddrinfo failed)"))
[18:53:27]       tile S21E030: attempt 1 failed (ConnectionError: HTTPSConnectionPool(host='esa-worldcover.s3.eu-central-1.amazonaws.com', port=443): Max retries exceeded with url: /v200/2021/map/ESA_WorldCover_10m_2021_v200_S21E030_Map.tif (Caused by NameResolutionError("HTTPSConnection(host='esa-worldcover.s3.eu-central-1.amazonaws.com', port=443): Failed to resolve 'esa-worldcover.s3.eu-central-1.amazonaws.com' ([Errno 11001] getaddrinfo failed)"))) — retry in 2s
[18:53:29]       tile S21E030: attempt 2 failed (ConnectionError: HTTPSConnectionPool(host='esa-worldcover.s3.eu-central-1.amazonaws.com', port=443): Max retries exceeded with url: /v200/2021/map/ESA_WorldCover_10m_2021_v200_S21E030_Map.tif (Caused by NameResolutionError("HTTPSConnection(host='esa-worldcover.s3.eu-central-1.amazonaws.com', port=443): Failed to resolve 'esa-worldcover.s3.eu-central-1.amazonaws.com' ([Errno 11001] getaddrinfo failed)"))) — retry in 4s
[18:53:33]       WARNING: tile S21E030 failed after 3 attempts — HTTPSConnectionPool(host='esa-worldcover.s3.eu-central-1.amazonaws.com', port=443): Max retries exceeded with url: /v200/2021/map/ESA_WorldCover_10m_2021_v200_S21E030_Map.tif (Caused by NameResolutionError("HTTPSConnection(host='esa-worldcover.s3.eu-central-1.amazonaws.com', port=443): Failed to resolve 'esa-worldcover.s3.eu-central-1.amazonaws.com' ([Errno 11001] getaddrinfo failed)"))
[18:53:33]       tile S21E033: attempt 1 failed (ConnectionError: HTTPSConnectionPool(host='esa-worldcover.s3.eu-central-1.amazonaws.com', port=443): Max retries exceeded with url: /v200/2021/map/ESA_WorldCover_10m_2021_v200_S21E033_Map.tif (Caused by NameResolutionError("HTTPSConnection(host='esa-worldcover.s3.eu-central-1.amazonaws.com', port=443): Failed to resolve 'esa-worldcover.s3.eu-central-1.amazonaws.com' ([Errno 11001] getaddrinfo failed)"))) — retry in 2s
[18:53:35]       tile S21E033: attempt 2 failed (ConnectionError: HTTPSConnectionPool(host='esa-worldcover.s3.eu-central-1.amazonaws.com', port=443): Max retries exceeded with url: /v200/2021/map/ESA_WorldCover_10m_2021_v200_S21E033_Map.tif (Caused by NameResolutionError("HTTPSConnection(host='esa-worldcover.s3.eu-central-1.amazonaws.com', port=443): Failed to resolve 'esa-worldcover.s3.eu-central-1.amazonaws.com' ([Errno 11001] getaddrinfo failed)"))) — retry in 4s
[18:53:39]       WARNING: tile S21E033 failed after 3 attempts — HTTPSConnectionPool(host='esa-worldcover.s3.eu-central-1.amazonaws.com', port=443): Max retries exceeded with url: /v200/2021/map/ESA_WorldCover_10m_2021_v200_S21E033_Map.tif (Caused by NameResolutionError("HTTPSConnection(host='esa-worldcover.s3.eu-central-1.amazonaws.com', port=443): Failed to resolve 'esa-worldcover.s3.eu-central-1.amazonaws.com' ([Errno 11001] getaddrinfo failed)"))
[18:53:39]       tile S18E024: attempt 1 failed (ConnectionError: HTTPSConnectionPool(host='esa-worldcover.s3.eu-central-1.amazonaws.com', port=443): Max retries exceeded with url: /v200/2021/map/ESA_WorldCover_10m_2021_v200_S18E024_Map.tif (Caused by NameResolutionError("HTTPSConnection(host='esa-worldcover.s3.eu-central-1.amazonaws.com', port=443): Failed to resolve 'esa-worldcover.s3.eu-central-1.amazonaws.com' ([Errno 11001] getaddrinfo failed)"))) — retry in 2s
[18:53:41]       tile S18E024: attempt 2 failed (ConnectionError: HTTPSConnectionPool(host='esa-worldcover.s3.eu-central-1.amazonaws.com', port=443): Max retries exceeded with url: /v200/2021/map/ESA_WorldCover_10m_2021_v200_S18E024_Map.tif (Caused by NameResolutionError("HTTPSConnection(host='esa-worldcover.s3.eu-central-1.amazonaws.com', port=443): Failed to resolve 'esa-worldcover.s3.eu-central-1.amazonaws.com' ([Errno 11001] getaddrinfo failed)"))) — retry in 4s
[18:53:45]       WARNING: tile S18E024 failed after 3 attempts — HTTPSConnectionPool(host='esa-worldcover.s3.eu-central-1.amazonaws.com', port=443): Max retries exceeded with url: /v200/2021/map/ESA_WorldCover_10m_2021_v200_S18E024_Map.tif (Caused by NameResolutionError("HTTPSConnection(host='esa-worldcover.s3.eu-central-1.amazonaws.com', port=443): Failed to resolve 'esa-worldcover.s3.eu-central-1.amazonaws.com' ([Errno 11001] getaddrinfo failed)"))
[18:53:45]       tile S18E027: attempt 1 failed (ConnectionError: HTTPSConnectionPool(host='esa-worldcover.s3.eu-central-1.amazonaws.com', port=443): Max retries exceeded with url: /v200/2021/map/ESA_WorldCover_10m_2021_v200_S18E027_Map.tif (Caused by NameResolutionError("HTTPSConnection(host='esa-worldcover.s3.eu-central-1.amazonaws.com', port=443): Failed to resolve 'esa-worldcover.s3.eu-central-1.amazonaws.com' ([Errno 11001] getaddrinfo failed)"))) — retry in 2s
[18:53:47]       tile S18E027: attempt 2 failed (ConnectionError: HTTPSConnectionPool(host='esa-worldcover.s3.eu-central-1.amazonaws.com', port=443): Max retries exceeded with url: /v200/2021/map/ESA_WorldCover_10m_2021_v200_S18E027_Map.tif (Caused by NameResolutionError("HTTPSConnection(host='esa-worldcover.s3.eu-central-1.amazonaws.com', port=443): Failed to resolve 'esa-worldcover.s3.eu-central-1.amazonaws.com' ([Errno 11001] getaddrinfo failed)"))) — retry in 4s
[18:53:51]       WARNING: tile S18E027 failed after 3 attempts — HTTPSConnectionPool(host='esa-worldcover.s3.eu-central-1.amazonaws.com', port=443): Max retries exceeded with url: /v200/2021/map/ESA_WorldCover_10m_2021_v200_S18E027_Map.tif (Caused by NameResolutionError("HTTPSConnection(host='esa-worldcover.s3.eu-central-1.amazonaws.com', port=443): Failed to resolve 'esa-worldcover.s3.eu-central-1.amazonaws.com' ([Errno 11001] getaddrinfo failed)"))
[18:53:51]       tile S18E030: attempt 1 failed (ConnectionError: HTTPSConnectionPool(host='esa-worldcover.s3.eu-central-1.amazonaws.com', port=443): Max retries exceeded with url: /v200/2021/map/ESA_WorldCover_10m_2021_v200_S18E030_Map.tif (Caused by NameResolutionError("HTTPSConnection(host='esa-worldcover.s3.eu-central-1.amazonaws.com', port=443): Failed to resolve 'esa-worldcover.s3.eu-central-1.amazonaws.com' ([Errno 11001] getaddrinfo failed)"))) — retry in 2s
[18:53:55]       tile S18E030: attempt 2 failed (ConnectionError: HTTPSConnectionPool(host='esa-worldcover.s3.eu-central-1.amazonaws.com', port=443): Max retries exceeded with url: /v200/2021/map/ESA_WorldCover_10m_2021_v200_S18E030_Map.tif (Caused by NameResolutionError("HTTPSConnection(host='esa-worldcover.s3.eu-central-1.amazonaws.com', port=443): Failed to resolve 'esa-worldcover.s3.eu-central-1.amazonaws.com' ([Errno 11001] getaddrinfo failed)"))) — retry in 4s
[18:53:59]       WARNING: tile S18E030 failed after 3 attempts — HTTPSConnectionPool(host='esa-worldcover.s3.eu-central-1.amazonaws.com', port=443): Max retries exceeded with url: /v200/2021/map/ESA_WorldCover_10m_2021_v200_S18E030_Map.tif (Caused by NameResolutionError("HTTPSConnection(host='esa-worldcover.s3.eu-central-1.amazonaws.com', port=443): Failed to resolve 'esa-worldcover.s3.eu-central-1.amazonaws.com' ([Errno 11001] getaddrinfo failed)"))
[18:53:59]       tile S18E033: attempt 1 failed (ConnectionError: HTTPSConnectionPool(host='esa-worldcover.s3.eu-central-1.amazonaws.com', port=443): Max retries exceeded with url: /v200/2021/map/ESA_WorldCover_10m_2021_v200_S18E033_Map.tif (Caused by NameResolutionError("HTTPSConnection(host='esa-worldcover.s3.eu-central-1.amazonaws.com', port=443): Failed to resolve 'esa-worldcover.s3.eu-central-1.amazonaws.com' ([Errno 11001] getaddrinfo failed)"))) — retry in 2s
[18:54:01]       tile S18E033: attempt 2 failed (ConnectionError: HTTPSConnectionPool(host='esa-worldcover.s3.eu-central-1.amazonaws.com', port=443): Max retries exceeded with url: /v200/2021/map/ESA_WorldCover_10m_2021_v200_S18E033_Map.tif (Caused by NameResolutionError("HTTPSConnection(host='esa-worldcover.s3.eu-central-1.amazonaws.com', port=443): Failed to resolve 'esa-worldcover.s3.eu-central-1.amazonaws.com' ([Errno 11001] getaddrinfo failed)"))) — retry in 4s
[18:54:05]       WARNING: tile S18E033 failed after 3 attempts — HTTPSConnectionPool(host='esa-worldcover.s3.eu-central-1.amazonaws.com', port=443): Max retries exceeded with url: /v200/2021/map/ESA_WorldCover_10m_2021_v200_S18E033_Map.tif (Caused by NameResolutionError("HTTPSConnection(host='esa-worldcover.s3.eu-central-1.amazonaws.com', port=443): Failed to resolve 'esa-worldcover.s3.eu-central-1.amazonaws.com' ([Errno 11001] getaddrinfo failed)"))
[18:54:05]       tile S15E024: attempt 1 failed (ConnectionError: HTTPSConnectionPool(host='esa-worldcover.s3.eu-central-1.amazonaws.com', port=443): Max retries exceeded with url: /v200/2021/map/ESA_WorldCover_10m_2021_v200_S15E024_Map.tif (Caused by NameResolutionError("HTTPSConnection(host='esa-worldcover.s3.eu-central-1.amazonaws.com', port=443): Failed to resolve 'esa-worldcover.s3.eu-central-1.amazonaws.com' ([Errno 11001] getaddrinfo failed)"))) — retry in 2s
[18:54:07]       tile S15E024: attempt 2 failed (ConnectionError: HTTPSConnectionPool(host='esa-worldcover.s3.eu-central-1.amazonaws.com', port=443): Max retries exceeded with url: /v200/2021/map/ESA_WorldCover_10m_2021_v200_S15E024_Map.tif (Caused by NameResolutionError("HTTPSConnection(host='esa-worldcover.s3.eu-central-1.amazonaws.com', port=443): Failed to resolve 'esa-worldcover.s3.eu-central-1.amazonaws.com' ([Errno 11001] getaddrinfo failed)"))) — retry in 4s
[18:54:11]       WARNING: tile S15E024 failed after 3 attempts — HTTPSConnectionPool(host='esa-worldcover.s3.eu-central-1.amazonaws.com', port=443): Max retries exceeded with url: /v200/2021/map/ESA_WorldCover_10m_2021_v200_S15E024_Map.tif (Caused by NameResolutionError("HTTPSConnection(host='esa-worldcover.s3.eu-central-1.amazonaws.com', port=443): Failed to resolve 'esa-worldcover.s3.eu-central-1.amazonaws.com' ([Errno 11001] getaddrinfo failed)"))
[18:54:11]       tile S15E027: attempt 1 failed (ConnectionError: HTTPSConnectionPool(host='esa-worldcover.s3.eu-central-1.amazonaws.com', port=443): Max retries exceeded with url: /v200/2021/map/ESA_WorldCover_10m_2021_v200_S15E027_Map.tif (Caused by NameResolutionError("HTTPSConnection(host='esa-worldcover.s3.eu-central-1.amazonaws.com', port=443): Failed to resolve 'esa-worldcover.s3.eu-central-1.amazonaws.com' ([Errno 11001] getaddrinfo failed)"))) — retry in 2s
[18:54:13]       tile S15E027: attempt 2 failed (ConnectionError: HTTPSConnectionPool(host='esa-worldcover.s3.eu-central-1.amazonaws.com', port=443): Max retries exceeded with url: /v200/2021/map/ESA_WorldCover_10m_2021_v200_S15E027_Map.tif (Caused by NameResolutionError("HTTPSConnection(host='esa-worldcover.s3.eu-central-1.amazonaws.com', port=443): Failed to resolve 'esa-worldcover.s3.eu-central-1.amazonaws.com' ([Errno 11001] getaddrinfo failed)"))) — retry in 4s
[18:54:17]       WARNING: tile S15E027 failed after 3 attempts — HTTPSConnectionPool(host='esa-worldcover.s3.eu-central-1.amazonaws.com', port=443): Max retries exceeded with url: /v200/2021/map/ESA_WorldCover_10m_2021_v200_S15E027_Map.tif (Caused by NameResolutionError("HTTPSConnection(host='esa-worldcover.s3.eu-central-1.amazonaws.com', port=443): Failed to resolve 'esa-worldcover.s3.eu-central-1.amazonaws.com' ([Errno 11001] getaddrinfo failed)"))
[18:54:17]     tiles with data: 2
[18:54:17]     NOTE: no valid land pixels found for Zimbabwe — skipping
[18:54:17] 
[30/54] Morocco
[18:54:17]     bbox [-17.01, 21.42, -1.03, 35.93]
[18:54:17]     tiles to check: 36
[18:54:17]       tile N24W018: attempt 1 failed (ConnectionError: HTTPSConnectionPool(host='esa-worldcover.s3.eu-central-1.amazonaws.com', port=443): Max retries exceeded with url: /v200/2021/map/ESA_WorldCover_10m_2021_v200_N24W018_Map.tif (Caused by NameResolutionError("HTTPSConnection(host='esa-worldcover.s3.eu-central-1.amazonaws.com', port=443): Failed to resolve 'esa-worldcover.s3.eu-central-1.amazonaws.com' ([Errno 11001] getaddrinfo failed)"))) — retry in 2s
[18:54:19]       tile N24W018: attempt 2 failed (ConnectionError: HTTPSConnectionPool(host='esa-worldcover.s3.eu-central-1.amazonaws.com', port=443): Max retries exceeded with url: /v200/2021/map/ESA_WorldCover_10m_2021_v200_N24W018_Map.tif (Caused by NameResolutionError("HTTPSConnection(host='esa-worldcover.s3.eu-central-1.amazonaws.com', port=443): Failed to resolve 'esa-worldcover.s3.eu-central-1.amazonaws.com' ([Errno 11001] getaddrinfo failed)"))) — retry in 4s
[18:54:23]       WARNING: tile N24W018 failed after 3 attempts — HTTPSConnectionPool(host='esa-worldcover.s3.eu-central-1.amazonaws.com', port=443): Max retries exceeded with url: /v200/2021/map/ESA_WorldCover_10m_2021_v200_N24W018_Map.tif (Caused by NameResolutionError("HTTPSConnection(host='esa-worldcover.s3.eu-central-1.amazonaws.com', port=443): Failed to resolve 'esa-worldcover.s3.eu-central-1.amazonaws.com' ([Errno 11001] getaddrinfo failed)"))
[18:54:23]       tile N24W015: attempt 1 failed (ConnectionError: HTTPSConnectionPool(host='esa-worldcover.s3.eu-central-1.amazonaws.com', port=443): Max retries exceeded with url: /v200/2021/map/ESA_WorldCover_10m_2021_v200_N24W015_Map.tif (Caused by NameResolutionError("HTTPSConnection(host='esa-worldcover.s3.eu-central-1.amazonaws.com', port=443): Failed to resolve 'esa-worldcover.s3.eu-central-1.amazonaws.com' ([Errno 11001] getaddrinfo failed)"))) — retry in 2s
[18:54:25]       tile N24W015: attempt 2 failed (ConnectionError: HTTPSConnectionPool(host='esa-worldcover.s3.eu-central-1.amazonaws.com', port=443): Max retries exceeded with url: /v200/2021/map/ESA_WorldCover_10m_2021_v200_N24W015_Map.tif (Caused by NameResolutionError("HTTPSConnection(host='esa-worldcover.s3.eu-central-1.amazonaws.com', port=443): Failed to resolve 'esa-worldcover.s3.eu-central-1.amazonaws.com' ([Errno 11001] getaddrinfo failed)"))) — retry in 4s
[18:54:29]       WARNING: tile N24W015 failed after 3 attempts — HTTPSConnectionPool(host='esa-worldcover.s3.eu-central-1.amazonaws.com', port=443): Max retries exceeded with url: /v200/2021/map/ESA_WorldCover_10m_2021_v200_N24W015_Map.tif (Caused by NameResolutionError("HTTPSConnection(host='esa-worldcover.s3.eu-central-1.amazonaws.com', port=443): Failed to resolve 'esa-worldcover.s3.eu-central-1.amazonaws.com' ([Errno 11001] getaddrinfo failed)"))
[18:54:29]       tile N24W012: attempt 1 failed (ConnectionError: HTTPSConnectionPool(host='esa-worldcover.s3.eu-central-1.amazonaws.com', port=443): Max retries exceeded with url: /v200/2021/map/ESA_WorldCover_10m_2021_v200_N24W012_Map.tif (Caused by NameResolutionError("HTTPSConnection(host='esa-worldcover.s3.eu-central-1.amazonaws.com', port=443): Failed to resolve 'esa-worldcover.s3.eu-central-1.amazonaws.com' ([Errno 11001] getaddrinfo failed)"))) — retry in 2s
[18:54:31]       tile N24W012: attempt 2 failed (ConnectionError: HTTPSConnectionPool(host='esa-worldcover.s3.eu-central-1.amazonaws.com', port=443): Max retries exceeded with url: /v200/2021/map/ESA_WorldCover_10m_2021_v200_N24W012_Map.tif (Caused by NameResolutionError("HTTPSConnection(host='esa-worldcover.s3.eu-central-1.amazonaws.com', port=443): Failed to resolve 'esa-worldcover.s3.eu-central-1.amazonaws.com' ([Errno 11001] getaddrinfo failed)"))) — retry in 4s
[18:54:35]       WARNING: tile N24W012 failed after 3 attempts — HTTPSConnectionPool(host='esa-worldcover.s3.eu-central-1.amazonaws.com', port=443): Max retries exceeded with url: /v200/2021/map/ESA_WorldCover_10m_2021_v200_N24W012_Map.tif (Caused by NameResolutionError("HTTPSConnection(host='esa-worldcover.s3.eu-central-1.amazonaws.com', port=443): Failed to resolve 'esa-worldcover.s3.eu-central-1.amazonaws.com' ([Errno 11001] getaddrinfo failed)"))
[18:54:35]       tile N24W009: attempt 1 failed (ConnectionError: HTTPSConnectionPool(host='esa-worldcover.s3.eu-central-1.amazonaws.com', port=443): Max retries exceeded with url: /v200/2021/map/ESA_WorldCover_10m_2021_v200_N24W009_Map.tif (Caused by NameResolutionError("HTTPSConnection(host='esa-worldcover.s3.eu-central-1.amazonaws.com', port=443): Failed to resolve 'esa-worldcover.s3.eu-central-1.amazonaws.com' ([Errno 11001] getaddrinfo failed)"))) — retry in 2s
[18:54:37]       tile N24W009: attempt 2 failed (ConnectionError: HTTPSConnectionPool(host='esa-worldcover.s3.eu-central-1.amazonaws.com', port=443): Max retries exceeded with url: /v200/2021/map/ESA_WorldCover_10m_2021_v200_N24W009_Map.tif (Caused by NameResolutionError("HTTPSConnection(host='esa-worldcover.s3.eu-central-1.amazonaws.com', port=443): Failed to resolve 'esa-worldcover.s3.eu-central-1.amazonaws.com' ([Errno 11001] getaddrinfo failed)"))) — retry in 4s
[18:54:41]       WARNING: tile N24W009 failed after 3 attempts — HTTPSConnectionPool(host='esa-worldcover.s3.eu-central-1.amazonaws.com', port=443): Max retries exceeded with url: /v200/2021/map/ESA_WorldCover_10m_2021_v200_N24W009_Map.tif (Caused by NameResolutionError("HTTPSConnection(host='esa-worldcover.s3.eu-central-1.amazonaws.com', port=443): Failed to resolve 'esa-worldcover.s3.eu-central-1.amazonaws.com' ([Errno 11001] getaddrinfo failed)"))
[18:54:41]       tile N24W006: attempt 1 failed (ConnectionError: HTTPSConnectionPool(host='esa-worldcover.s3.eu-central-1.amazonaws.com', port=443): Max retries exceeded with url: /v200/2021/map/ESA_WorldCover_10m_2021_v200_N24W006_Map.tif (Caused by NameResolutionError("HTTPSConnection(host='esa-worldcover.s3.eu-central-1.amazonaws.com', port=443): Failed to resolve 'esa-worldcover.s3.eu-central-1.amazonaws.com' ([Errno 11001] getaddrinfo failed)"))) — retry in 2s
[18:54:43]       tile N24W006: attempt 2 failed (ConnectionError: HTTPSConnectionPool(host='esa-worldcover.s3.eu-central-1.amazonaws.com', port=443): Max retries exceeded with url: /v200/2021/map/ESA_WorldCover_10m_2021_v200_N24W006_Map.tif (Caused by NameResolutionError("HTTPSConnection(host='esa-worldcover.s3.eu-central-1.amazonaws.com', port=443): Failed to resolve 'esa-worldcover.s3.eu-central-1.amazonaws.com' ([Errno 11001] getaddrinfo failed)"))) — retry in 4s
[18:54:47]       WARNING: tile N24W006 failed after 3 attempts — HTTPSConnectionPool(host='esa-worldcover.s3.eu-central-1.amazonaws.com', port=443): Max retries exceeded with url: /v200/2021/map/ESA_WorldCover_10m_2021_v200_N24W006_Map.tif (Caused by NameResolutionError("HTTPSConnection(host='esa-worldcover.s3.eu-central-1.amazonaws.com', port=443): Failed to resolve 'esa-worldcover.s3.eu-central-1.amazonaws.com' ([Errno 11001] getaddrinfo failed)"))
[18:54:48]       tile N24W003: attempt 1 failed (ConnectionError: HTTPSConnectionPool(host='esa-worldcover.s3.eu-central-1.amazonaws.com', port=443): Max retries exceeded with url: /v200/2021/map/ESA_WorldCover_10m_2021_v200_N24W003_Map.tif (Caused by NameResolutionError("HTTPSConnection(host='esa-worldcover.s3.eu-central-1.amazonaws.com', port=443): Failed to resolve 'esa-worldcover.s3.eu-central-1.amazonaws.com' ([Errno 11001] getaddrinfo failed)"))) — retry in 2s
[20:35:09]       tile N24W003: attempt 2 failed (ConnectionError: HTTPSConnectionPool(host='esa-worldcover.s3.eu-central-1.amazonaws.com', port=443): Max retries exceeded with url: /v200/2021/map/ESA_WorldCover_10m_2021_v200_N24W003_Map.tif (Caused by NameResolutionError("HTTPSConnection(host='esa-worldcover.s3.eu-central-1.amazonaws.com', port=443): Failed to resolve 'esa-worldcover.s3.eu-central-1.amazonaws.com' ([Errno 11001] getaddrinfo failed)"))) — retry in 4s
[20:35:13]       WARNING: tile N24W003 failed after 3 attempts — HTTPSConnectionPool(host='esa-worldcover.s3.eu-central-1.amazonaws.com', port=443): Max retries exceeded with url: /v200/2021/map/ESA_WorldCover_10m_2021_v200_N24W003_Map.tif (Caused by NameResolutionError("HTTPSConnection(host='esa-worldcover.s3.eu-central-1.amazonaws.com', port=443): Failed to resolve 'esa-worldcover.s3.eu-central-1.amazonaws.com' ([Errno 11001] getaddrinfo failed)"))
[20:35:13]       tile N27W018: attempt 1 failed (ConnectionError: HTTPSConnectionPool(host='esa-worldcover.s3.eu-central-1.amazonaws.com', port=443): Max retries exceeded with url: /v200/2021/map/ESA_WorldCover_10m_2021_v200_N27W018_Map.tif (Caused by NameResolutionError("HTTPSConnection(host='esa-worldcover.s3.eu-central-1.amazonaws.com', port=443): Failed to resolve 'esa-worldcover.s3.eu-central-1.amazonaws.com' ([Errno 11001] getaddrinfo failed)"))) — retry in 2s
[20:35:15]       tile N27W018: attempt 2 failed (ConnectionError: HTTPSConnectionPool(host='esa-worldcover.s3.eu-central-1.amazonaws.com', port=443): Max retries exceeded with url: /v200/2021/map/ESA_WorldCover_10m_2021_v200_N27W018_Map.tif (Caused by NameResolutionError("HTTPSConnection(host='esa-worldcover.s3.eu-central-1.amazonaws.com', port=443): Failed to resolve 'esa-worldcover.s3.eu-central-1.amazonaws.com' ([Errno 11001] getaddrinfo failed)"))) — retry in 4s
[20:35:19]       WARNING: tile N27W018 failed after 3 attempts — HTTPSConnectionPool(host='esa-worldcover.s3.eu-central-1.amazonaws.com', port=443): Max retries exceeded with url: /v200/2021/map/ESA_WorldCover_10m_2021_v200_N27W018_Map.tif (Caused by NameResolutionError("HTTPSConnection(host='esa-worldcover.s3.eu-central-1.amazonaws.com', port=443): Failed to resolve 'esa-worldcover.s3.eu-central-1.amazonaws.com' ([Errno 11001] getaddrinfo failed)"))
[20:35:19]       tile N27W015: attempt 1 failed (ConnectionError: HTTPSConnectionPool(host='esa-worldcover.s3.eu-central-1.amazonaws.com', port=443): Max retries exceeded with url: /v200/2021/map/ESA_WorldCover_10m_2021_v200_N27W015_Map.tif (Caused by NameResolutionError("HTTPSConnection(host='esa-worldcover.s3.eu-central-1.amazonaws.com', port=443): Failed to resolve 'esa-worldcover.s3.eu-central-1.amazonaws.com' ([Errno 11001] getaddrinfo failed)"))) — retry in 2s
[20:35:21]       tile N27W015: attempt 2 failed (ConnectionError: HTTPSConnectionPool(host='esa-worldcover.s3.eu-central-1.amazonaws.com', port=443): Max retries exceeded with url: /v200/2021/map/ESA_WorldCover_10m_2021_v200_N27W015_Map.tif (Caused by NameResolutionError("HTTPSConnection(host='esa-worldcover.s3.eu-central-1.amazonaws.com', port=443): Failed to resolve 'esa-worldcover.s3.eu-central-1.amazonaws.com' ([Errno 11001] getaddrinfo failed)"))) — retry in 4s
[20:35:25]       WARNING: tile N27W015 failed after 3 attempts — HTTPSConnectionPool(host='esa-worldcover.s3.eu-central-1.amazonaws.com', port=443): Max retries exceeded with url: /v200/2021/map/ESA_WorldCover_10m_2021_v200_N27W015_Map.tif (Caused by NameResolutionError("HTTPSConnection(host='esa-worldcover.s3.eu-central-1.amazonaws.com', port=443): Failed to resolve 'esa-worldcover.s3.eu-central-1.amazonaws.com' ([Errno 11001] getaddrinfo failed)"))
[20:35:25]       tile N27W012: attempt 1 failed (ConnectionError: HTTPSConnectionPool(host='esa-worldcover.s3.eu-central-1.amazonaws.com', port=443): Max retries exceeded with url: /v200/2021/map/ESA_WorldCover_10m_2021_v200_N27W012_Map.tif (Caused by NameResolutionError("HTTPSConnection(host='esa-worldcover.s3.eu-central-1.amazonaws.com', port=443): Failed to resolve 'esa-worldcover.s3.eu-central-1.amazonaws.com' ([Errno 11001] getaddrinfo failed)"))) — retry in 2s
[20:35:27]       tile N27W012: attempt 2 failed (ConnectionError: HTTPSConnectionPool(host='esa-worldcover.s3.eu-central-1.amazonaws.com', port=443): Max retries exceeded with url: /v200/2021/map/ESA_WorldCover_10m_2021_v200_N27W012_Map.tif (Caused by NameResolutionError("HTTPSConnection(host='esa-worldcover.s3.eu-central-1.amazonaws.com', port=443): Failed to resolve 'esa-worldcover.s3.eu-central-1.amazonaws.com' ([Errno 11001] getaddrinfo failed)"))) — retry in 4s
[20:35:31]       WARNING: tile N27W012 failed after 3 attempts — HTTPSConnectionPool(host='esa-worldcover.s3.eu-central-1.amazonaws.com', port=443): Max retries exceeded with url: /v200/2021/map/ESA_WorldCover_10m_2021_v200_N27W012_Map.tif (Caused by NameResolutionError("HTTPSConnection(host='esa-worldcover.s3.eu-central-1.amazonaws.com', port=443): Failed to resolve 'esa-worldcover.s3.eu-central-1.amazonaws.com' ([Errno 11001] getaddrinfo failed)"))
[20:35:31]       tile N27W009: attempt 1 failed (ConnectionError: HTTPSConnectionPool(host='esa-worldcover.s3.eu-central-1.amazonaws.com', port=443): Max retries exceeded with url: /v200/2021/map/ESA_WorldCover_10m_2021_v200_N27W009_Map.tif (Caused by NameResolutionError("HTTPSConnection(host='esa-worldcover.s3.eu-central-1.amazonaws.com', port=443): Failed to resolve 'esa-worldcover.s3.eu-central-1.amazonaws.com' ([Errno 11001] getaddrinfo failed)"))) — retry in 2s
[20:35:33]       tile N27W009: attempt 2 failed (ConnectionError: HTTPSConnectionPool(host='esa-worldcover.s3.eu-central-1.amazonaws.com', port=443): Max retries exceeded with url: /v200/2021/map/ESA_WorldCover_10m_2021_v200_N27W009_Map.tif (Caused by NameResolutionError("HTTPSConnection(host='esa-worldcover.s3.eu-central-1.amazonaws.com', port=443): Failed to resolve 'esa-worldcover.s3.eu-central-1.amazonaws.com' ([Errno 11001] getaddrinfo failed)"))) — retry in 4s
[20:35:37]       WARNING: tile N27W009 failed after 3 attempts — HTTPSConnectionPool(host='esa-worldcover.s3.eu-central-1.amazonaws.com', port=443): Max retries exceeded with url: /v200/2021/map/ESA_WorldCover_10m_2021_v200_N27W009_Map.tif (Caused by NameResolutionError("HTTPSConnection(host='esa-worldcover.s3.eu-central-1.amazonaws.com', port=443): Failed to resolve 'esa-worldcover.s3.eu-central-1.amazonaws.com' ([Errno 11001] getaddrinfo failed)"))
[20:35:37]       tile N27W006: attempt 1 failed (ConnectionError: HTTPSConnectionPool(host='esa-worldcover.s3.eu-central-1.amazonaws.com', port=443): Max retries exceeded with url: /v200/2021/map/ESA_WorldCover_10m_2021_v200_N27W006_Map.tif (Caused by NameResolutionError("HTTPSConnection(host='esa-worldcover.s3.eu-central-1.amazonaws.com', port=443): Failed to resolve 'esa-worldcover.s3.eu-central-1.amazonaws.com' ([Errno 11001] getaddrinfo failed)"))) — retry in 2s
[20:35:39]       tile N27W006: attempt 2 failed (ConnectionError: HTTPSConnectionPool(host='esa-worldcover.s3.eu-central-1.amazonaws.com', port=443): Max retries exceeded with url: /v200/2021/map/ESA_WorldCover_10m_2021_v200_N27W006_Map.tif (Caused by NameResolutionError("HTTPSConnection(host='esa-worldcover.s3.eu-central-1.amazonaws.com', port=443): Failed to resolve 'esa-worldcover.s3.eu-central-1.amazonaws.com' ([Errno 11001] getaddrinfo failed)"))) — retry in 4s
[20:35:43]       WARNING: tile N27W006 failed after 3 attempts — HTTPSConnectionPool(host='esa-worldcover.s3.eu-central-1.amazonaws.com', port=443): Max retries exceeded with url: /v200/2021/map/ESA_WorldCover_10m_2021_v200_N27W006_Map.tif (Caused by NameResolutionError("HTTPSConnection(host='esa-worldcover.s3.eu-central-1.amazonaws.com', port=443): Failed to resolve 'esa-worldcover.s3.eu-central-1.amazonaws.com' ([Errno 11001] getaddrinfo failed)"))
[20:35:43]       tile N27W003: attempt 1 failed (ConnectionError: HTTPSConnectionPool(host='esa-worldcover.s3.eu-central-1.amazonaws.com', port=443): Max retries exceeded with url: /v200/2021/map/ESA_WorldCover_10m_2021_v200_N27W003_Map.tif (Caused by NameResolutionError("HTTPSConnection(host='esa-worldcover.s3.eu-central-1.amazonaws.com', port=443): Failed to resolve 'esa-worldcover.s3.eu-central-1.amazonaws.com' ([Errno 11001] getaddrinfo failed)"))) — retry in 2s
[20:35:45]       tile N27W003: attempt 2 failed (ConnectionError: HTTPSConnectionPool(host='esa-worldcover.s3.eu-central-1.amazonaws.com', port=443): Max retries exceeded with url: /v200/2021/map/ESA_WorldCover_10m_2021_v200_N27W003_Map.tif (Caused by NameResolutionError("HTTPSConnection(host='esa-worldcover.s3.eu-central-1.amazonaws.com', port=443): Failed to resolve 'esa-worldcover.s3.eu-central-1.amazonaws.com' ([Errno 11001] getaddrinfo failed)"))) — retry in 4s
[20:35:49]       WARNING: tile N27W003 failed after 3 attempts — HTTPSConnectionPool(host='esa-worldcover.s3.eu-central-1.amazonaws.com', port=443): Max retries exceeded with url: /v200/2021/map/ESA_WorldCover_10m_2021_v200_N27W003_Map.tif (Caused by NameResolutionError("HTTPSConnection(host='esa-worldcover.s3.eu-central-1.amazonaws.com', port=443): Failed to resolve 'esa-worldcover.s3.eu-central-1.amazonaws.com' ([Errno 11001] getaddrinfo failed)"))
[20:35:49]       tile N30W018: attempt 1 failed (ConnectionError: HTTPSConnectionPool(host='esa-worldcover.s3.eu-central-1.amazonaws.com', port=443): Max retries exceeded with url: /v200/2021/map/ESA_WorldCover_10m_2021_v200_N30W018_Map.tif (Caused by NameResolutionError("HTTPSConnection(host='esa-worldcover.s3.eu-central-1.amazonaws.com', port=443): Failed to resolve 'esa-worldcover.s3.eu-central-1.amazonaws.com' ([Errno 11001] getaddrinfo failed)"))) — retry in 2s
[20:35:51]       tile N30W018: attempt 2 failed (ConnectionError: HTTPSConnectionPool(host='esa-worldcover.s3.eu-central-1.amazonaws.com', port=443): Max retries exceeded with url: /v200/2021/map/ESA_WorldCover_10m_2021_v200_N30W018_Map.tif (Caused by NameResolutionError("HTTPSConnection(host='esa-worldcover.s3.eu-central-1.amazonaws.com', port=443): Failed to resolve 'esa-worldcover.s3.eu-central-1.amazonaws.com' ([Errno 11001] getaddrinfo failed)"))) — retry in 4s
[20:35:55]       WARNING: tile N30W018 failed after 3 attempts — HTTPSConnectionPool(host='esa-worldcover.s3.eu-central-1.amazonaws.com', port=443): Max retries exceeded with url: /v200/2021/map/ESA_WorldCover_10m_2021_v200_N30W018_Map.tif (Caused by NameResolutionError("HTTPSConnection(host='esa-worldcover.s3.eu-central-1.amazonaws.com', port=443): Failed to resolve 'esa-worldcover.s3.eu-central-1.amazonaws.com' ([Errno 11001] getaddrinfo failed)"))
[20:35:55]       tile N30W015: attempt 1 failed (ConnectionError: HTTPSConnectionPool(host='esa-worldcover.s3.eu-central-1.amazonaws.com', port=443): Max retries exceeded with url: /v200/2021/map/ESA_WorldCover_10m_2021_v200_N30W015_Map.tif (Caused by NameResolutionError("HTTPSConnection(host='esa-worldcover.s3.eu-central-1.amazonaws.com', port=443): Failed to resolve 'esa-worldcover.s3.eu-central-1.amazonaws.com' ([Errno 11001] getaddrinfo failed)"))) — retry in 2s
[20:35:57]       tile N30W015: attempt 2 failed (ConnectionError: HTTPSConnectionPool(host='esa-worldcover.s3.eu-central-1.amazonaws.com', port=443): Max retries exceeded with url: /v200/2021/map/ESA_WorldCover_10m_2021_v200_N30W015_Map.tif (Caused by NameResolutionError("HTTPSConnection(host='esa-worldcover.s3.eu-central-1.amazonaws.com', port=443): Failed to resolve 'esa-worldcover.s3.eu-central-1.amazonaws.com' ([Errno 11001] getaddrinfo failed)"))) — retry in 4s
[20:36:01]       WARNING: tile N30W015 failed after 3 attempts — HTTPSConnectionPool(host='esa-worldcover.s3.eu-central-1.amazonaws.com', port=443): Max retries exceeded with url: /v200/2021/map/ESA_WorldCover_10m_2021_v200_N30W015_Map.tif (Caused by NameResolutionError("HTTPSConnection(host='esa-worldcover.s3.eu-central-1.amazonaws.com', port=443): Failed to resolve 'esa-worldcover.s3.eu-central-1.amazonaws.com' ([Errno 11001] getaddrinfo failed)"))
[20:36:01]       tile N30W012: attempt 1 failed (ConnectionError: HTTPSConnectionPool(host='esa-worldcover.s3.eu-central-1.amazonaws.com', port=443): Max retries exceeded with url: /v200/2021/map/ESA_WorldCover_10m_2021_v200_N30W012_Map.tif (Caused by NameResolutionError("HTTPSConnection(host='esa-worldcover.s3.eu-central-1.amazonaws.com', port=443): Failed to resolve 'esa-worldcover.s3.eu-central-1.amazonaws.com' ([Errno 11001] getaddrinfo failed)"))) — retry in 2s
[20:36:03]       tile N30W012: attempt 2 failed (ConnectionError: HTTPSConnectionPool(host='esa-worldcover.s3.eu-central-1.amazonaws.com', port=443): Max retries exceeded with url: /v200/2021/map/ESA_WorldCover_10m_2021_v200_N30W012_Map.tif (Caused by NameResolutionError("HTTPSConnection(host='esa-worldcover.s3.eu-central-1.amazonaws.com', port=443): Failed to resolve 'esa-worldcover.s3.eu-central-1.amazonaws.com' ([Errno 11001] getaddrinfo failed)"))) — retry in 4s
[20:36:07]       WARNING: tile N30W012 failed after 3 attempts — HTTPSConnectionPool(host='esa-worldcover.s3.eu-central-1.amazonaws.com', port=443): Max retries exceeded with url: /v200/2021/map/ESA_WorldCover_10m_2021_v200_N30W012_Map.tif (Caused by NameResolutionError("HTTPSConnection(host='esa-worldcover.s3.eu-central-1.amazonaws.com', port=443): Failed to resolve 'esa-worldcover.s3.eu-central-1.amazonaws.com' ([Errno 11001] getaddrinfo failed)"))
[20:36:07]       tile N30W009: attempt 1 failed (ConnectionError: HTTPSConnectionPool(host='esa-worldcover.s3.eu-central-1.amazonaws.com', port=443): Max retries exceeded with url: /v200/2021/map/ESA_WorldCover_10m_2021_v200_N30W009_Map.tif (Caused by NameResolutionError("HTTPSConnection(host='esa-worldcover.s3.eu-central-1.amazonaws.com', port=443): Failed to resolve 'esa-worldcover.s3.eu-central-1.amazonaws.com' ([Errno 11001] getaddrinfo failed)"))) — retry in 2s
[20:36:09]       tile N30W009: attempt 2 failed (ConnectionError: HTTPSConnectionPool(host='esa-worldcover.s3.eu-central-1.amazonaws.com', port=443): Max retries exceeded with url: /v200/2021/map/ESA_WorldCover_10m_2021_v200_N30W009_Map.tif (Caused by NameResolutionError("HTTPSConnection(host='esa-worldcover.s3.eu-central-1.amazonaws.com', port=443): Failed to resolve 'esa-worldcover.s3.eu-central-1.amazonaws.com' ([Errno 11001] getaddrinfo failed)"))) — retry in 4s
[20:36:13]       WARNING: tile N30W009 failed after 3 attempts — HTTPSConnectionPool(host='esa-worldcover.s3.eu-central-1.amazonaws.com', port=443): Max retries exceeded with url: /v200/2021/map/ESA_WorldCover_10m_2021_v200_N30W009_Map.tif (Caused by NameResolutionError("HTTPSConnection(host='esa-worldcover.s3.eu-central-1.amazonaws.com', port=443): Failed to resolve 'esa-worldcover.s3.eu-central-1.amazonaws.com' ([Errno 11001] getaddrinfo failed)"))
[20:36:13]       tile N30W006: attempt 1 failed (ConnectionError: HTTPSConnectionPool(host='esa-worldcover.s3.eu-central-1.amazonaws.com', port=443): Max retries exceeded with url: /v200/2021/map/ESA_WorldCover_10m_2021_v200_N30W006_Map.tif (Caused by NameResolutionError("HTTPSConnection(host='esa-worldcover.s3.eu-central-1.amazonaws.com', port=443): Failed to resolve 'esa-worldcover.s3.eu-central-1.amazonaws.com' ([Errno 11001] getaddrinfo failed)"))) — retry in 2s
[20:36:15]       tile N30W006: attempt 2 failed (ConnectionError: HTTPSConnectionPool(host='esa-worldcover.s3.eu-central-1.amazonaws.com', port=443): Max retries exceeded with url: /v200/2021/map/ESA_WorldCover_10m_2021_v200_N30W006_Map.tif (Caused by NameResolutionError("HTTPSConnection(host='esa-worldcover.s3.eu-central-1.amazonaws.com', port=443): Failed to resolve 'esa-worldcover.s3.eu-central-1.amazonaws.com' ([Errno 11001] getaddrinfo failed)"))) — retry in 4s
[20:36:19]       WARNING: tile N30W006 failed after 3 attempts — HTTPSConnectionPool(host='esa-worldcover.s3.eu-central-1.amazonaws.com', port=443): Max retries exceeded with url: /v200/2021/map/ESA_WorldCover_10m_2021_v200_N30W006_Map.tif (Caused by NameResolutionError("HTTPSConnection(host='esa-worldcover.s3.eu-central-1.amazonaws.com', port=443): Failed to resolve 'esa-worldcover.s3.eu-central-1.amazonaws.com' ([Errno 11001] getaddrinfo failed)"))
[20:36:19]       tile N30W003: attempt 1 failed (ConnectionError: HTTPSConnectionPool(host='esa-worldcover.s3.eu-central-1.amazonaws.com', port=443): Max retries exceeded with url: /v200/2021/map/ESA_WorldCover_10m_2021_v200_N30W003_Map.tif (Caused by NameResolutionError("HTTPSConnection(host='esa-worldcover.s3.eu-central-1.amazonaws.com', port=443): Failed to resolve 'esa-worldcover.s3.eu-central-1.amazonaws.com' ([Errno 11001] getaddrinfo failed)"))) — retry in 2s
[20:36:21]       tile N30W003: attempt 2 failed (ConnectionError: HTTPSConnectionPool(host='esa-worldcover.s3.eu-central-1.amazonaws.com', port=443): Max retries exceeded with url: /v200/2021/map/ESA_WorldCover_10m_2021_v200_N30W003_Map.tif (Caused by NameResolutionError("HTTPSConnection(host='esa-worldcover.s3.eu-central-1.amazonaws.com', port=443): Failed to resolve 'esa-worldcover.s3.eu-central-1.amazonaws.com' ([Errno 11001] getaddrinfo failed)"))) — retry in 4s
[20:36:25]       WARNING: tile N30W003 failed after 3 attempts — HTTPSConnectionPool(host='esa-worldcover.s3.eu-central-1.amazonaws.com', port=443): Max retries exceeded with url: /v200/2021/map/ESA_WorldCover_10m_2021_v200_N30W003_Map.tif (Caused by NameResolutionError("HTTPSConnection(host='esa-worldcover.s3.eu-central-1.amazonaws.com', port=443): Failed to resolve 'esa-worldcover.s3.eu-central-1.amazonaws.com' ([Errno 11001] getaddrinfo failed)"))
[20:36:25]       tile N33W018: attempt 1 failed (ConnectionError: HTTPSConnectionPool(host='esa-worldcover.s3.eu-central-1.amazonaws.com', port=443): Max retries exceeded with url: /v200/2021/map/ESA_WorldCover_10m_2021_v200_N33W018_Map.tif (Caused by NameResolutionError("HTTPSConnection(host='esa-worldcover.s3.eu-central-1.amazonaws.com', port=443): Failed to resolve 'esa-worldcover.s3.eu-central-1.amazonaws.com' ([Errno 11001] getaddrinfo failed)"))) — retry in 2s
[20:36:27]       tile N33W018: attempt 2 failed (ConnectionError: HTTPSConnectionPool(host='esa-worldcover.s3.eu-central-1.amazonaws.com', port=443): Max retries exceeded with url: /v200/2021/map/ESA_WorldCover_10m_2021_v200_N33W018_Map.tif (Caused by NameResolutionError("HTTPSConnection(host='esa-worldcover.s3.eu-central-1.amazonaws.com', port=443): Failed to resolve 'esa-worldcover.s3.eu-central-1.amazonaws.com' ([Errno 11001] getaddrinfo failed)"))) — retry in 4s
[20:36:31]       WARNING: tile N33W018 failed after 3 attempts — HTTPSConnectionPool(host='esa-worldcover.s3.eu-central-1.amazonaws.com', port=443): Max retries exceeded with url: /v200/2021/map/ESA_WorldCover_10m_2021_v200_N33W018_Map.tif (Caused by NameResolutionError("HTTPSConnection(host='esa-worldcover.s3.eu-central-1.amazonaws.com', port=443): Failed to resolve 'esa-worldcover.s3.eu-central-1.amazonaws.com' ([Errno 11001] getaddrinfo failed)"))
[20:36:31]       tile N33W015: attempt 1 failed (ConnectionError: HTTPSConnectionPool(host='esa-worldcover.s3.eu-central-1.amazonaws.com', port=443): Max retries exceeded with url: /v200/2021/map/ESA_WorldCover_10m_2021_v200_N33W015_Map.tif (Caused by NameResolutionError("HTTPSConnection(host='esa-worldcover.s3.eu-central-1.amazonaws.com', port=443): Failed to resolve 'esa-worldcover.s3.eu-central-1.amazonaws.com' ([Errno 11001] getaddrinfo failed)"))) — retry in 2s
[20:36:33]       tile N33W015: attempt 2 failed (ConnectionError: HTTPSConnectionPool(host='esa-worldcover.s3.eu-central-1.amazonaws.com', port=443): Max retries exceeded with url: /v200/2021/map/ESA_WorldCover_10m_2021_v200_N33W015_Map.tif (Caused by NameResolutionError("HTTPSConnection(host='esa-worldcover.s3.eu-central-1.amazonaws.com', port=443): Failed to resolve 'esa-worldcover.s3.eu-central-1.amazonaws.com' ([Errno 11001] getaddrinfo failed)"))) — retry in 4s
[20:36:37]       WARNING: tile N33W015 failed after 3 attempts — HTTPSConnectionPool(host='esa-worldcover.s3.eu-central-1.amazonaws.com', port=443): Max retries exceeded with url: /v200/2021/map/ESA_WorldCover_10m_2021_v200_N33W015_Map.tif (Caused by NameResolutionError("HTTPSConnection(host='esa-worldcover.s3.eu-central-1.amazonaws.com', port=443): Failed to resolve 'esa-worldcover.s3.eu-central-1.amazonaws.com' ([Errno 11001] getaddrinfo failed)"))
[20:36:37]       tile N33W012: attempt 1 failed (ConnectionError: HTTPSConnectionPool(host='esa-worldcover.s3.eu-central-1.amazonaws.com', port=443): Max retries exceeded with url: /v200/2021/map/ESA_WorldCover_10m_2021_v200_N33W012_Map.tif (Caused by NameResolutionError("HTTPSConnection(host='esa-worldcover.s3.eu-central-1.amazonaws.com', port=443): Failed to resolve 'esa-worldcover.s3.eu-central-1.amazonaws.com' ([Errno 11001] getaddrinfo failed)"))) — retry in 2s
[20:36:39]       tile N33W012: attempt 2 failed (ConnectionError: HTTPSConnectionPool(host='esa-worldcover.s3.eu-central-1.amazonaws.com', port=443): Max retries exceeded with url: /v200/2021/map/ESA_WorldCover_10m_2021_v200_N33W012_Map.tif (Caused by NameResolutionError("HTTPSConnection(host='esa-worldcover.s3.eu-central-1.amazonaws.com', port=443): Failed to resolve 'esa-worldcover.s3.eu-central-1.amazonaws.com' ([Errno 11001] getaddrinfo failed)"))) — retry in 4s
[20:36:43]       WARNING: tile N33W012 failed after 3 attempts — HTTPSConnectionPool(host='esa-worldcover.s3.eu-central-1.amazonaws.com', port=443): Max retries exceeded with url: /v200/2021/map/ESA_WorldCover_10m_2021_v200_N33W012_Map.tif (Caused by NameResolutionError("HTTPSConnection(host='esa-worldcover.s3.eu-central-1.amazonaws.com', port=443): Failed to resolve 'esa-worldcover.s3.eu-central-1.amazonaws.com' ([Errno 11001] getaddrinfo failed)"))
[20:36:43]       tile N33W009: attempt 1 failed (ConnectionError: HTTPSConnectionPool(host='esa-worldcover.s3.eu-central-1.amazonaws.com', port=443): Max retries exceeded with url: /v200/2021/map/ESA_WorldCover_10m_2021_v200_N33W009_Map.tif (Caused by NameResolutionError("HTTPSConnection(host='esa-worldcover.s3.eu-central-1.amazonaws.com', port=443): Failed to resolve 'esa-worldcover.s3.eu-central-1.amazonaws.com' ([Errno 11001] getaddrinfo failed)"))) — retry in 2s
[20:36:45]       tile N33W009: attempt 2 failed (ConnectionError: HTTPSConnectionPool(host='esa-worldcover.s3.eu-central-1.amazonaws.com', port=443): Max retries exceeded with url: /v200/2021/map/ESA_WorldCover_10m_2021_v200_N33W009_Map.tif (Caused by NameResolutionError("HTTPSConnection(host='esa-worldcover.s3.eu-central-1.amazonaws.com', port=443): Failed to resolve 'esa-worldcover.s3.eu-central-1.amazonaws.com' ([Errno 11001] getaddrinfo failed)"))) — retry in 4s
[20:36:49]       WARNING: tile N33W009 failed after 3 attempts — HTTPSConnectionPool(host='esa-worldcover.s3.eu-central-1.amazonaws.com', port=443): Max retries exceeded with url: /v200/2021/map/ESA_WorldCover_10m_2021_v200_N33W009_Map.tif (Caused by NameResolutionError("HTTPSConnection(host='esa-worldcover.s3.eu-central-1.amazonaws.com', port=443): Failed to resolve 'esa-worldcover.s3.eu-central-1.amazonaws.com' ([Errno 11001] getaddrinfo failed)"))
[20:36:49]       tile N33W006: attempt 1 failed (ConnectionError: HTTPSConnectionPool(host='esa-worldcover.s3.eu-central-1.amazonaws.com', port=443): Max retries exceeded with url: /v200/2021/map/ESA_WorldCover_10m_2021_v200_N33W006_Map.tif (Caused by NameResolutionError("HTTPSConnection(host='esa-worldcover.s3.eu-central-1.amazonaws.com', port=443): Failed to resolve 'esa-worldcover.s3.eu-central-1.amazonaws.com' ([Errno 11001] getaddrinfo failed)"))) — retry in 2s
[20:36:51]       tile N33W006: attempt 2 failed (ConnectionError: HTTPSConnectionPool(host='esa-worldcover.s3.eu-central-1.amazonaws.com', port=443): Max retries exceeded with url: /v200/2021/map/ESA_WorldCover_10m_2021_v200_N33W006_Map.tif (Caused by NameResolutionError("HTTPSConnection(host='esa-worldcover.s3.eu-central-1.amazonaws.com', port=443): Failed to resolve 'esa-worldcover.s3.eu-central-1.amazonaws.com' ([Errno 11001] getaddrinfo failed)"))) — retry in 4s
[20:36:56]       WARNING: tile N33W006 failed after 3 attempts — HTTPSConnectionPool(host='esa-worldcover.s3.eu-central-1.amazonaws.com', port=443): Max retries exceeded with url: /v200/2021/map/ESA_WorldCover_10m_2021_v200_N33W006_Map.tif (Caused by NameResolutionError("HTTPSConnection(host='esa-worldcover.s3.eu-central-1.amazonaws.com', port=443): Failed to resolve 'esa-worldcover.s3.eu-central-1.amazonaws.com' ([Errno 11001] getaddrinfo failed)"))
[20:36:56]       tile N33W003: attempt 1 failed (ConnectionError: HTTPSConnectionPool(host='esa-worldcover.s3.eu-central-1.amazonaws.com', port=443): Max retries exceeded with url: /v200/2021/map/ESA_WorldCover_10m_2021_v200_N33W003_Map.tif (Caused by NameResolutionError("HTTPSConnection(host='esa-worldcover.s3.eu-central-1.amazonaws.com', port=443): Failed to resolve 'esa-worldcover.s3.eu-central-1.amazonaws.com' ([Errno 11001] getaddrinfo failed)"))) — retry in 2s
[20:36:58]       tile N33W003: attempt 2 failed (ConnectionError: HTTPSConnectionPool(host='esa-worldcover.s3.eu-central-1.amazonaws.com', port=443): Max retries exceeded with url: /v200/2021/map/ESA_WorldCover_10m_2021_v200_N33W003_Map.tif (Caused by NameResolutionError("HTTPSConnection(host='esa-worldcover.s3.eu-central-1.amazonaws.com', port=443): Failed to resolve 'esa-worldcover.s3.eu-central-1.amazonaws.com' ([Errno 11001] getaddrinfo failed)"))) — retry in 4s
[20:37:02]       WARNING: tile N33W003 failed after 3 attempts — HTTPSConnectionPool(host='esa-worldcover.s3.eu-central-1.amazonaws.com', port=443): Max retries exceeded with url: /v200/2021/map/ESA_WorldCover_10m_2021_v200_N33W003_Map.tif (Caused by NameResolutionError("HTTPSConnection(host='esa-worldcover.s3.eu-central-1.amazonaws.com', port=443): Failed to resolve 'esa-worldcover.s3.eu-central-1.amazonaws.com' ([Errno 11001] getaddrinfo failed)"))
[20:37:02]       tile N36W018: attempt 1 failed (ConnectionError: HTTPSConnectionPool(host='esa-worldcover.s3.eu-central-1.amazonaws.com', port=443): Max retries exceeded with url: /v200/2021/map/ESA_WorldCover_10m_2021_v200_N36W018_Map.tif (Caused by NameResolutionError("HTTPSConnection(host='esa-worldcover.s3.eu-central-1.amazonaws.com', port=443): Failed to resolve 'esa-worldcover.s3.eu-central-1.amazonaws.com' ([Errno 11001] getaddrinfo failed)"))) — retry in 2s
[20:37:04]       tile N36W018: attempt 2 failed (ConnectionError: HTTPSConnectionPool(host='esa-worldcover.s3.eu-central-1.amazonaws.com', port=443): Max retries exceeded with url: /v200/2021/map/ESA_WorldCover_10m_2021_v200_N36W018_Map.tif (Caused by NameResolutionError("HTTPSConnection(host='esa-worldcover.s3.eu-central-1.amazonaws.com', port=443): Failed to resolve 'esa-worldcover.s3.eu-central-1.amazonaws.com' ([Errno 11001] getaddrinfo failed)"))) — retry in 4s
[20:37:08]       WARNING: tile N36W018 failed after 3 attempts — HTTPSConnectionPool(host='esa-worldcover.s3.eu-central-1.amazonaws.com', port=443): Max retries exceeded with url: /v200/2021/map/ESA_WorldCover_10m_2021_v200_N36W018_Map.tif (Caused by NameResolutionError("HTTPSConnection(host='esa-worldcover.s3.eu-central-1.amazonaws.com', port=443): Failed to resolve 'esa-worldcover.s3.eu-central-1.amazonaws.com' ([Errno 11001] getaddrinfo failed)"))
[20:37:08]       tile N36W015: attempt 1 failed (ConnectionError: HTTPSConnectionPool(host='esa-worldcover.s3.eu-central-1.amazonaws.com', port=443): Max retries exceeded with url: /v200/2021/map/ESA_WorldCover_10m_2021_v200_N36W015_Map.tif (Caused by NameResolutionError("HTTPSConnection(host='esa-worldcover.s3.eu-central-1.amazonaws.com', port=443): Failed to resolve 'esa-worldcover.s3.eu-central-1.amazonaws.com' ([Errno 11001] getaddrinfo failed)"))) — retry in 2s
[20:37:10]       tile N36W015: attempt 2 failed (ConnectionError: HTTPSConnectionPool(host='esa-worldcover.s3.eu-central-1.amazonaws.com', port=443): Max retries exceeded with url: /v200/2021/map/ESA_WorldCover_10m_2021_v200_N36W015_Map.tif (Caused by NameResolutionError("HTTPSConnection(host='esa-worldcover.s3.eu-central-1.amazonaws.com', port=443): Failed to resolve 'esa-worldcover.s3.eu-central-1.amazonaws.com' ([Errno 11001] getaddrinfo failed)"))) — retry in 4s
[20:37:14]       WARNING: tile N36W015 failed after 3 attempts — HTTPSConnectionPool(host='esa-worldcover.s3.eu-central-1.amazonaws.com', port=443): Max retries exceeded with url: /v200/2021/map/ESA_WorldCover_10m_2021_v200_N36W015_Map.tif (Caused by NameResolutionError("HTTPSConnection(host='esa-worldcover.s3.eu-central-1.amazonaws.com', port=443): Failed to resolve 'esa-worldcover.s3.eu-central-1.amazonaws.com' ([Errno 11001] getaddrinfo failed)"))
[20:37:14]       tile N36W012: attempt 1 failed (ConnectionError: HTTPSConnectionPool(host='esa-worldcover.s3.eu-central-1.amazonaws.com', port=443): Max retries exceeded with url: /v200/2021/map/ESA_WorldCover_10m_2021_v200_N36W012_Map.tif (Caused by NameResolutionError("HTTPSConnection(host='esa-worldcover.s3.eu-central-1.amazonaws.com', port=443): Failed to resolve 'esa-worldcover.s3.eu-central-1.amazonaws.com' ([Errno 11001] getaddrinfo failed)"))) — retry in 2s
[20:37:16]       tile N36W012: attempt 2 failed (ConnectionError: HTTPSConnectionPool(host='esa-worldcover.s3.eu-central-1.amazonaws.com', port=443): Max retries exceeded with url: /v200/2021/map/ESA_WorldCover_10m_2021_v200_N36W012_Map.tif (Caused by NameResolutionError("HTTPSConnection(host='esa-worldcover.s3.eu-central-1.amazonaws.com', port=443): Failed to resolve 'esa-worldcover.s3.eu-central-1.amazonaws.com' ([Errno 11001] getaddrinfo failed)"))) — retry in 4s
[20:37:20]       WARNING: tile N36W012 failed after 3 attempts — HTTPSConnectionPool(host='esa-worldcover.s3.eu-central-1.amazonaws.com', port=443): Max retries exceeded with url: /v200/2021/map/ESA_WorldCover_10m_2021_v200_N36W012_Map.tif (Caused by NameResolutionError("HTTPSConnection(host='esa-worldcover.s3.eu-central-1.amazonaws.com', port=443): Failed to resolve 'esa-worldcover.s3.eu-central-1.amazonaws.com' ([Errno 11001] getaddrinfo failed)"))
[20:37:20]       tile N36W009: attempt 1 failed (ConnectionError: HTTPSConnectionPool(host='esa-worldcover.s3.eu-central-1.amazonaws.com', port=443): Max retries exceeded with url: /v200/2021/map/ESA_WorldCover_10m_2021_v200_N36W009_Map.tif (Caused by NameResolutionError("HTTPSConnection(host='esa-worldcover.s3.eu-central-1.amazonaws.com', port=443): Failed to resolve 'esa-worldcover.s3.eu-central-1.amazonaws.com' ([Errno 11001] getaddrinfo failed)"))) — retry in 2s
[20:37:22]       tile N36W009: attempt 2 failed (ConnectionError: HTTPSConnectionPool(host='esa-worldcover.s3.eu-central-1.amazonaws.com', port=443): Max retries exceeded with url: /v200/2021/map/ESA_WorldCover_10m_2021_v200_N36W009_Map.tif (Caused by NameResolutionError("HTTPSConnection(host='esa-worldcover.s3.eu-central-1.amazonaws.com', port=443): Failed to resolve 'esa-worldcover.s3.eu-central-1.amazonaws.com' ([Errno 11001] getaddrinfo failed)"))) — retry in 4s
[20:37:26]       WARNING: tile N36W009 failed after 3 attempts — HTTPSConnectionPool(host='esa-worldcover.s3.eu-central-1.amazonaws.com', port=443): Max retries exceeded with url: /v200/2021/map/ESA_WorldCover_10m_2021_v200_N36W009_Map.tif (Caused by NameResolutionError("HTTPSConnection(host='esa-worldcover.s3.eu-central-1.amazonaws.com', port=443): Failed to resolve 'esa-worldcover.s3.eu-central-1.amazonaws.com' ([Errno 11001] getaddrinfo failed)"))
[20:37:26]       tile N36W006: attempt 1 failed (ConnectionError: HTTPSConnectionPool(host='esa-worldcover.s3.eu-central-1.amazonaws.com', port=443): Max retries exceeded with url: /v200/2021/map/ESA_WorldCover_10m_2021_v200_N36W006_Map.tif (Caused by NameResolutionError("HTTPSConnection(host='esa-worldcover.s3.eu-central-1.amazonaws.com', port=443): Failed to resolve 'esa-worldcover.s3.eu-central-1.amazonaws.com' ([Errno 11001] getaddrinfo failed)"))) — retry in 2s
[20:37:28]       tile N36W006: attempt 2 failed (ConnectionError: HTTPSConnectionPool(host='esa-worldcover.s3.eu-central-1.amazonaws.com', port=443): Max retries exceeded with url: /v200/2021/map/ESA_WorldCover_10m_2021_v200_N36W006_Map.tif (Caused by NameResolutionError("HTTPSConnection(host='esa-worldcover.s3.eu-central-1.amazonaws.com', port=443): Failed to resolve 'esa-worldcover.s3.eu-central-1.amazonaws.com' ([Errno 11001] getaddrinfo failed)"))) — retry in 4s
[20:37:32]       WARNING: tile N36W006 failed after 3 attempts — HTTPSConnectionPool(host='esa-worldcover.s3.eu-central-1.amazonaws.com', port=443): Max retries exceeded with url: /v200/2021/map/ESA_WorldCover_10m_2021_v200_N36W006_Map.tif (Caused by NameResolutionError("HTTPSConnection(host='esa-worldcover.s3.eu-central-1.amazonaws.com', port=443): Failed to resolve 'esa-worldcover.s3.eu-central-1.amazonaws.com' ([Errno 11001] getaddrinfo failed)"))
[20:37:32]       tile N36W003: attempt 1 failed (ConnectionError: HTTPSConnectionPool(host='esa-worldcover.s3.eu-central-1.amazonaws.com', port=443): Max retries exceeded with url: /v200/2021/map/ESA_WorldCover_10m_2021_v200_N36W003_Map.tif (Caused by NameResolutionError("HTTPSConnection(host='esa-worldcover.s3.eu-central-1.amazonaws.com', port=443): Failed to resolve 'esa-worldcover.s3.eu-central-1.amazonaws.com' ([Errno 11001] getaddrinfo failed)"))) — retry in 2s
[20:37:34]       tile N36W003: attempt 2 failed (ConnectionError: HTTPSConnectionPool(host='esa-worldcover.s3.eu-central-1.amazonaws.com', port=443): Max retries exceeded with url: /v200/2021/map/ESA_WorldCover_10m_2021_v200_N36W003_Map.tif (Caused by NameResolutionError("HTTPSConnection(host='esa-worldcover.s3.eu-central-1.amazonaws.com', port=443): Failed to resolve 'esa-worldcover.s3.eu-central-1.amazonaws.com' ([Errno 11001] getaddrinfo failed)"))) — retry in 4s
[20:37:38]       WARNING: tile N36W003 failed after 3 attempts — HTTPSConnectionPool(host='esa-worldcover.s3.eu-central-1.amazonaws.com', port=443): Max retries exceeded with url: /v200/2021/map/ESA_WorldCover_10m_2021_v200_N36W003_Map.tif (Caused by NameResolutionError("HTTPSConnection(host='esa-worldcover.s3.eu-central-1.amazonaws.com', port=443): Failed to resolve 'esa-worldcover.s3.eu-central-1.amazonaws.com' ([Errno 11001] getaddrinfo failed)"))
[20:37:38]       tile N39W018: attempt 1 failed (ConnectionError: HTTPSConnectionPool(host='esa-worldcover.s3.eu-central-1.amazonaws.com', port=443): Max retries exceeded with url: /v200/2021/map/ESA_WorldCover_10m_2021_v200_N39W018_Map.tif (Caused by NameResolutionError("HTTPSConnection(host='esa-worldcover.s3.eu-central-1.amazonaws.com', port=443): Failed to resolve 'esa-worldcover.s3.eu-central-1.amazonaws.com' ([Errno 11001] getaddrinfo failed)"))) — retry in 2s
[20:37:40]       tile N39W018: attempt 2 failed (ConnectionError: HTTPSConnectionPool(host='esa-worldcover.s3.eu-central-1.amazonaws.com', port=443): Max retries exceeded with url: /v200/2021/map/ESA_WorldCover_10m_2021_v200_N39W018_Map.tif (Caused by NameResolutionError("HTTPSConnection(host='esa-worldcover.s3.eu-central-1.amazonaws.com', port=443): Failed to resolve 'esa-worldcover.s3.eu-central-1.amazonaws.com' ([Errno 11001] getaddrinfo failed)"))) — retry in 4s
[20:37:44]       WARNING: tile N39W018 failed after 3 attempts — HTTPSConnectionPool(host='esa-worldcover.s3.eu-central-1.amazonaws.com', port=443): Max retries exceeded with url: /v200/2021/map/ESA_WorldCover_10m_2021_v200_N39W018_Map.tif (Caused by NameResolutionError("HTTPSConnection(host='esa-worldcover.s3.eu-central-1.amazonaws.com', port=443): Failed to resolve 'esa-worldcover.s3.eu-central-1.amazonaws.com' ([Errno 11001] getaddrinfo failed)"))
[20:37:44]       tile N39W015: attempt 1 failed (ConnectionError: HTTPSConnectionPool(host='esa-worldcover.s3.eu-central-1.amazonaws.com', port=443): Max retries exceeded with url: /v200/2021/map/ESA_WorldCover_10m_2021_v200_N39W015_Map.tif (Caused by NameResolutionError("HTTPSConnection(host='esa-worldcover.s3.eu-central-1.amazonaws.com', port=443): Failed to resolve 'esa-worldcover.s3.eu-central-1.amazonaws.com' ([Errno 11001] getaddrinfo failed)"))) — retry in 2s
[20:37:46]       tile N39W015: attempt 2 failed (ConnectionError: HTTPSConnectionPool(host='esa-worldcover.s3.eu-central-1.amazonaws.com', port=443): Max retries exceeded with url: /v200/2021/map/ESA_WorldCover_10m_2021_v200_N39W015_Map.tif (Caused by NameResolutionError("HTTPSConnection(host='esa-worldcover.s3.eu-central-1.amazonaws.com', port=443): Failed to resolve 'esa-worldcover.s3.eu-central-1.amazonaws.com' ([Errno 11001] getaddrinfo failed)"))) — retry in 4s
[20:37:50]       WARNING: tile N39W015 failed after 3 attempts — HTTPSConnectionPool(host='esa-worldcover.s3.eu-central-1.amazonaws.com', port=443): Max retries exceeded with url: /v200/2021/map/ESA_WorldCover_10m_2021_v200_N39W015_Map.tif (Caused by NameResolutionError("HTTPSConnection(host='esa-worldcover.s3.eu-central-1.amazonaws.com', port=443): Failed to resolve 'esa-worldcover.s3.eu-central-1.amazonaws.com' ([Errno 11001] getaddrinfo failed)"))
[20:37:50]       tile N39W012: attempt 1 failed (ConnectionError: HTTPSConnectionPool(host='esa-worldcover.s3.eu-central-1.amazonaws.com', port=443): Max retries exceeded with url: /v200/2021/map/ESA_WorldCover_10m_2021_v200_N39W012_Map.tif (Caused by NameResolutionError("HTTPSConnection(host='esa-worldcover.s3.eu-central-1.amazonaws.com', port=443): Failed to resolve 'esa-worldcover.s3.eu-central-1.amazonaws.com' ([Errno 11001] getaddrinfo failed)"))) — retry in 2s
[20:37:52]       tile N39W012: attempt 2 failed (ConnectionError: HTTPSConnectionPool(host='esa-worldcover.s3.eu-central-1.amazonaws.com', port=443): Max retries exceeded with url: /v200/2021/map/ESA_WorldCover_10m_2021_v200_N39W012_Map.tif (Caused by NameResolutionError("HTTPSConnection(host='esa-worldcover.s3.eu-central-1.amazonaws.com', port=443): Failed to resolve 'esa-worldcover.s3.eu-central-1.amazonaws.com' ([Errno 11001] getaddrinfo failed)"))) — retry in 4s
[20:37:56]       WARNING: tile N39W012 failed after 3 attempts — HTTPSConnectionPool(host='esa-worldcover.s3.eu-central-1.amazonaws.com', port=443): Max retries exceeded with url: /v200/2021/map/ESA_WorldCover_10m_2021_v200_N39W012_Map.tif (Caused by NameResolutionError("HTTPSConnection(host='esa-worldcover.s3.eu-central-1.amazonaws.com', port=443): Failed to resolve 'esa-worldcover.s3.eu-central-1.amazonaws.com' ([Errno 11001] getaddrinfo failed)"))
[20:37:56]       tile N39W009: attempt 1 failed (ConnectionError: HTTPSConnectionPool(host='esa-worldcover.s3.eu-central-1.amazonaws.com', port=443): Max retries exceeded with url: /v200/2021/map/ESA_WorldCover_10m_2021_v200_N39W009_Map.tif (Caused by NameResolutionError("HTTPSConnection(host='esa-worldcover.s3.eu-central-1.amazonaws.com', port=443): Failed to resolve 'esa-worldcover.s3.eu-central-1.amazonaws.com' ([Errno 11001] getaddrinfo failed)"))) — retry in 2s
[20:37:58]       tile N39W009: attempt 2 failed (ConnectionError: HTTPSConnectionPool(host='esa-worldcover.s3.eu-central-1.amazonaws.com', port=443): Max retries exceeded with url: /v200/2021/map/ESA_WorldCover_10m_2021_v200_N39W009_Map.tif (Caused by NameResolutionError("HTTPSConnection(host='esa-worldcover.s3.eu-central-1.amazonaws.com', port=443): Failed to resolve 'esa-worldcover.s3.eu-central-1.amazonaws.com' ([Errno 11001] getaddrinfo failed)"))) — retry in 4s
[20:38:02]       WARNING: tile N39W009 failed after 3 attempts — HTTPSConnectionPool(host='esa-worldcover.s3.eu-central-1.amazonaws.com', port=443): Max retries exceeded with url: /v200/2021/map/ESA_WorldCover_10m_2021_v200_N39W009_Map.tif (Caused by NameResolutionError("HTTPSConnection(host='esa-worldcover.s3.eu-central-1.amazonaws.com', port=443): Failed to resolve 'esa-worldcover.s3.eu-central-1.amazonaws.com' ([Errno 11001] getaddrinfo failed)"))
[20:38:02]       tile N39W006: attempt 1 failed (ConnectionError: HTTPSConnectionPool(host='esa-worldcover.s3.eu-central-1.amazonaws.com', port=443): Max retries exceeded with url: /v200/2021/map/ESA_WorldCover_10m_2021_v200_N39W006_Map.tif (Caused by NameResolutionError("HTTPSConnection(host='esa-worldcover.s3.eu-central-1.amazonaws.com', port=443): Failed to resolve 'esa-worldcover.s3.eu-central-1.amazonaws.com' ([Errno 11001] getaddrinfo failed)"))) — retry in 2s
[20:38:04]       tile N39W006: attempt 2 failed (ConnectionError: HTTPSConnectionPool(host='esa-worldcover.s3.eu-central-1.amazonaws.com', port=443): Max retries exceeded with url: /v200/2021/map/ESA_WorldCover_10m_2021_v200_N39W006_Map.tif (Caused by NameResolutionError("HTTPSConnection(host='esa-worldcover.s3.eu-central-1.amazonaws.com', port=443): Failed to resolve 'esa-worldcover.s3.eu-central-1.amazonaws.com' ([Errno 11001] getaddrinfo failed)"))) — retry in 4s
[20:38:08]       WARNING: tile N39W006 failed after 3 attempts — HTTPSConnectionPool(host='esa-worldcover.s3.eu-central-1.amazonaws.com', port=443): Max retries exceeded with url: /v200/2021/map/ESA_WorldCover_10m_2021_v200_N39W006_Map.tif (Caused by NameResolutionError("HTTPSConnection(host='esa-worldcover.s3.eu-central-1.amazonaws.com', port=443): Failed to resolve 'esa-worldcover.s3.eu-central-1.amazonaws.com' ([Errno 11001] getaddrinfo failed)"))
[20:38:08]       tile N39W003: attempt 1 failed (ConnectionError: HTTPSConnectionPool(host='esa-worldcover.s3.eu-central-1.amazonaws.com', port=443): Max retries exceeded with url: /v200/2021/map/ESA_WorldCover_10m_2021_v200_N39W003_Map.tif (Caused by NameResolutionError("HTTPSConnection(host='esa-worldcover.s3.eu-central-1.amazonaws.com', port=443): Failed to resolve 'esa-worldcover.s3.eu-central-1.amazonaws.com' ([Errno 11001] getaddrinfo failed)"))) — retry in 2s
[20:38:10]       tile N39W003: attempt 2 failed (ConnectionError: HTTPSConnectionPool(host='esa-worldcover.s3.eu-central-1.amazonaws.com', port=443): Max retries exceeded with url: /v200/2021/map/ESA_WorldCover_10m_2021_v200_N39W003_Map.tif (Caused by NameResolutionError("HTTPSConnection(host='esa-worldcover.s3.eu-central-1.amazonaws.com', port=443): Failed to resolve 'esa-worldcover.s3.eu-central-1.amazonaws.com' ([Errno 11001] getaddrinfo failed)"))) — retry in 4s
[20:38:14]       WARNING: tile N39W003 failed after 3 attempts — HTTPSConnectionPool(host='esa-worldcover.s3.eu-central-1.amazonaws.com', port=443): Max retries exceeded with url: /v200/2021/map/ESA_WorldCover_10m_2021_v200_N39W003_Map.tif (Caused by NameResolutionError("HTTPSConnection(host='esa-worldcover.s3.eu-central-1.amazonaws.com', port=443): Failed to resolve 'esa-worldcover.s3.eu-central-1.amazonaws.com' ([Errno 11001] getaddrinfo failed)"))
[20:38:14]     NOTE: no ESA tile data for Morocco (may be a very small island without land-cover tile coverage) — skipping
[20:38:14] 
[31/54] Cameroon
[20:38:14]     bbox [8.51, 1.65, 16.21, 13.08]
[20:38:14]     tiles to check: 20
[20:38:14]       tile N03E012: attempt 1 failed (ConnectionError: HTTPSConnectionPool(host='esa-worldcover.s3.eu-central-1.amazonaws.com', port=443): Max retries exceeded with url: /v200/2021/map/ESA_WorldCover_10m_2021_v200_N03E012_Map.tif (Caused by NameResolutionError("HTTPSConnection(host='esa-worldcover.s3.eu-central-1.amazonaws.com', port=443): Failed to resolve 'esa-worldcover.s3.eu-central-1.amazonaws.com' ([Errno 11001] getaddrinfo failed)"))) — retry in 2s
[20:38:16]       tile N03E012: attempt 2 failed (ConnectionError: HTTPSConnectionPool(host='esa-worldcover.s3.eu-central-1.amazonaws.com', port=443): Max retries exceeded with url: /v200/2021/map/ESA_WorldCover_10m_2021_v200_N03E012_Map.tif (Caused by NameResolutionError("HTTPSConnection(host='esa-worldcover.s3.eu-central-1.amazonaws.com', port=443): Failed to resolve 'esa-worldcover.s3.eu-central-1.amazonaws.com' ([Errno 11001] getaddrinfo failed)"))) — retry in 4s
[20:38:20]       WARNING: tile N03E012 failed after 3 attempts — HTTPSConnectionPool(host='esa-worldcover.s3.eu-central-1.amazonaws.com', port=443): Max retries exceeded with url: /v200/2021/map/ESA_WorldCover_10m_2021_v200_N03E012_Map.tif (Caused by NameResolutionError("HTTPSConnection(host='esa-worldcover.s3.eu-central-1.amazonaws.com', port=443): Failed to resolve 'esa-worldcover.s3.eu-central-1.amazonaws.com' ([Errno 11001] getaddrinfo failed)"))
[20:38:20]       tile N03E015: attempt 1 failed (ConnectionError: HTTPSConnectionPool(host='esa-worldcover.s3.eu-central-1.amazonaws.com', port=443): Max retries exceeded with url: /v200/2021/map/ESA_WorldCover_10m_2021_v200_N03E015_Map.tif (Caused by NameResolutionError("HTTPSConnection(host='esa-worldcover.s3.eu-central-1.amazonaws.com', port=443): Failed to resolve 'esa-worldcover.s3.eu-central-1.amazonaws.com' ([Errno 11001] getaddrinfo failed)"))) — retry in 2s
[20:38:22]       tile N03E015: attempt 2 failed (ConnectionError: HTTPSConnectionPool(host='esa-worldcover.s3.eu-central-1.amazonaws.com', port=443): Max retries exceeded with url: /v200/2021/map/ESA_WorldCover_10m_2021_v200_N03E015_Map.tif (Caused by NameResolutionError("HTTPSConnection(host='esa-worldcover.s3.eu-central-1.amazonaws.com', port=443): Failed to resolve 'esa-worldcover.s3.eu-central-1.amazonaws.com' ([Errno 11001] getaddrinfo failed)"))) — retry in 4s
[20:38:26]       WARNING: tile N03E015 failed after 3 attempts — HTTPSConnectionPool(host='esa-worldcover.s3.eu-central-1.amazonaws.com', port=443): Max retries exceeded with url: /v200/2021/map/ESA_WorldCover_10m_2021_v200_N03E015_Map.tif (Caused by NameResolutionError("HTTPSConnection(host='esa-worldcover.s3.eu-central-1.amazonaws.com', port=443): Failed to resolve 'esa-worldcover.s3.eu-central-1.amazonaws.com' ([Errno 11001] getaddrinfo failed)"))
[20:38:26]       tile N06E012: attempt 1 failed (ConnectionError: HTTPSConnectionPool(host='esa-worldcover.s3.eu-central-1.amazonaws.com', port=443): Max retries exceeded with url: /v200/2021/map/ESA_WorldCover_10m_2021_v200_N06E012_Map.tif (Caused by NameResolutionError("HTTPSConnection(host='esa-worldcover.s3.eu-central-1.amazonaws.com', port=443): Failed to resolve 'esa-worldcover.s3.eu-central-1.amazonaws.com' ([Errno 11001] getaddrinfo failed)"))) — retry in 2s
[20:38:28]       tile N06E012: attempt 2 failed (ConnectionError: HTTPSConnectionPool(host='esa-worldcover.s3.eu-central-1.amazonaws.com', port=443): Max retries exceeded with url: /v200/2021/map/ESA_WorldCover_10m_2021_v200_N06E012_Map.tif (Caused by NameResolutionError("HTTPSConnection(host='esa-worldcover.s3.eu-central-1.amazonaws.com', port=443): Failed to resolve 'esa-worldcover.s3.eu-central-1.amazonaws.com' ([Errno 11001] getaddrinfo failed)"))) — retry in 4s
[20:38:32]       WARNING: tile N06E012 failed after 3 attempts — HTTPSConnectionPool(host='esa-worldcover.s3.eu-central-1.amazonaws.com', port=443): Max retries exceeded with url: /v200/2021/map/ESA_WorldCover_10m_2021_v200_N06E012_Map.tif (Caused by NameResolutionError("HTTPSConnection(host='esa-worldcover.s3.eu-central-1.amazonaws.com', port=443): Failed to resolve 'esa-worldcover.s3.eu-central-1.amazonaws.com' ([Errno 11001] getaddrinfo failed)"))
[20:38:32]       tile N06E015: attempt 1 failed (ConnectionError: HTTPSConnectionPool(host='esa-worldcover.s3.eu-central-1.amazonaws.com', port=443): Max retries exceeded with url: /v200/2021/map/ESA_WorldCover_10m_2021_v200_N06E015_Map.tif (Caused by NameResolutionError("HTTPSConnection(host='esa-worldcover.s3.eu-central-1.amazonaws.com', port=443): Failed to resolve 'esa-worldcover.s3.eu-central-1.amazonaws.com' ([Errno 11001] getaddrinfo failed)"))) — retry in 2s
[20:38:34]       tile N06E015: attempt 2 failed (ConnectionError: HTTPSConnectionPool(host='esa-worldcover.s3.eu-central-1.amazonaws.com', port=443): Max retries exceeded with url: /v200/2021/map/ESA_WorldCover_10m_2021_v200_N06E015_Map.tif (Caused by NameResolutionError("HTTPSConnection(host='esa-worldcover.s3.eu-central-1.amazonaws.com', port=443): Failed to resolve 'esa-worldcover.s3.eu-central-1.amazonaws.com' ([Errno 11001] getaddrinfo failed)"))) — retry in 4s
[20:38:38]       WARNING: tile N06E015 failed after 3 attempts — HTTPSConnectionPool(host='esa-worldcover.s3.eu-central-1.amazonaws.com', port=443): Max retries exceeded with url: /v200/2021/map/ESA_WorldCover_10m_2021_v200_N06E015_Map.tif (Caused by NameResolutionError("HTTPSConnection(host='esa-worldcover.s3.eu-central-1.amazonaws.com', port=443): Failed to resolve 'esa-worldcover.s3.eu-central-1.amazonaws.com' ([Errno 11001] getaddrinfo failed)"))
[20:38:38]       tile N09E006: attempt 1 failed (ConnectionError: HTTPSConnectionPool(host='esa-worldcover.s3.eu-central-1.amazonaws.com', port=443): Max retries exceeded with url: /v200/2021/map/ESA_WorldCover_10m_2021_v200_N09E006_Map.tif (Caused by NameResolutionError("HTTPSConnection(host='esa-worldcover.s3.eu-central-1.amazonaws.com', port=443): Failed to resolve 'esa-worldcover.s3.eu-central-1.amazonaws.com' ([Errno 11001] getaddrinfo failed)"))) — retry in 2s
[20:38:40]       tile N09E006: attempt 2 failed (ConnectionError: HTTPSConnectionPool(host='esa-worldcover.s3.eu-central-1.amazonaws.com', port=443): Max retries exceeded with url: /v200/2021/map/ESA_WorldCover_10m_2021_v200_N09E006_Map.tif (Caused by NameResolutionError("HTTPSConnection(host='esa-worldcover.s3.eu-central-1.amazonaws.com', port=443): Failed to resolve 'esa-worldcover.s3.eu-central-1.amazonaws.com' ([Errno 11001] getaddrinfo failed)"))) — retry in 4s
[20:38:44]       WARNING: tile N09E006 failed after 3 attempts — HTTPSConnectionPool(host='esa-worldcover.s3.eu-central-1.amazonaws.com', port=443): Max retries exceeded with url: /v200/2021/map/ESA_WorldCover_10m_2021_v200_N09E006_Map.tif (Caused by NameResolutionError("HTTPSConnection(host='esa-worldcover.s3.eu-central-1.amazonaws.com', port=443): Failed to resolve 'esa-worldcover.s3.eu-central-1.amazonaws.com' ([Errno 11001] getaddrinfo failed)"))
[20:38:44]       tile N09E009: attempt 1 failed (ConnectionError: HTTPSConnectionPool(host='esa-worldcover.s3.eu-central-1.amazonaws.com', port=443): Max retries exceeded with url: /v200/2021/map/ESA_WorldCover_10m_2021_v200_N09E009_Map.tif (Caused by NameResolutionError("HTTPSConnection(host='esa-worldcover.s3.eu-central-1.amazonaws.com', port=443): Failed to resolve 'esa-worldcover.s3.eu-central-1.amazonaws.com' ([Errno 11001] getaddrinfo failed)"))) — retry in 2s
[20:38:46]       tile N09E009: attempt 2 failed (ConnectionError: HTTPSConnectionPool(host='esa-worldcover.s3.eu-central-1.amazonaws.com', port=443): Max retries exceeded with url: /v200/2021/map/ESA_WorldCover_10m_2021_v200_N09E009_Map.tif (Caused by NameResolutionError("HTTPSConnection(host='esa-worldcover.s3.eu-central-1.amazonaws.com', port=443): Failed to resolve 'esa-worldcover.s3.eu-central-1.amazonaws.com' ([Errno 11001] getaddrinfo failed)"))) — retry in 4s
[20:38:50]       WARNING: tile N09E009 failed after 3 attempts — HTTPSConnectionPool(host='esa-worldcover.s3.eu-central-1.amazonaws.com', port=443): Max retries exceeded with url: /v200/2021/map/ESA_WorldCover_10m_2021_v200_N09E009_Map.tif (Caused by NameResolutionError("HTTPSConnection(host='esa-worldcover.s3.eu-central-1.amazonaws.com', port=443): Failed to resolve 'esa-worldcover.s3.eu-central-1.amazonaws.com' ([Errno 11001] getaddrinfo failed)"))
[20:38:50]       tile N09E012: attempt 1 failed (ConnectionError: HTTPSConnectionPool(host='esa-worldcover.s3.eu-central-1.amazonaws.com', port=443): Max retries exceeded with url: /v200/2021/map/ESA_WorldCover_10m_2021_v200_N09E012_Map.tif (Caused by NameResolutionError("HTTPSConnection(host='esa-worldcover.s3.eu-central-1.amazonaws.com', port=443): Failed to resolve 'esa-worldcover.s3.eu-central-1.amazonaws.com' ([Errno 11001] getaddrinfo failed)"))) — retry in 2s
[20:38:52]       tile N09E012: attempt 2 failed (ConnectionError: HTTPSConnectionPool(host='esa-worldcover.s3.eu-central-1.amazonaws.com', port=443): Max retries exceeded with url: /v200/2021/map/ESA_WorldCover_10m_2021_v200_N09E012_Map.tif (Caused by NameResolutionError("HTTPSConnection(host='esa-worldcover.s3.eu-central-1.amazonaws.com', port=443): Failed to resolve 'esa-worldcover.s3.eu-central-1.amazonaws.com' ([Errno 11001] getaddrinfo failed)"))) — retry in 4s
[20:38:56]       WARNING: tile N09E012 failed after 3 attempts — HTTPSConnectionPool(host='esa-worldcover.s3.eu-central-1.amazonaws.com', port=443): Max retries exceeded with url: /v200/2021/map/ESA_WorldCover_10m_2021_v200_N09E012_Map.tif (Caused by NameResolutionError("HTTPSConnection(host='esa-worldcover.s3.eu-central-1.amazonaws.com', port=443): Failed to resolve 'esa-worldcover.s3.eu-central-1.amazonaws.com' ([Errno 11001] getaddrinfo failed)"))
[20:38:56]       tile N09E015: attempt 1 failed (ConnectionError: HTTPSConnectionPool(host='esa-worldcover.s3.eu-central-1.amazonaws.com', port=443): Max retries exceeded with url: /v200/2021/map/ESA_WorldCover_10m_2021_v200_N09E015_Map.tif (Caused by NameResolutionError("HTTPSConnection(host='esa-worldcover.s3.eu-central-1.amazonaws.com', port=443): Failed to resolve 'esa-worldcover.s3.eu-central-1.amazonaws.com' ([Errno 11001] getaddrinfo failed)"))) — retry in 2s
[20:38:58]       tile N09E015: attempt 2 failed (ConnectionError: HTTPSConnectionPool(host='esa-worldcover.s3.eu-central-1.amazonaws.com', port=443): Max retries exceeded with url: /v200/2021/map/ESA_WorldCover_10m_2021_v200_N09E015_Map.tif (Caused by NameResolutionError("HTTPSConnection(host='esa-worldcover.s3.eu-central-1.amazonaws.com', port=443): Failed to resolve 'esa-worldcover.s3.eu-central-1.amazonaws.com' ([Errno 11001] getaddrinfo failed)"))) — retry in 4s
[20:39:02]       WARNING: tile N09E015 failed after 3 attempts — HTTPSConnectionPool(host='esa-worldcover.s3.eu-central-1.amazonaws.com', port=443): Max retries exceeded with url: /v200/2021/map/ESA_WorldCover_10m_2021_v200_N09E015_Map.tif (Caused by NameResolutionError("HTTPSConnection(host='esa-worldcover.s3.eu-central-1.amazonaws.com', port=443): Failed to resolve 'esa-worldcover.s3.eu-central-1.amazonaws.com' ([Errno 11001] getaddrinfo failed)"))
[20:39:02]       tile N12E006: attempt 1 failed (ConnectionError: HTTPSConnectionPool(host='esa-worldcover.s3.eu-central-1.amazonaws.com', port=443): Max retries exceeded with url: /v200/2021/map/ESA_WorldCover_10m_2021_v200_N12E006_Map.tif (Caused by NameResolutionError("HTTPSConnection(host='esa-worldcover.s3.eu-central-1.amazonaws.com', port=443): Failed to resolve 'esa-worldcover.s3.eu-central-1.amazonaws.com' ([Errno 11001] getaddrinfo failed)"))) — retry in 2s
[20:39:04]       tile N12E006: attempt 2 failed (ConnectionError: HTTPSConnectionPool(host='esa-worldcover.s3.eu-central-1.amazonaws.com', port=443): Max retries exceeded with url: /v200/2021/map/ESA_WorldCover_10m_2021_v200_N12E006_Map.tif (Caused by NameResolutionError("HTTPSConnection(host='esa-worldcover.s3.eu-central-1.amazonaws.com', port=443): Failed to resolve 'esa-worldcover.s3.eu-central-1.amazonaws.com' ([Errno 11001] getaddrinfo failed)"))) — retry in 4s
[20:39:08]       WARNING: tile N12E006 failed after 3 attempts — HTTPSConnectionPool(host='esa-worldcover.s3.eu-central-1.amazonaws.com', port=443): Max retries exceeded with url: /v200/2021/map/ESA_WorldCover_10m_2021_v200_N12E006_Map.tif (Caused by NameResolutionError("HTTPSConnection(host='esa-worldcover.s3.eu-central-1.amazonaws.com', port=443): Failed to resolve 'esa-worldcover.s3.eu-central-1.amazonaws.com' ([Errno 11001] getaddrinfo failed)"))
[20:39:08]       tile N12E009: attempt 1 failed (ConnectionError: HTTPSConnectionPool(host='esa-worldcover.s3.eu-central-1.amazonaws.com', port=443): Max retries exceeded with url: /v200/2021/map/ESA_WorldCover_10m_2021_v200_N12E009_Map.tif (Caused by NameResolutionError("HTTPSConnection(host='esa-worldcover.s3.eu-central-1.amazonaws.com', port=443): Failed to resolve 'esa-worldcover.s3.eu-central-1.amazonaws.com' ([Errno 11001] getaddrinfo failed)"))) — retry in 2s
[20:39:10]       tile N12E009: attempt 2 failed (ConnectionError: HTTPSConnectionPool(host='esa-worldcover.s3.eu-central-1.amazonaws.com', port=443): Max retries exceeded with url: /v200/2021/map/ESA_WorldCover_10m_2021_v200_N12E009_Map.tif (Caused by NameResolutionError("HTTPSConnection(host='esa-worldcover.s3.eu-central-1.amazonaws.com', port=443): Failed to resolve 'esa-worldcover.s3.eu-central-1.amazonaws.com' ([Errno 11001] getaddrinfo failed)"))) — retry in 4s
[20:39:14]       WARNING: tile N12E009 failed after 3 attempts — HTTPSConnectionPool(host='esa-worldcover.s3.eu-central-1.amazonaws.com', port=443): Max retries exceeded with url: /v200/2021/map/ESA_WorldCover_10m_2021_v200_N12E009_Map.tif (Caused by NameResolutionError("HTTPSConnection(host='esa-worldcover.s3.eu-central-1.amazonaws.com', port=443): Failed to resolve 'esa-worldcover.s3.eu-central-1.amazonaws.com' ([Errno 11001] getaddrinfo failed)"))
[20:39:14]       tile N12E012: attempt 1 failed (ConnectionError: HTTPSConnectionPool(host='esa-worldcover.s3.eu-central-1.amazonaws.com', port=443): Max retries exceeded with url: /v200/2021/map/ESA_WorldCover_10m_2021_v200_N12E012_Map.tif (Caused by NameResolutionError("HTTPSConnection(host='esa-worldcover.s3.eu-central-1.amazonaws.com', port=443): Failed to resolve 'esa-worldcover.s3.eu-central-1.amazonaws.com' ([Errno 11001] getaddrinfo failed)"))) — retry in 2s
[20:39:16]       tile N12E012: attempt 2 failed (ConnectionError: HTTPSConnectionPool(host='esa-worldcover.s3.eu-central-1.amazonaws.com', port=443): Max retries exceeded with url: /v200/2021/map/ESA_WorldCover_10m_2021_v200_N12E012_Map.tif (Caused by NameResolutionError("HTTPSConnection(host='esa-worldcover.s3.eu-central-1.amazonaws.com', port=443): Failed to resolve 'esa-worldcover.s3.eu-central-1.amazonaws.com' ([Errno 11001] getaddrinfo failed)"))) — retry in 4s
[20:39:20]       WARNING: tile N12E012 failed after 3 attempts — HTTPSConnectionPool(host='esa-worldcover.s3.eu-central-1.amazonaws.com', port=443): Max retries exceeded with url: /v200/2021/map/ESA_WorldCover_10m_2021_v200_N12E012_Map.tif (Caused by NameResolutionError("HTTPSConnection(host='esa-worldcover.s3.eu-central-1.amazonaws.com', port=443): Failed to resolve 'esa-worldcover.s3.eu-central-1.amazonaws.com' ([Errno 11001] getaddrinfo failed)"))
[20:39:20]       tile N12E015: attempt 1 failed (ConnectionError: HTTPSConnectionPool(host='esa-worldcover.s3.eu-central-1.amazonaws.com', port=443): Max retries exceeded with url: /v200/2021/map/ESA_WorldCover_10m_2021_v200_N12E015_Map.tif (Caused by NameResolutionError("HTTPSConnection(host='esa-worldcover.s3.eu-central-1.amazonaws.com', port=443): Failed to resolve 'esa-worldcover.s3.eu-central-1.amazonaws.com' ([Errno 11001] getaddrinfo failed)"))) — retry in 2s
[20:39:22]       tile N12E015: attempt 2 failed (ConnectionError: HTTPSConnectionPool(host='esa-worldcover.s3.eu-central-1.amazonaws.com', port=443): Max retries exceeded with url: /v200/2021/map/ESA_WorldCover_10m_2021_v200_N12E015_Map.tif (Caused by NameResolutionError("HTTPSConnection(host='esa-worldcover.s3.eu-central-1.amazonaws.com', port=443): Failed to resolve 'esa-worldcover.s3.eu-central-1.amazonaws.com' ([Errno 11001] getaddrinfo failed)"))) — retry in 4s
[20:39:26]       WARNING: tile N12E015 failed after 3 attempts — HTTPSConnectionPool(host='esa-worldcover.s3.eu-central-1.amazonaws.com', port=443): Max retries exceeded with url: /v200/2021/map/ESA_WorldCover_10m_2021_v200_N12E015_Map.tif (Caused by NameResolutionError("HTTPSConnection(host='esa-worldcover.s3.eu-central-1.amazonaws.com', port=443): Failed to resolve 'esa-worldcover.s3.eu-central-1.amazonaws.com' ([Errno 11001] getaddrinfo failed)"))
[20:39:26]       tile N15E006: attempt 1 failed (ConnectionError: HTTPSConnectionPool(host='esa-worldcover.s3.eu-central-1.amazonaws.com', port=443): Max retries exceeded with url: /v200/2021/map/ESA_WorldCover_10m_2021_v200_N15E006_Map.tif (Caused by NameResolutionError("HTTPSConnection(host='esa-worldcover.s3.eu-central-1.amazonaws.com', port=443): Failed to resolve 'esa-worldcover.s3.eu-central-1.amazonaws.com' ([Errno 11001] getaddrinfo failed)"))) — retry in 2s
[20:39:28]       tile N15E006: attempt 2 failed (ConnectionError: HTTPSConnectionPool(host='esa-worldcover.s3.eu-central-1.amazonaws.com', port=443): Max retries exceeded with url: /v200/2021/map/ESA_WorldCover_10m_2021_v200_N15E006_Map.tif (Caused by NameResolutionError("HTTPSConnection(host='esa-worldcover.s3.eu-central-1.amazonaws.com', port=443): Failed to resolve 'esa-worldcover.s3.eu-central-1.amazonaws.com' ([Errno 11001] getaddrinfo failed)"))) — retry in 4s
[20:39:32]       WARNING: tile N15E006 failed after 3 attempts — HTTPSConnectionPool(host='esa-worldcover.s3.eu-central-1.amazonaws.com', port=443): Max retries exceeded with url: /v200/2021/map/ESA_WorldCover_10m_2021_v200_N15E006_Map.tif (Caused by NameResolutionError("HTTPSConnection(host='esa-worldcover.s3.eu-central-1.amazonaws.com', port=443): Failed to resolve 'esa-worldcover.s3.eu-central-1.amazonaws.com' ([Errno 11001] getaddrinfo failed)"))
[20:39:32]       tile N15E009: attempt 1 failed (ConnectionError: HTTPSConnectionPool(host='esa-worldcover.s3.eu-central-1.amazonaws.com', port=443): Max retries exceeded with url: /v200/2021/map/ESA_WorldCover_10m_2021_v200_N15E009_Map.tif (Caused by NameResolutionError("HTTPSConnection(host='esa-worldcover.s3.eu-central-1.amazonaws.com', port=443): Failed to resolve 'esa-worldcover.s3.eu-central-1.amazonaws.com' ([Errno 11001] getaddrinfo failed)"))) — retry in 2s
[20:39:34]       tile N15E009: attempt 2 failed (ConnectionError: HTTPSConnectionPool(host='esa-worldcover.s3.eu-central-1.amazonaws.com', port=443): Max retries exceeded with url: /v200/2021/map/ESA_WorldCover_10m_2021_v200_N15E009_Map.tif (Caused by NameResolutionError("HTTPSConnection(host='esa-worldcover.s3.eu-central-1.amazonaws.com', port=443): Failed to resolve 'esa-worldcover.s3.eu-central-1.amazonaws.com' ([Errno 11001] getaddrinfo failed)"))) — retry in 4s
[20:39:38]       WARNING: tile N15E009 failed after 3 attempts — HTTPSConnectionPool(host='esa-worldcover.s3.eu-central-1.amazonaws.com', port=443): Max retries exceeded with url: /v200/2021/map/ESA_WorldCover_10m_2021_v200_N15E009_Map.tif (Caused by NameResolutionError("HTTPSConnection(host='esa-worldcover.s3.eu-central-1.amazonaws.com', port=443): Failed to resolve 'esa-worldcover.s3.eu-central-1.amazonaws.com' ([Errno 11001] getaddrinfo failed)"))
[20:39:38]       tile N15E012: attempt 1 failed (ConnectionError: HTTPSConnectionPool(host='esa-worldcover.s3.eu-central-1.amazonaws.com', port=443): Max retries exceeded with url: /v200/2021/map/ESA_WorldCover_10m_2021_v200_N15E012_Map.tif (Caused by NameResolutionError("HTTPSConnection(host='esa-worldcover.s3.eu-central-1.amazonaws.com', port=443): Failed to resolve 'esa-worldcover.s3.eu-central-1.amazonaws.com' ([Errno 11001] getaddrinfo failed)"))) — retry in 2s
[20:39:40]       tile N15E012: attempt 2 failed (ConnectionError: HTTPSConnectionPool(host='esa-worldcover.s3.eu-central-1.amazonaws.com', port=443): Max retries exceeded with url: /v200/2021/map/ESA_WorldCover_10m_2021_v200_N15E012_Map.tif (Caused by NameResolutionError("HTTPSConnection(host='esa-worldcover.s3.eu-central-1.amazonaws.com', port=443): Failed to resolve 'esa-worldcover.s3.eu-central-1.amazonaws.com' ([Errno 11001] getaddrinfo failed)"))) — retry in 4s
[20:39:44]       WARNING: tile N15E012 failed after 3 attempts — HTTPSConnectionPool(host='esa-worldcover.s3.eu-central-1.amazonaws.com', port=443): Max retries exceeded with url: /v200/2021/map/ESA_WorldCover_10m_2021_v200_N15E012_Map.tif (Caused by NameResolutionError("HTTPSConnection(host='esa-worldcover.s3.eu-central-1.amazonaws.com', port=443): Failed to resolve 'esa-worldcover.s3.eu-central-1.amazonaws.com' ([Errno 11001] getaddrinfo failed)"))
[20:39:44]       tile N15E015: attempt 1 failed (ConnectionError: HTTPSConnectionPool(host='esa-worldcover.s3.eu-central-1.amazonaws.com', port=443): Max retries exceeded with url: /v200/2021/map/ESA_WorldCover_10m_2021_v200_N15E015_Map.tif (Caused by NameResolutionError("HTTPSConnection(host='esa-worldcover.s3.eu-central-1.amazonaws.com', port=443): Failed to resolve 'esa-worldcover.s3.eu-central-1.amazonaws.com' ([Errno 11001] getaddrinfo failed)"))) — retry in 2s
[20:39:46]       tile N15E015: attempt 2 failed (ConnectionError: HTTPSConnectionPool(host='esa-worldcover.s3.eu-central-1.amazonaws.com', port=443): Max retries exceeded with url: /v200/2021/map/ESA_WorldCover_10m_2021_v200_N15E015_Map.tif (Caused by NameResolutionError("HTTPSConnection(host='esa-worldcover.s3.eu-central-1.amazonaws.com', port=443): Failed to resolve 'esa-worldcover.s3.eu-central-1.amazonaws.com' ([Errno 11001] getaddrinfo failed)"))) — retry in 4s
[20:39:50]       WARNING: tile N15E015 failed after 3 attempts — HTTPSConnectionPool(host='esa-worldcover.s3.eu-central-1.amazonaws.com', port=443): Max retries exceeded with url: /v200/2021/map/ESA_WorldCover_10m_2021_v200_N15E015_Map.tif (Caused by NameResolutionError("HTTPSConnection(host='esa-worldcover.s3.eu-central-1.amazonaws.com', port=443): Failed to resolve 'esa-worldcover.s3.eu-central-1.amazonaws.com' ([Errno 11001] getaddrinfo failed)"))
[20:39:50]     tiles with data: 4
[20:39:54]               tile N03E006: clipped (5941×22356 px)
[20:41:07]               tile N03E009: clipped (36000×36000 px)
[20:41:33]               tile N06E009: clipped (35439×18709 px)
[20:48:18]     clipped shape: 41941×54709 px
[20:50:01]     COG finalized → Cameroon_LULC.tif
[20:50:01]     COG size: 77.17 MB
[20:55:36]     R2 upload: lulc/Cameroon/Cameroon_LULC.tif
[20:55:38]     Supabase: Cameroon → lulc_layers
[20:55:38] 
[32/54] Kenya
[20:55:38]     bbox [33.89, -4.68, 41.89, 5.03]
[20:55:38]     tiles to check: 16
[20:57:56]       tile S03E033: downloaded (97.9 MB)
[21:00:04]       tile S03E036: downloaded (128.9 MB)
[21:01:27]       tile S03E039: downloaded (56.7 MB)
[21:01:42]       tile S03E042: downloaded (4.1 MB)
[21:03:39]       tile N00E036: downloaded (98.1 MB)
[21:04:41]       tile N00E039: downloaded (43.5 MB)
[21:05:15]       tile N00E042: downloaded (26.9 MB)
[21:06:48]       tile N03E036: downloaded (100.1 MB)
[21:08:23]       tile N03E039: downloaded (65.9 MB)
[21:10:18]       tile N03E042: attempt 1 failed (ChunkedEncodingError: ("Connection broken: ConnectionResetError(10054, 'An existing connection was forcibly closed by the remote host', None, 10054, None)", ConnectionResetError(10054, 'An existing connection was forcibly closed by the remote host', None, 10054, None))) — retry in 2s
[21:10:20]       tile N03E042: attempt 2 failed (ConnectionError: HTTPSConnectionPool(host='esa-worldcover.s3.eu-central-1.amazonaws.com', port=443): Max retries exceeded with url: /v200/2021/map/ESA_WorldCover_10m_2021_v200_N03E042_Map.tif (Caused by NameResolutionError("HTTPSConnection(host='esa-worldcover.s3.eu-central-1.amazonaws.com', port=443): Failed to resolve 'esa-worldcover.s3.eu-central-1.amazonaws.com' ([Errno 11001] getaddrinfo failed)"))) — retry in 4s
[21:10:24]       WARNING: tile N03E042 failed after 3 attempts — HTTPSConnectionPool(host='esa-worldcover.s3.eu-central-1.amazonaws.com', port=443): Max retries exceeded with url: /v200/2021/map/ESA_WorldCover_10m_2021_v200_N03E042_Map.tif (Caused by NameResolutionError("HTTPSConnection(host='esa-worldcover.s3.eu-central-1.amazonaws.com', port=443): Failed to resolve 'esa-worldcover.s3.eu-central-1.amazonaws.com' ([Errno 11001] getaddrinfo failed)"))
[21:10:24]       tile N06E036: attempt 1 failed (ConnectionError: HTTPSConnectionPool(host='esa-worldcover.s3.eu-central-1.amazonaws.com', port=443): Max retries exceeded with url: /v200/2021/map/ESA_WorldCover_10m_2021_v200_N06E036_Map.tif (Caused by NameResolutionError("HTTPSConnection(host='esa-worldcover.s3.eu-central-1.amazonaws.com', port=443): Failed to resolve 'esa-worldcover.s3.eu-central-1.amazonaws.com' ([Errno 11001] getaddrinfo failed)"))) — retry in 2s
[21:10:26]       tile N06E036: attempt 2 failed (ConnectionError: HTTPSConnectionPool(host='esa-worldcover.s3.eu-central-1.amazonaws.com', port=443): Max retries exceeded with url: /v200/2021/map/ESA_WorldCover_10m_2021_v200_N06E036_Map.tif (Caused by NameResolutionError("HTTPSConnection(host='esa-worldcover.s3.eu-central-1.amazonaws.com', port=443): Failed to resolve 'esa-worldcover.s3.eu-central-1.amazonaws.com' ([Errno 11001] getaddrinfo failed)"))) — retry in 4s
[21:10:30]       WARNING: tile N06E036 failed after 3 attempts — HTTPSConnectionPool(host='esa-worldcover.s3.eu-central-1.amazonaws.com', port=443): Max retries exceeded with url: /v200/2021/map/ESA_WorldCover_10m_2021_v200_N06E036_Map.tif (Caused by NameResolutionError("HTTPSConnection(host='esa-worldcover.s3.eu-central-1.amazonaws.com', port=443): Failed to resolve 'esa-worldcover.s3.eu-central-1.amazonaws.com' ([Errno 11001] getaddrinfo failed)"))
[21:10:30]       tile N06E039: attempt 1 failed (ConnectionError: HTTPSConnectionPool(host='esa-worldcover.s3.eu-central-1.amazonaws.com', port=443): Max retries exceeded with url: /v200/2021/map/ESA_WorldCover_10m_2021_v200_N06E039_Map.tif (Caused by NameResolutionError("HTTPSConnection(host='esa-worldcover.s3.eu-central-1.amazonaws.com', port=443): Failed to resolve 'esa-worldcover.s3.eu-central-1.amazonaws.com' ([Errno 11001] getaddrinfo failed)"))) — retry in 2s
[21:10:32]       tile N06E039: attempt 2 failed (ConnectionError: HTTPSConnectionPool(host='esa-worldcover.s3.eu-central-1.amazonaws.com', port=443): Max retries exceeded with url: /v200/2021/map/ESA_WorldCover_10m_2021_v200_N06E039_Map.tif (Caused by NameResolutionError("HTTPSConnection(host='esa-worldcover.s3.eu-central-1.amazonaws.com', port=443): Failed to resolve 'esa-worldcover.s3.eu-central-1.amazonaws.com' ([Errno 11001] getaddrinfo failed)"))) — retry in 4s
[21:10:36]       WARNING: tile N06E039 failed after 3 attempts — HTTPSConnectionPool(host='esa-worldcover.s3.eu-central-1.amazonaws.com', port=443): Max retries exceeded with url: /v200/2021/map/ESA_WorldCover_10m_2021_v200_N06E039_Map.tif (Caused by NameResolutionError("HTTPSConnection(host='esa-worldcover.s3.eu-central-1.amazonaws.com', port=443): Failed to resolve 'esa-worldcover.s3.eu-central-1.amazonaws.com' ([Errno 11001] getaddrinfo failed)"))
[21:10:36]       tile N06E042: attempt 1 failed (ConnectionError: HTTPSConnectionPool(host='esa-worldcover.s3.eu-central-1.amazonaws.com', port=443): Max retries exceeded with url: /v200/2021/map/ESA_WorldCover_10m_2021_v200_N06E042_Map.tif (Caused by NameResolutionError("HTTPSConnection(host='esa-worldcover.s3.eu-central-1.amazonaws.com', port=443): Failed to resolve 'esa-worldcover.s3.eu-central-1.amazonaws.com' ([Errno 11001] getaddrinfo failed)"))) — retry in 2s
[21:10:38]       tile N06E042: attempt 2 failed (ConnectionError: HTTPSConnectionPool(host='esa-worldcover.s3.eu-central-1.amazonaws.com', port=443): Max retries exceeded with url: /v200/2021/map/ESA_WorldCover_10m_2021_v200_N06E042_Map.tif (Caused by NameResolutionError("HTTPSConnection(host='esa-worldcover.s3.eu-central-1.amazonaws.com', port=443): Failed to resolve 'esa-worldcover.s3.eu-central-1.amazonaws.com' ([Errno 11001] getaddrinfo failed)"))) — retry in 4s
[21:10:42]       WARNING: tile N06E042 failed after 3 attempts — HTTPSConnectionPool(host='esa-worldcover.s3.eu-central-1.amazonaws.com', port=443): Max retries exceeded with url: /v200/2021/map/ESA_WorldCover_10m_2021_v200_N06E042_Map.tif (Caused by NameResolutionError("HTTPSConnection(host='esa-worldcover.s3.eu-central-1.amazonaws.com', port=443): Failed to resolve 'esa-worldcover.s3.eu-central-1.amazonaws.com' ([Errno 11001] getaddrinfo failed)"))
[21:10:42]     tiles with data: 12
[21:11:11]               tile S03E033: clipped (25264×25534 px)
[21:12:51]               tile S03E036: clipped (36000×36000 px)
[21:14:01]               tile S03E039: clipped (30465×36000 px)
[21:14:46]               tile N00E033: clipped (25316×36000 px)
[21:16:00]               tile N00E036: clipped (36000×36000 px)
[21:16:50]               tile N00E039: clipped (25676×36000 px)
[08:37:38]               tile N03E033: clipped (24277×24366 px)
[08:38:25]               tile N03E036: clipped (36000×17535 px)
[08:38:43]               tile N03E039: clipped (34622×15421 px)
[08:51:40]     clipped shape: 95938×96366 px
[09:02:03]     COG finalized → Kenya_LULC.tif
[09:02:03]     COG size: 499.17 MB
[09:08:32]     ERROR: R2 upload failed — SSL validation failed for https://2d7d8cc536086b35e2800be940b02d62.r2.cloudflarestorage.com/gis-data-lenga-maps/lulc/Kenya/Kenya_LULC.tif EOF occurred in violation of protocol (_ssl.c:2553)
[09:08:32] 
[33/54] Botswana
[09:08:33]     bbox [19.98, -26.89, 29.35, -17.78]
[09:08:33]     tiles to check: 20
[09:12:49]       tile S27E018: attempt 1 failed (ConnectionError: HTTPSConnectionPool(host='esa-worldcover.s3.eu-central-1.amazonaws.com', port=443): Read timed out.) — retry in 2s
[09:13:55]       tile S27E018: attempt 2 failed (ConnectionError: ('Connection aborted.', ConnectionResetError(10054, 'An existing connection was forcibly closed by the remote host', None, 10054, None))) — retry in 4s
[09:14:42]       WARNING: tile S27E018 failed after 3 attempts — ('Connection aborted.', ConnectionResetError(10054, 'An existing connection was forcibly closed by the remote host', None, 10054, None))
[09:15:10]       tile S27E021: attempt 1 failed (ConnectionError: ('Connection aborted.', ConnectionResetError(10054, 'An existing connection was forcibly closed by the remote host', None, 10054, None))) — retry in 2s
[09:17:11]       tile S27E021: downloaded (98.8 MB)
[09:18:31]       tile S27E024: downloaded (87.3 MB)
[09:19:16]       tile S24E018: downloaded (57.0 MB)
[09:20:13]       tile S24E021: downloaded (62.1 MB)
[09:21:08]       tile S24E024: downloaded (53.4 MB)
[09:23:03]       tile S24E027: downloaded (120.5 MB)
[09:23:44]       tile S21E018: downloaded (33.7 MB)
[09:24:48]       tile S21E021: downloaded (72.1 MB)
[09:26:03]       tile S21E024: downloaded (61.9 MB)
[09:28:25]       tile S21E027: downloaded (149.3 MB)
[09:30:18]       tile S18E018: downloaded (85.0 MB)
[09:33:36]       tile S18E021: downloaded (135.7 MB)
[09:36:54]       tile S18E024: downloaded (143.1 MB)
[09:40:05]       tile S18E027: downloaded (154.2 MB)
[09:41:49]       tile S15E018: downloaded (64.7 MB)
[09:48:52]       tile S15E021: downloaded (77.1 MB)
[09:51:34]       tile S15E024: downloaded (80.5 MB)
[09:56:46]       tile S15E027: downloaded (131.6 MB)
[09:56:46]     tiles with data: 19
[09:58:19]               tile S27E021: clipped (36000×34386 px)
[09:58:55]               tile S27E024: clipped (34820×21952 px)
[09:59:12]               tile S24E018: clipped (12262×36000 px)
[10:00:15]               tile S24E021: clipped (36000×36000 px)
[10:01:25]               tile S24E024: clipped (36000×36000 px)
[10:02:07]               tile S24E027: clipped (28203×31999 px)
[10:02:08]               tile S21E018: clipped (301×32182 px)
[10:03:03]               tile S21E021: clipped (36000×36000 px)
[10:04:27]               tile S21E024: clipped (36000×36000 px)
[10:04:31]               tile S21E027: clipped (8517×11913 px)
[10:04:31]               tile S18E021: clipped (862×33 px)
[10:04:32]               tile S18E024: clipped (11312×2620 px)
[10:04:33]     ERROR: clip-mosaic failed — Unable to allocate 11.4 GiB for an array with shape (1, 109006, 112465) and data type uint8
[10:04:35] 
[34/54] Madagascar
[10:04:37]     bbox [43.22, -25.60, 50.50, -11.94]
[10:04:37]     tiles to check: 18
[10:05:57]       tile S24E042: downloaded (59.2 MB)
[10:08:18]       tile S24E045: downloaded (95.9 MB)
[10:08:38]       tile S24E048: downloaded (7.4 MB)
[10:09:23]       tile S21E042: downloaded (31.0 MB)
[10:14:05]       tile S21E045: downloaded (101.8 MB)
[10:15:50]       tile S21E048: downloaded (55.3 MB)
[10:16:31]       tile S18E042: downloaded (17.4 MB)
[10:22:14]       tile S18E045: downloaded (65.3 MB)
[10:28:32]       tile S18E048: downloaded (71.5 MB)
[10:28:38]       tile S15E042: downloaded (2.4 MB)
[10:29:16]       tile S15E045: downloaded (6.9 MB)
[10:31:35]       tile S15E048: downloaded (64.9 MB)
[10:31:47]       tile S12E045: downloaded (2.6 MB)
[10:32:23]       tile S12E048: downloaded (2.0 MB)
[10:32:23]     tiles with data: 15
[10:33:12]               tile S24E042: clipped (21327×36000 px)
[10:34:47]               tile S24E045: clipped (36000×36000 px)
[10:34:51]               tile S24E048: clipped (5487×14812 px)
[10:35:07]               tile S21E042: clipped (13458×36000 px)
[10:36:14]               tile S21E045: clipped (36000×36000 px)
[10:36:41]               tile S21E048: clipped (17291×36000 px)
[10:36:49]               tile S18E042: clipped (12919×22308 px)
[10:37:54]               tile S18E045: clipped (36000×36000 px)
[10:39:01]               tile S18E048: clipped (30049×36000 px)
[10:39:07]               tile S15E045: clipped (9328×17920 px)
[10:39:52]               tile S15E048: clipped (28080×36000 px)
[10:39:55]               tile S12E048: clipped (1360×678 px)
[10:39:55]     ERROR: clip-mosaic failed — Unable to allocate 11.8 GiB for an array with shape (1, 144678, 87376) and data type uint8
[10:39:55] 
[35/54] Central African Republic
[10:39:55]     bbox [14.39, 2.24, 27.44, 11.00]
[10:39:55]     tiles to check: 24
[10:42:44]       tile N03E012: downloaded (49.0 MB)
[10:44:28]       tile N03E015: downloaded (66.7 MB)
[10:47:05]       tile N03E018: downloaded (77.4 MB)
[10:49:29]       tile N03E021: downloaded (52.4 MB)
[10:52:16]       tile N03E024: downloaded (69.0 MB)
[10:57:07]       tile N06E012: downloaded (133.2 MB)
[10:59:20]       tile N06E015: attempt 1 failed (ReadTimeout: HTTPSConnectionPool(host='esa-worldcover.s3.eu-central-1.amazonaws.com', port=443): Read timed out. (read timeout=120)) — retry in 2s
[11:04:28]       tile N06E015: downloaded (127.3 MB)
[11:07:44]       tile N06E018: downloaded (107.9 MB)
[11:09:51]       tile N06E021: downloaded (88.7 MB)
[11:15:55]       tile N06E024: downloaded (148.5 MB)
[11:20:05]       tile N09E012: downloaded (128.4 MB)
[11:22:58]       tile N09E015: downloaded (128.6 MB)
[11:26:36]       tile N09E018: downloaded (135.7 MB)
[11:29:57]       tile N09E021: downloaded (132.7 MB)
[11:35:07]       tile N09E024: downloaded (128.7 MB)
[11:39:28]       tile N09E027: downloaded (110.5 MB)
[11:42:40]       tile N12E012: downloaded (74.4 MB)
[11:45:52]       tile N12E015: downloaded (57.7 MB)
[11:50:40]       tile N12E018: downloaded (58.1 MB)
[11:54:55]       tile N12E021: downloaded (104.2 MB)
[11:58:44]       tile N12E024: downloaded (87.9 MB)
[12:01:38]       tile N12E027: downloaded (68.6 MB)
[12:01:38]     tiles with data: 24
[12:01:52]               tile N03E012: clipped (7019×19153 px)
[12:06:44]               tile N03E015: clipped (36000×36000 px)
[12:09:58]               tile N03E018: clipped (36000×30279 px)
[12:12:07]               tile N03E021: clipped (36000×22457 px)
[12:13:16]               tile N03E024: clipped (36000×13597 px)
[12:13:23]               tile N03E027: clipped (5297×9088 px)
[12:13:30]               tile N06E012: clipped (7355×9067 px)
[12:14:15]               tile N06E015: clipped (36000×24032 px)
[12:16:23]               tile N06E018: clipped (36000×36000 px)
[12:18:40]               tile N06E021: clipped (36000×36000 px)
[12:20:15]               tile N06E024: clipped (32762×32388 px)
[12:20:23]               tile N09E018: clipped (23376×8365 px)
[12:20:50]               tile N09E021: clipped (32090×24012 px)
[12:20:52]     ERROR: clip-mosaic failed — Unable to allocate 14.0 GiB for an array with shape (1, 96012, 156652) and data type uint8
[12:20:52] 
[36/54] Somalia
[12:20:52]     bbox [40.97, -1.70, 51.42, 11.99]
[12:20:52]     tiles to check: 30
[12:21:28]       tile N00E045: downloaded (12.6 MB)
[12:21:30]       tile N00E048: ocean/no-data (404) — .null cached
[12:21:32]       tile N00E051: ocean/no-data (404) — .null cached
[12:24:50]       tile N03E042: downloaded (98.1 MB)
[12:25:59]       tile N03E045: downloaded (49.5 MB)
[12:26:20]       tile N03E048: downloaded (8.2 MB)
[12:26:22]       tile N03E051: ocean/no-data (404) — .null cached
[12:30:13]       tile N06E039: downloaded (108.4 MB)
[12:34:31]       tile N06E042: downloaded (108.1 MB)
[12:39:21]       tile N06E045: downloaded (87.2 MB)
[12:42:23]       tile N06E048: downloaded (70.9 MB)
[12:43:49]       tile N06E051: attempt 1 failed (ConnectionError: ('Connection aborted.', ConnectionResetError(10054, 'An existing connection was forcibly closed by the remote host', None, 10054, None))) — retry in 2s
[12:44:08]       tile N06E051: ocean/no-data (404) — .null cached
[12:49:25]       tile N09E039: downloaded (129.5 MB)
[12:52:24]       tile N09E042: downloaded (81.5 MB)
[12:55:04]       tile N09E045: downloaded (79.2 MB)
[12:58:11]       tile N09E048: downloaded (94.4 MB)
[12:58:28]       tile N09E051: downloaded (5.1 MB)
[12:59:43]       tile N12E045: downloaded (38.3 MB)
[13:00:31]       tile N12E048: downloaded (8.3 MB)
[13:00:48]       tile N12E051: downloaded (5.2 MB)
[13:01:10]       tile N15E045: downloaded (5.1 MB)
[13:01:54]       tile N15E048: downloaded (11.4 MB)
[13:02:21]       tile N15E051: downloaded (6.7 MB)
[13:02:21]     tiles with data: 26
[13:02:45]               tile N00E039: clipped (12417×36000 px)
[13:04:07]               tile N00E042: clipped (36000×36000 px)
[13:04:15]               tile N00E045: clipped (19167×13618 px)
[13:04:21]               tile N03E039: clipped (10327×13469 px)
[13:04:59]               tile N03E042: clipped (36000×23697 px)
[13:06:29]               tile N03E045: clipped (36000×36000 px)
[13:06:39]               tile N03E048: clipped (11429×17618 px)
[13:07:07]               tile N06E045: clipped (24731×24340 px)
[13:08:19]               tile N06E048: clipped (30675×36000 px)
[13:09:30]               tile N09E048: clipped (28303×35871 px)
[13:09:46]               tile N09E051: clipped (5006×18492 px)
[13:09:50]     ERROR: clip-mosaic failed — Unable to allocate 16.8 GiB for an array with shape (1, 143871, 125423) and data type uint8
[13:09:52] 
[37/54] South Sudan
[13:09:52]     bbox [24.12, 3.49, 35.92, 12.22]
[13:09:52]     tiles to check: 24
[13:16:25]       tile N06E036: downloaded (157.2 MB)
[13:21:46]       tile N09E030: attempt 1 failed (ConnectionError: HTTPSConnectionPool(host='esa-worldcover.s3.eu-central-1.amazonaws.com', port=443): Read timed out.) — retry in 2s
[13:24:28]       tile N09E030: attempt 2 failed (ConnectionError: HTTPSConnectionPool(host='esa-worldcover.s3.eu-central-1.amazonaws.com', port=443): Read timed out.) — retry in 4s
[13:29:55]       tile N09E030: downloaded (108.1 MB)
[13:33:28]       tile N09E033: downloaded (128.3 MB)
[13:37:03]       tile N09E036: downloaded (147.4 MB)
[13:40:35]       tile N12E030: downloaded (110.3 MB)
[13:43:03]       tile N12E033: downloaded (85.2 MB)
[13:46:34]       tile N12E036: downloaded (151.9 MB)
[13:48:17]       tile N15E021: downloaded (51.4 MB)
[13:48:36]       tile N15E024: downloaded (13.5 MB)
[13:48:47]       tile N15E027: downloaded (5.7 MB)
[13:49:12]       tile N15E030: downloaded (17.5 MB)
[13:50:11]       tile N15E033: downloaded (46.1 MB)
[13:50:11]     tiles with data: 24
[13:51:17]               tile N06E024: clipped (34543×36000 px)
[13:52:16]               tile N06E027: clipped (36000×36000 px)
[13:53:20]               tile N06E030: clipped (36000×36000 px)
[13:53:56]               tile N06E033: clipped (23633×36000 px)
[13:54:12]               tile N09E024: clipped (29289×17048 px)
[13:54:33]               tile N09E027: clipped (36000×15154 px)
[13:55:36]               tile N09E030: clipped (36000×36000 px)
[13:55:59]               tile N09E033: clipped (13121×36000 px)
[13:56:00]               tile N12E030: clipped (10500×2596 px)
[13:56:01]               tile N12E033: clipped (2512×2557 px)
[13:56:32]     ERROR: clip-mosaic failed — Unable to allocate 1.16 GiB for an array with shape (1, 36000, 34543) and data type uint8
[13:56:35] 
[38/54] Zambia
[13:56:36]     bbox [21.98, -18.07, 33.67, -8.19]
[13:56:36]     tiles to check: 25
[13:56:37]       tile S18E030: attempt 1 failed (ConnectionError: HTTPSConnectionPool(host='esa-worldcover.s3.eu-central-1.amazonaws.com', port=443): Max retries exceeded with url: /v200/2021/map/ESA_WorldCover_10m_2021_v200_S18E030_Map.tif (Caused by NameResolutionError("HTTPSConnection(host='esa-worldcover.s3.eu-central-1.amazonaws.com', port=443): Failed to resolve 'esa-worldcover.s3.eu-central-1.amazonaws.com' ([Errno 11001] getaddrinfo failed)"))) — retry in 2s
[13:56:39]       tile S18E030: attempt 2 failed (ConnectionError: HTTPSConnectionPool(host='esa-worldcover.s3.eu-central-1.amazonaws.com', port=443): Max retries exceeded with url: /v200/2021/map/ESA_WorldCover_10m_2021_v200_S18E030_Map.tif (Caused by NameResolutionError("HTTPSConnection(host='esa-worldcover.s3.eu-central-1.amazonaws.com', port=443): Failed to resolve 'esa-worldcover.s3.eu-central-1.amazonaws.com' ([Errno 11001] getaddrinfo failed)"))) — retry in 4s
[13:56:43]       WARNING: tile S18E030 failed after 3 attempts — HTTPSConnectionPool(host='esa-worldcover.s3.eu-central-1.amazonaws.com', port=443): Max retries exceeded with url: /v200/2021/map/ESA_WorldCover_10m_2021_v200_S18E030_Map.tif (Caused by NameResolutionError("HTTPSConnection(host='esa-worldcover.s3.eu-central-1.amazonaws.com', port=443): Failed to resolve 'esa-worldcover.s3.eu-central-1.amazonaws.com' ([Errno 11001] getaddrinfo failed)"))
[13:56:43]       tile S18E033: attempt 1 failed (ConnectionError: HTTPSConnectionPool(host='esa-worldcover.s3.eu-central-1.amazonaws.com', port=443): Max retries exceeded with url: /v200/2021/map/ESA_WorldCover_10m_2021_v200_S18E033_Map.tif (Caused by NameResolutionError("HTTPSConnection(host='esa-worldcover.s3.eu-central-1.amazonaws.com', port=443): Failed to resolve 'esa-worldcover.s3.eu-central-1.amazonaws.com' ([Errno 11001] getaddrinfo failed)"))) — retry in 2s
[13:56:45]       tile S18E033: attempt 2 failed (ConnectionError: HTTPSConnectionPool(host='esa-worldcover.s3.eu-central-1.amazonaws.com', port=443): Max retries exceeded with url: /v200/2021/map/ESA_WorldCover_10m_2021_v200_S18E033_Map.tif (Caused by NameResolutionError("HTTPSConnection(host='esa-worldcover.s3.eu-central-1.amazonaws.com', port=443): Failed to resolve 'esa-worldcover.s3.eu-central-1.amazonaws.com' ([Errno 11001] getaddrinfo failed)"))) — retry in 4s
[13:56:49]       WARNING: tile S18E033 failed after 3 attempts — HTTPSConnectionPool(host='esa-worldcover.s3.eu-central-1.amazonaws.com', port=443): Max retries exceeded with url: /v200/2021/map/ESA_WorldCover_10m_2021_v200_S18E033_Map.tif (Caused by NameResolutionError("HTTPSConnection(host='esa-worldcover.s3.eu-central-1.amazonaws.com', port=443): Failed to resolve 'esa-worldcover.s3.eu-central-1.amazonaws.com' ([Errno 11001] getaddrinfo failed)"))
[13:56:49]       tile S12E021: attempt 1 failed (ConnectionError: HTTPSConnectionPool(host='esa-worldcover.s3.eu-central-1.amazonaws.com', port=443): Max retries exceeded with url: /v200/2021/map/ESA_WorldCover_10m_2021_v200_S12E021_Map.tif (Caused by NameResolutionError("HTTPSConnection(host='esa-worldcover.s3.eu-central-1.amazonaws.com', port=443): Failed to resolve 'esa-worldcover.s3.eu-central-1.amazonaws.com' ([Errno 11001] getaddrinfo failed)"))) — retry in 2s
[13:56:51]       tile S12E021: attempt 2 failed (ConnectionError: HTTPSConnectionPool(host='esa-worldcover.s3.eu-central-1.amazonaws.com', port=443): Max retries exceeded with url: /v200/2021/map/ESA_WorldCover_10m_2021_v200_S12E021_Map.tif (Caused by NameResolutionError("HTTPSConnection(host='esa-worldcover.s3.eu-central-1.amazonaws.com', port=443): Failed to resolve 'esa-worldcover.s3.eu-central-1.amazonaws.com' ([Errno 11001] getaddrinfo failed)"))) — retry in 4s
[13:56:55]       WARNING: tile S12E021 failed after 3 attempts — HTTPSConnectionPool(host='esa-worldcover.s3.eu-central-1.amazonaws.com', port=443): Max retries exceeded with url: /v200/2021/map/ESA_WorldCover_10m_2021_v200_S12E021_Map.tif (Caused by NameResolutionError("HTTPSConnection(host='esa-worldcover.s3.eu-central-1.amazonaws.com', port=443): Failed to resolve 'esa-worldcover.s3.eu-central-1.amazonaws.com' ([Errno 11001] getaddrinfo failed)"))
[13:56:55]       tile S12E024: attempt 1 failed (ConnectionError: HTTPSConnectionPool(host='esa-worldcover.s3.eu-central-1.amazonaws.com', port=443): Max retries exceeded with url: /v200/2021/map/ESA_WorldCover_10m_2021_v200_S12E024_Map.tif (Caused by NameResolutionError("HTTPSConnection(host='esa-worldcover.s3.eu-central-1.amazonaws.com', port=443): Failed to resolve 'esa-worldcover.s3.eu-central-1.amazonaws.com' ([Errno 11001] getaddrinfo failed)"))) — retry in 2s
[13:56:57]       tile S12E024: attempt 2 failed (ConnectionError: HTTPSConnectionPool(host='esa-worldcover.s3.eu-central-1.amazonaws.com', port=443): Max retries exceeded with url: /v200/2021/map/ESA_WorldCover_10m_2021_v200_S12E024_Map.tif (Caused by NameResolutionError("HTTPSConnection(host='esa-worldcover.s3.eu-central-1.amazonaws.com', port=443): Failed to resolve 'esa-worldcover.s3.eu-central-1.amazonaws.com' ([Errno 11001] getaddrinfo failed)"))) — retry in 4s
[13:57:01]       WARNING: tile S12E024 failed after 3 attempts — HTTPSConnectionPool(host='esa-worldcover.s3.eu-central-1.amazonaws.com', port=443): Max retries exceeded with url: /v200/2021/map/ESA_WorldCover_10m_2021_v200_S12E024_Map.tif (Caused by NameResolutionError("HTTPSConnection(host='esa-worldcover.s3.eu-central-1.amazonaws.com', port=443): Failed to resolve 'esa-worldcover.s3.eu-central-1.amazonaws.com' ([Errno 11001] getaddrinfo failed)"))
[13:57:01]       tile S12E027: attempt 1 failed (ConnectionError: HTTPSConnectionPool(host='esa-worldcover.s3.eu-central-1.amazonaws.com', port=443): Max retries exceeded with url: /v200/2021/map/ESA_WorldCover_10m_2021_v200_S12E027_Map.tif (Caused by NameResolutionError("HTTPSConnection(host='esa-worldcover.s3.eu-central-1.amazonaws.com', port=443): Failed to resolve 'esa-worldcover.s3.eu-central-1.amazonaws.com' ([Errno 11001] getaddrinfo failed)"))) — retry in 2s
[13:57:03]       tile S12E027: attempt 2 failed (ConnectionError: HTTPSConnectionPool(host='esa-worldcover.s3.eu-central-1.amazonaws.com', port=443): Max retries exceeded with url: /v200/2021/map/ESA_WorldCover_10m_2021_v200_S12E027_Map.tif (Caused by NameResolutionError("HTTPSConnection(host='esa-worldcover.s3.eu-central-1.amazonaws.com', port=443): Failed to resolve 'esa-worldcover.s3.eu-central-1.amazonaws.com' ([Errno 11001] getaddrinfo failed)"))) — retry in 4s
[13:57:07]       WARNING: tile S12E027 failed after 3 attempts — HTTPSConnectionPool(host='esa-worldcover.s3.eu-central-1.amazonaws.com', port=443): Max retries exceeded with url: /v200/2021/map/ESA_WorldCover_10m_2021_v200_S12E027_Map.tif (Caused by NameResolutionError("HTTPSConnection(host='esa-worldcover.s3.eu-central-1.amazonaws.com', port=443): Failed to resolve 'esa-worldcover.s3.eu-central-1.amazonaws.com' ([Errno 11001] getaddrinfo failed)"))
[13:57:07]       tile S09E021: attempt 1 failed (ConnectionError: HTTPSConnectionPool(host='esa-worldcover.s3.eu-central-1.amazonaws.com', port=443): Max retries exceeded with url: /v200/2021/map/ESA_WorldCover_10m_2021_v200_S09E021_Map.tif (Caused by NameResolutionError("HTTPSConnection(host='esa-worldcover.s3.eu-central-1.amazonaws.com', port=443): Failed to resolve 'esa-worldcover.s3.eu-central-1.amazonaws.com' ([Errno 11001] getaddrinfo failed)"))) — retry in 2s
[13:57:09]       tile S09E021: attempt 2 failed (ConnectionError: HTTPSConnectionPool(host='esa-worldcover.s3.eu-central-1.amazonaws.com', port=443): Max retries exceeded with url: /v200/2021/map/ESA_WorldCover_10m_2021_v200_S09E021_Map.tif (Caused by NameResolutionError("HTTPSConnection(host='esa-worldcover.s3.eu-central-1.amazonaws.com', port=443): Failed to resolve 'esa-worldcover.s3.eu-central-1.amazonaws.com' ([Errno 11001] getaddrinfo failed)"))) — retry in 4s
[13:57:13]       WARNING: tile S09E021 failed after 3 attempts — HTTPSConnectionPool(host='esa-worldcover.s3.eu-central-1.amazonaws.com', port=443): Max retries exceeded with url: /v200/2021/map/ESA_WorldCover_10m_2021_v200_S09E021_Map.tif (Caused by NameResolutionError("HTTPSConnection(host='esa-worldcover.s3.eu-central-1.amazonaws.com', port=443): Failed to resolve 'esa-worldcover.s3.eu-central-1.amazonaws.com' ([Errno 11001] getaddrinfo failed)"))
[13:57:13]       tile S09E024: attempt 1 failed (ConnectionError: HTTPSConnectionPool(host='esa-worldcover.s3.eu-central-1.amazonaws.com', port=443): Max retries exceeded with url: /v200/2021/map/ESA_WorldCover_10m_2021_v200_S09E024_Map.tif (Caused by NameResolutionError("HTTPSConnection(host='esa-worldcover.s3.eu-central-1.amazonaws.com', port=443): Failed to resolve 'esa-worldcover.s3.eu-central-1.amazonaws.com' ([Errno 11001] getaddrinfo failed)"))) — retry in 2s
[13:57:15]       tile S09E024: attempt 2 failed (ConnectionError: HTTPSConnectionPool(host='esa-worldcover.s3.eu-central-1.amazonaws.com', port=443): Max retries exceeded with url: /v200/2021/map/ESA_WorldCover_10m_2021_v200_S09E024_Map.tif (Caused by NameResolutionError("HTTPSConnection(host='esa-worldcover.s3.eu-central-1.amazonaws.com', port=443): Failed to resolve 'esa-worldcover.s3.eu-central-1.amazonaws.com' ([Errno 11001] getaddrinfo failed)"))) — retry in 4s
[13:57:19]       WARNING: tile S09E024 failed after 3 attempts — HTTPSConnectionPool(host='esa-worldcover.s3.eu-central-1.amazonaws.com', port=443): Max retries exceeded with url: /v200/2021/map/ESA_WorldCover_10m_2021_v200_S09E024_Map.tif (Caused by NameResolutionError("HTTPSConnection(host='esa-worldcover.s3.eu-central-1.amazonaws.com', port=443): Failed to resolve 'esa-worldcover.s3.eu-central-1.amazonaws.com' ([Errno 11001] getaddrinfo failed)"))
[13:57:19]       tile S09E027: attempt 1 failed (ConnectionError: HTTPSConnectionPool(host='esa-worldcover.s3.eu-central-1.amazonaws.com', port=443): Max retries exceeded with url: /v200/2021/map/ESA_WorldCover_10m_2021_v200_S09E027_Map.tif (Caused by NameResolutionError("HTTPSConnection(host='esa-worldcover.s3.eu-central-1.amazonaws.com', port=443): Failed to resolve 'esa-worldcover.s3.eu-central-1.amazonaws.com' ([Errno 11001] getaddrinfo failed)"))) — retry in 2s
[13:57:21]       tile S09E027: attempt 2 failed (ConnectionError: HTTPSConnectionPool(host='esa-worldcover.s3.eu-central-1.amazonaws.com', port=443): Max retries exceeded with url: /v200/2021/map/ESA_WorldCover_10m_2021_v200_S09E027_Map.tif (Caused by NameResolutionError("HTTPSConnection(host='esa-worldcover.s3.eu-central-1.amazonaws.com', port=443): Failed to resolve 'esa-worldcover.s3.eu-central-1.amazonaws.com' ([Errno 11001] getaddrinfo failed)"))) — retry in 4s
[13:57:25]       WARNING: tile S09E027 failed after 3 attempts — HTTPSConnectionPool(host='esa-worldcover.s3.eu-central-1.amazonaws.com', port=443): Max retries exceeded with url: /v200/2021/map/ESA_WorldCover_10m_2021_v200_S09E027_Map.tif (Caused by NameResolutionError("HTTPSConnection(host='esa-worldcover.s3.eu-central-1.amazonaws.com', port=443): Failed to resolve 'esa-worldcover.s3.eu-central-1.amazonaws.com' ([Errno 11001] getaddrinfo failed)"))
[13:57:25]       tile S06E021: attempt 1 failed (ConnectionError: HTTPSConnectionPool(host='esa-worldcover.s3.eu-central-1.amazonaws.com', port=443): Max retries exceeded with url: /v200/2021/map/ESA_WorldCover_10m_2021_v200_S06E021_Map.tif (Caused by NameResolutionError("HTTPSConnection(host='esa-worldcover.s3.eu-central-1.amazonaws.com', port=443): Failed to resolve 'esa-worldcover.s3.eu-central-1.amazonaws.com' ([Errno 11001] getaddrinfo failed)"))) — retry in 2s
[13:57:29]       tile S06E021: attempt 2 failed (ConnectionError: HTTPSConnectionPool(host='esa-worldcover.s3.eu-central-1.amazonaws.com', port=443): Max retries exceeded with url: /v200/2021/map/ESA_WorldCover_10m_2021_v200_S06E021_Map.tif (Caused by NameResolutionError("HTTPSConnection(host='esa-worldcover.s3.eu-central-1.amazonaws.com', port=443): Failed to resolve 'esa-worldcover.s3.eu-central-1.amazonaws.com' ([Errno 11001] getaddrinfo failed)"))) — retry in 4s
[13:57:33]       WARNING: tile S06E021 failed after 3 attempts — HTTPSConnectionPool(host='esa-worldcover.s3.eu-central-1.amazonaws.com', port=443): Max retries exceeded with url: /v200/2021/map/ESA_WorldCover_10m_2021_v200_S06E021_Map.tif (Caused by NameResolutionError("HTTPSConnection(host='esa-worldcover.s3.eu-central-1.amazonaws.com', port=443): Failed to resolve 'esa-worldcover.s3.eu-central-1.amazonaws.com' ([Errno 11001] getaddrinfo failed)"))
[13:57:33]       tile S06E024: attempt 1 failed (ConnectionError: HTTPSConnectionPool(host='esa-worldcover.s3.eu-central-1.amazonaws.com', port=443): Max retries exceeded with url: /v200/2021/map/ESA_WorldCover_10m_2021_v200_S06E024_Map.tif (Caused by NameResolutionError("HTTPSConnection(host='esa-worldcover.s3.eu-central-1.amazonaws.com', port=443): Failed to resolve 'esa-worldcover.s3.eu-central-1.amazonaws.com' ([Errno 11001] getaddrinfo failed)"))) — retry in 2s
[13:57:35]       tile S06E024: attempt 2 failed (ConnectionError: HTTPSConnectionPool(host='esa-worldcover.s3.eu-central-1.amazonaws.com', port=443): Max retries exceeded with url: /v200/2021/map/ESA_WorldCover_10m_2021_v200_S06E024_Map.tif (Caused by NameResolutionError("HTTPSConnection(host='esa-worldcover.s3.eu-central-1.amazonaws.com', port=443): Failed to resolve 'esa-worldcover.s3.eu-central-1.amazonaws.com' ([Errno 11001] getaddrinfo failed)"))) — retry in 4s
[13:57:39]       WARNING: tile S06E024 failed after 3 attempts — HTTPSConnectionPool(host='esa-worldcover.s3.eu-central-1.amazonaws.com', port=443): Max retries exceeded with url: /v200/2021/map/ESA_WorldCover_10m_2021_v200_S06E024_Map.tif (Caused by NameResolutionError("HTTPSConnection(host='esa-worldcover.s3.eu-central-1.amazonaws.com', port=443): Failed to resolve 'esa-worldcover.s3.eu-central-1.amazonaws.com' ([Errno 11001] getaddrinfo failed)"))
[13:57:39]       tile S06E027: attempt 1 failed (ConnectionError: HTTPSConnectionPool(host='esa-worldcover.s3.eu-central-1.amazonaws.com', port=443): Max retries exceeded with url: /v200/2021/map/ESA_WorldCover_10m_2021_v200_S06E027_Map.tif (Caused by NameResolutionError("HTTPSConnection(host='esa-worldcover.s3.eu-central-1.amazonaws.com', port=443): Failed to resolve 'esa-worldcover.s3.eu-central-1.amazonaws.com' ([Errno 11001] getaddrinfo failed)"))) — retry in 2s
[13:57:41]       tile S06E027: attempt 2 failed (ConnectionError: HTTPSConnectionPool(host='esa-worldcover.s3.eu-central-1.amazonaws.com', port=443): Max retries exceeded with url: /v200/2021/map/ESA_WorldCover_10m_2021_v200_S06E027_Map.tif (Caused by NameResolutionError("HTTPSConnection(host='esa-worldcover.s3.eu-central-1.amazonaws.com', port=443): Failed to resolve 'esa-worldcover.s3.eu-central-1.amazonaws.com' ([Errno 11001] getaddrinfo failed)"))) — retry in 4s
[13:57:45]       WARNING: tile S06E027 failed after 3 attempts — HTTPSConnectionPool(host='esa-worldcover.s3.eu-central-1.amazonaws.com', port=443): Max retries exceeded with url: /v200/2021/map/ESA_WorldCover_10m_2021_v200_S06E027_Map.tif (Caused by NameResolutionError("HTTPSConnection(host='esa-worldcover.s3.eu-central-1.amazonaws.com', port=443): Failed to resolve 'esa-worldcover.s3.eu-central-1.amazonaws.com' ([Errno 11001] getaddrinfo failed)"))
[13:57:45]       tile S06E030: attempt 1 failed (ConnectionError: HTTPSConnectionPool(host='esa-worldcover.s3.eu-central-1.amazonaws.com', port=443): Max retries exceeded with url: /v200/2021/map/ESA_WorldCover_10m_2021_v200_S06E030_Map.tif (Caused by NameResolutionError("HTTPSConnection(host='esa-worldcover.s3.eu-central-1.amazonaws.com', port=443): Failed to resolve 'esa-worldcover.s3.eu-central-1.amazonaws.com' ([Errno 11001] getaddrinfo failed)"))) — retry in 2s
[13:57:47]       tile S06E030: attempt 2 failed (ConnectionError: HTTPSConnectionPool(host='esa-worldcover.s3.eu-central-1.amazonaws.com', port=443): Max retries exceeded with url: /v200/2021/map/ESA_WorldCover_10m_2021_v200_S06E030_Map.tif (Caused by NameResolutionError("HTTPSConnection(host='esa-worldcover.s3.eu-central-1.amazonaws.com', port=443): Failed to resolve 'esa-worldcover.s3.eu-central-1.amazonaws.com' ([Errno 11001] getaddrinfo failed)"))) — retry in 4s
[13:57:51]       WARNING: tile S06E030 failed after 3 attempts — HTTPSConnectionPool(host='esa-worldcover.s3.eu-central-1.amazonaws.com', port=443): Max retries exceeded with url: /v200/2021/map/ESA_WorldCover_10m_2021_v200_S06E030_Map.tif (Caused by NameResolutionError("HTTPSConnection(host='esa-worldcover.s3.eu-central-1.amazonaws.com', port=443): Failed to resolve 'esa-worldcover.s3.eu-central-1.amazonaws.com' ([Errno 11001] getaddrinfo failed)"))
[13:57:51]       tile S06E033: attempt 1 failed (ConnectionError: HTTPSConnectionPool(host='esa-worldcover.s3.eu-central-1.amazonaws.com', port=443): Max retries exceeded with url: /v200/2021/map/ESA_WorldCover_10m_2021_v200_S06E033_Map.tif (Caused by NameResolutionError("HTTPSConnection(host='esa-worldcover.s3.eu-central-1.amazonaws.com', port=443): Failed to resolve 'esa-worldcover.s3.eu-central-1.amazonaws.com' ([Errno 11001] getaddrinfo failed)"))) — retry in 2s
[13:57:53]       tile S06E033: attempt 2 failed (ConnectionError: HTTPSConnectionPool(host='esa-worldcover.s3.eu-central-1.amazonaws.com', port=443): Max retries exceeded with url: /v200/2021/map/ESA_WorldCover_10m_2021_v200_S06E033_Map.tif (Caused by NameResolutionError("HTTPSConnection(host='esa-worldcover.s3.eu-central-1.amazonaws.com', port=443): Failed to resolve 'esa-worldcover.s3.eu-central-1.amazonaws.com' ([Errno 11001] getaddrinfo failed)"))) — retry in 4s
[13:57:57]       WARNING: tile S06E033 failed after 3 attempts — HTTPSConnectionPool(host='esa-worldcover.s3.eu-central-1.amazonaws.com', port=443): Max retries exceeded with url: /v200/2021/map/ESA_WorldCover_10m_2021_v200_S06E033_Map.tif (Caused by NameResolutionError("HTTPSConnection(host='esa-worldcover.s3.eu-central-1.amazonaws.com', port=443): Failed to resolve 'esa-worldcover.s3.eu-central-1.amazonaws.com' ([Errno 11001] getaddrinfo failed)"))
[13:57:57]     tiles with data: 12
[13:58:19]               tile S18E021: clipped (24234×31695 px)
[13:59:25]               tile S18E024: clipped (36000×36000 px)
[14:00:32]               tile S18E027: clipped (36000×35557 px)
[14:01:09]               tile S15E021: clipped (24243×36000 px)
[14:01:57]               tile S15E024: clipped (36000×36000 px)
[14:03:06]               tile S15E027: clipped (36000×36000 px)
[14:04:14]               tile S15E030: clipped (36000×36000 px)
[14:04:20]               tile S15E033: clipped (6327×24979 px)
[14:05:17]               tile S12E030: clipped (36000×36000 px)
[14:05:24]               tile S12E033: clipped (8092×28940 px)
[14:05:30]               tile S09E030: clipped (23241×9672 px)
[14:07:43]     ERROR: clip-mosaic failed — Unable to allocate 1.21 GiB for an array with shape (1, 36000, 36000) and data type bool
[14:07:47] 
[39/54] Mozambique
[14:07:49]     bbox [30.21, -26.86, 40.85, -10.47]
[14:07:49]     tiles to check: 28
[14:07:50]       tile S27E033: attempt 1 failed (ConnectionError: HTTPSConnectionPool(host='esa-worldcover.s3.eu-central-1.amazonaws.com', port=443): Max retries exceeded with url: /v200/2021/map/ESA_WorldCover_10m_2021_v200_S27E033_Map.tif (Caused by NameResolutionError("HTTPSConnection(host='esa-worldcover.s3.eu-central-1.amazonaws.com', port=443): Failed to resolve 'esa-worldcover.s3.eu-central-1.amazonaws.com' ([Errno 11001] getaddrinfo failed)"))) — retry in 2s
[14:07:53]       tile S27E033: attempt 2 failed (ConnectionError: HTTPSConnectionPool(host='esa-worldcover.s3.eu-central-1.amazonaws.com', port=443): Max retries exceeded with url: /v200/2021/map/ESA_WorldCover_10m_2021_v200_S27E033_Map.tif (Caused by NameResolutionError("HTTPSConnection(host='esa-worldcover.s3.eu-central-1.amazonaws.com', port=443): Failed to resolve 'esa-worldcover.s3.eu-central-1.amazonaws.com' ([Errno 11001] getaddrinfo failed)"))) — retry in 4s
[14:07:57]       WARNING: tile S27E033 failed after 3 attempts — HTTPSConnectionPool(host='esa-worldcover.s3.eu-central-1.amazonaws.com', port=443): Max retries exceeded with url: /v200/2021/map/ESA_WorldCover_10m_2021_v200_S27E033_Map.tif (Caused by NameResolutionError("HTTPSConnection(host='esa-worldcover.s3.eu-central-1.amazonaws.com', port=443): Failed to resolve 'esa-worldcover.s3.eu-central-1.amazonaws.com' ([Errno 11001] getaddrinfo failed)"))
[14:07:57]       tile S27E036: attempt 1 failed (ConnectionError: HTTPSConnectionPool(host='esa-worldcover.s3.eu-central-1.amazonaws.com', port=443): Max retries exceeded with url: /v200/2021/map/ESA_WorldCover_10m_2021_v200_S27E036_Map.tif (Caused by NameResolutionError("HTTPSConnection(host='esa-worldcover.s3.eu-central-1.amazonaws.com', port=443): Failed to resolve 'esa-worldcover.s3.eu-central-1.amazonaws.com' ([Errno 11001] getaddrinfo failed)"))) — retry in 2s
[14:07:59]       tile S27E036: attempt 2 failed (ConnectionError: HTTPSConnectionPool(host='esa-worldcover.s3.eu-central-1.amazonaws.com', port=443): Max retries exceeded with url: /v200/2021/map/ESA_WorldCover_10m_2021_v200_S27E036_Map.tif (Caused by NameResolutionError("HTTPSConnection(host='esa-worldcover.s3.eu-central-1.amazonaws.com', port=443): Failed to resolve 'esa-worldcover.s3.eu-central-1.amazonaws.com' ([Errno 11001] getaddrinfo failed)"))) — retry in 4s
[14:08:03]       WARNING: tile S27E036 failed after 3 attempts — HTTPSConnectionPool(host='esa-worldcover.s3.eu-central-1.amazonaws.com', port=443): Max retries exceeded with url: /v200/2021/map/ESA_WorldCover_10m_2021_v200_S27E036_Map.tif (Caused by NameResolutionError("HTTPSConnection(host='esa-worldcover.s3.eu-central-1.amazonaws.com', port=443): Failed to resolve 'esa-worldcover.s3.eu-central-1.amazonaws.com' ([Errno 11001] getaddrinfo failed)"))
[14:08:03]       tile S27E039: attempt 1 failed (ConnectionError: HTTPSConnectionPool(host='esa-worldcover.s3.eu-central-1.amazonaws.com', port=443): Max retries exceeded with url: /v200/2021/map/ESA_WorldCover_10m_2021_v200_S27E039_Map.tif (Caused by NameResolutionError("HTTPSConnection(host='esa-worldcover.s3.eu-central-1.amazonaws.com', port=443): Failed to resolve 'esa-worldcover.s3.eu-central-1.amazonaws.com' ([Errno 11001] getaddrinfo failed)"))) — retry in 2s
[14:08:05]       tile S27E039: attempt 2 failed (ConnectionError: HTTPSConnectionPool(host='esa-worldcover.s3.eu-central-1.amazonaws.com', port=443): Max retries exceeded with url: /v200/2021/map/ESA_WorldCover_10m_2021_v200_S27E039_Map.tif (Caused by NameResolutionError("HTTPSConnection(host='esa-worldcover.s3.eu-central-1.amazonaws.com', port=443): Failed to resolve 'esa-worldcover.s3.eu-central-1.amazonaws.com' ([Errno 11001] getaddrinfo failed)"))) — retry in 4s
[14:08:09]       WARNING: tile S27E039 failed after 3 attempts — HTTPSConnectionPool(host='esa-worldcover.s3.eu-central-1.amazonaws.com', port=443): Max retries exceeded with url: /v200/2021/map/ESA_WorldCover_10m_2021_v200_S27E039_Map.tif (Caused by NameResolutionError("HTTPSConnection(host='esa-worldcover.s3.eu-central-1.amazonaws.com', port=443): Failed to resolve 'esa-worldcover.s3.eu-central-1.amazonaws.com' ([Errno 11001] getaddrinfo failed)"))
[14:08:09]       tile S24E033: attempt 1 failed (ConnectionError: HTTPSConnectionPool(host='esa-worldcover.s3.eu-central-1.amazonaws.com', port=443): Max retries exceeded with url: /v200/2021/map/ESA_WorldCover_10m_2021_v200_S24E033_Map.tif (Caused by NameResolutionError("HTTPSConnection(host='esa-worldcover.s3.eu-central-1.amazonaws.com', port=443): Failed to resolve 'esa-worldcover.s3.eu-central-1.amazonaws.com' ([Errno 11001] getaddrinfo failed)"))) — retry in 2s
[14:08:11]       tile S24E033: attempt 2 failed (ConnectionError: HTTPSConnectionPool(host='esa-worldcover.s3.eu-central-1.amazonaws.com', port=443): Max retries exceeded with url: /v200/2021/map/ESA_WorldCover_10m_2021_v200_S24E033_Map.tif (Caused by NameResolutionError("HTTPSConnection(host='esa-worldcover.s3.eu-central-1.amazonaws.com', port=443): Failed to resolve 'esa-worldcover.s3.eu-central-1.amazonaws.com' ([Errno 11001] getaddrinfo failed)"))) — retry in 4s
[14:08:15]       WARNING: tile S24E033 failed after 3 attempts — HTTPSConnectionPool(host='esa-worldcover.s3.eu-central-1.amazonaws.com', port=443): Max retries exceeded with url: /v200/2021/map/ESA_WorldCover_10m_2021_v200_S24E033_Map.tif (Caused by NameResolutionError("HTTPSConnection(host='esa-worldcover.s3.eu-central-1.amazonaws.com', port=443): Failed to resolve 'esa-worldcover.s3.eu-central-1.amazonaws.com' ([Errno 11001] getaddrinfo failed)"))
[14:08:15]       tile S24E036: attempt 1 failed (ConnectionError: HTTPSConnectionPool(host='esa-worldcover.s3.eu-central-1.amazonaws.com', port=443): Max retries exceeded with url: /v200/2021/map/ESA_WorldCover_10m_2021_v200_S24E036_Map.tif (Caused by NameResolutionError("HTTPSConnection(host='esa-worldcover.s3.eu-central-1.amazonaws.com', port=443): Failed to resolve 'esa-worldcover.s3.eu-central-1.amazonaws.com' ([Errno 11001] getaddrinfo failed)"))) — retry in 2s
[14:08:17]       tile S24E036: attempt 2 failed (ConnectionError: HTTPSConnectionPool(host='esa-worldcover.s3.eu-central-1.amazonaws.com', port=443): Max retries exceeded with url: /v200/2021/map/ESA_WorldCover_10m_2021_v200_S24E036_Map.tif (Caused by NameResolutionError("HTTPSConnection(host='esa-worldcover.s3.eu-central-1.amazonaws.com', port=443): Failed to resolve 'esa-worldcover.s3.eu-central-1.amazonaws.com' ([Errno 11001] getaddrinfo failed)"))) — retry in 4s
[14:08:21]       WARNING: tile S24E036 failed after 3 attempts — HTTPSConnectionPool(host='esa-worldcover.s3.eu-central-1.amazonaws.com', port=443): Max retries exceeded with url: /v200/2021/map/ESA_WorldCover_10m_2021_v200_S24E036_Map.tif (Caused by NameResolutionError("HTTPSConnection(host='esa-worldcover.s3.eu-central-1.amazonaws.com', port=443): Failed to resolve 'esa-worldcover.s3.eu-central-1.amazonaws.com' ([Errno 11001] getaddrinfo failed)"))
[14:08:21]       tile S24E039: attempt 1 failed (ConnectionError: HTTPSConnectionPool(host='esa-worldcover.s3.eu-central-1.amazonaws.com', port=443): Max retries exceeded with url: /v200/2021/map/ESA_WorldCover_10m_2021_v200_S24E039_Map.tif (Caused by NameResolutionError("HTTPSConnection(host='esa-worldcover.s3.eu-central-1.amazonaws.com', port=443): Failed to resolve 'esa-worldcover.s3.eu-central-1.amazonaws.com' ([Errno 11001] getaddrinfo failed)"))) — retry in 2s
[14:08:23]       tile S24E039: attempt 2 failed (ConnectionError: HTTPSConnectionPool(host='esa-worldcover.s3.eu-central-1.amazonaws.com', port=443): Max retries exceeded with url: /v200/2021/map/ESA_WorldCover_10m_2021_v200_S24E039_Map.tif (Caused by NameResolutionError("HTTPSConnection(host='esa-worldcover.s3.eu-central-1.amazonaws.com', port=443): Failed to resolve 'esa-worldcover.s3.eu-central-1.amazonaws.com' ([Errno 11001] getaddrinfo failed)"))) — retry in 4s
[14:08:27]       WARNING: tile S24E039 failed after 3 attempts — HTTPSConnectionPool(host='esa-worldcover.s3.eu-central-1.amazonaws.com', port=443): Max retries exceeded with url: /v200/2021/map/ESA_WorldCover_10m_2021_v200_S24E039_Map.tif (Caused by NameResolutionError("HTTPSConnection(host='esa-worldcover.s3.eu-central-1.amazonaws.com', port=443): Failed to resolve 'esa-worldcover.s3.eu-central-1.amazonaws.com' ([Errno 11001] getaddrinfo failed)"))
[14:08:27]       tile S21E030: attempt 1 failed (ConnectionError: HTTPSConnectionPool(host='esa-worldcover.s3.eu-central-1.amazonaws.com', port=443): Max retries exceeded with url: /v200/2021/map/ESA_WorldCover_10m_2021_v200_S21E030_Map.tif (Caused by NameResolutionError("HTTPSConnection(host='esa-worldcover.s3.eu-central-1.amazonaws.com', port=443): Failed to resolve 'esa-worldcover.s3.eu-central-1.amazonaws.com' ([Errno 11001] getaddrinfo failed)"))) — retry in 2s
[14:08:29]       tile S21E030: attempt 2 failed (ConnectionError: HTTPSConnectionPool(host='esa-worldcover.s3.eu-central-1.amazonaws.com', port=443): Max retries exceeded with url: /v200/2021/map/ESA_WorldCover_10m_2021_v200_S21E030_Map.tif (Caused by NameResolutionError("HTTPSConnection(host='esa-worldcover.s3.eu-central-1.amazonaws.com', port=443): Failed to resolve 'esa-worldcover.s3.eu-central-1.amazonaws.com' ([Errno 11001] getaddrinfo failed)"))) — retry in 4s
[14:08:33]       WARNING: tile S21E030 failed after 3 attempts — HTTPSConnectionPool(host='esa-worldcover.s3.eu-central-1.amazonaws.com', port=443): Max retries exceeded with url: /v200/2021/map/ESA_WorldCover_10m_2021_v200_S21E030_Map.tif (Caused by NameResolutionError("HTTPSConnection(host='esa-worldcover.s3.eu-central-1.amazonaws.com', port=443): Failed to resolve 'esa-worldcover.s3.eu-central-1.amazonaws.com' ([Errno 11001] getaddrinfo failed)"))
[14:08:33]       tile S21E033: attempt 1 failed (ConnectionError: HTTPSConnectionPool(host='esa-worldcover.s3.eu-central-1.amazonaws.com', port=443): Max retries exceeded with url: /v200/2021/map/ESA_WorldCover_10m_2021_v200_S21E033_Map.tif (Caused by NameResolutionError("HTTPSConnection(host='esa-worldcover.s3.eu-central-1.amazonaws.com', port=443): Failed to resolve 'esa-worldcover.s3.eu-central-1.amazonaws.com' ([Errno 11001] getaddrinfo failed)"))) — retry in 2s
[14:08:35]       tile S21E033: attempt 2 failed (ConnectionError: HTTPSConnectionPool(host='esa-worldcover.s3.eu-central-1.amazonaws.com', port=443): Max retries exceeded with url: /v200/2021/map/ESA_WorldCover_10m_2021_v200_S21E033_Map.tif (Caused by NameResolutionError("HTTPSConnection(host='esa-worldcover.s3.eu-central-1.amazonaws.com', port=443): Failed to resolve 'esa-worldcover.s3.eu-central-1.amazonaws.com' ([Errno 11001] getaddrinfo failed)"))) — retry in 4s
[14:08:39]       WARNING: tile S21E033 failed after 3 attempts — HTTPSConnectionPool(host='esa-worldcover.s3.eu-central-1.amazonaws.com', port=443): Max retries exceeded with url: /v200/2021/map/ESA_WorldCover_10m_2021_v200_S21E033_Map.tif (Caused by NameResolutionError("HTTPSConnection(host='esa-worldcover.s3.eu-central-1.amazonaws.com', port=443): Failed to resolve 'esa-worldcover.s3.eu-central-1.amazonaws.com' ([Errno 11001] getaddrinfo failed)"))
[14:08:39]       tile S21E036: attempt 1 failed (ConnectionError: HTTPSConnectionPool(host='esa-worldcover.s3.eu-central-1.amazonaws.com', port=443): Max retries exceeded with url: /v200/2021/map/ESA_WorldCover_10m_2021_v200_S21E036_Map.tif (Caused by NameResolutionError("HTTPSConnection(host='esa-worldcover.s3.eu-central-1.amazonaws.com', port=443): Failed to resolve 'esa-worldcover.s3.eu-central-1.amazonaws.com' ([Errno 11001] getaddrinfo failed)"))) — retry in 2s
[14:08:41]       tile S21E036: attempt 2 failed (ConnectionError: HTTPSConnectionPool(host='esa-worldcover.s3.eu-central-1.amazonaws.com', port=443): Max retries exceeded with url: /v200/2021/map/ESA_WorldCover_10m_2021_v200_S21E036_Map.tif (Caused by NameResolutionError("HTTPSConnection(host='esa-worldcover.s3.eu-central-1.amazonaws.com', port=443): Failed to resolve 'esa-worldcover.s3.eu-central-1.amazonaws.com' ([Errno 11001] getaddrinfo failed)"))) — retry in 4s
[14:08:45]       WARNING: tile S21E036 failed after 3 attempts — HTTPSConnectionPool(host='esa-worldcover.s3.eu-central-1.amazonaws.com', port=443): Max retries exceeded with url: /v200/2021/map/ESA_WorldCover_10m_2021_v200_S21E036_Map.tif (Caused by NameResolutionError("HTTPSConnection(host='esa-worldcover.s3.eu-central-1.amazonaws.com', port=443): Failed to resolve 'esa-worldcover.s3.eu-central-1.amazonaws.com' ([Errno 11001] getaddrinfo failed)"))
[14:08:45]       tile S21E039: attempt 1 failed (ConnectionError: HTTPSConnectionPool(host='esa-worldcover.s3.eu-central-1.amazonaws.com', port=443): Max retries exceeded with url: /v200/2021/map/ESA_WorldCover_10m_2021_v200_S21E039_Map.tif (Caused by NameResolutionError("HTTPSConnection(host='esa-worldcover.s3.eu-central-1.amazonaws.com', port=443): Failed to resolve 'esa-worldcover.s3.eu-central-1.amazonaws.com' ([Errno 11001] getaddrinfo failed)"))) — retry in 2s
[14:08:47]       tile S21E039: attempt 2 failed (ConnectionError: HTTPSConnectionPool(host='esa-worldcover.s3.eu-central-1.amazonaws.com', port=443): Max retries exceeded with url: /v200/2021/map/ESA_WorldCover_10m_2021_v200_S21E039_Map.tif (Caused by NameResolutionError("HTTPSConnection(host='esa-worldcover.s3.eu-central-1.amazonaws.com', port=443): Failed to resolve 'esa-worldcover.s3.eu-central-1.amazonaws.com' ([Errno 11001] getaddrinfo failed)"))) — retry in 4s
[14:08:51]       WARNING: tile S21E039 failed after 3 attempts — HTTPSConnectionPool(host='esa-worldcover.s3.eu-central-1.amazonaws.com', port=443): Max retries exceeded with url: /v200/2021/map/ESA_WorldCover_10m_2021_v200_S21E039_Map.tif (Caused by NameResolutionError("HTTPSConnection(host='esa-worldcover.s3.eu-central-1.amazonaws.com', port=443): Failed to resolve 'esa-worldcover.s3.eu-central-1.amazonaws.com' ([Errno 11001] getaddrinfo failed)"))
[14:08:51]       tile S18E030: attempt 1 failed (ConnectionError: HTTPSConnectionPool(host='esa-worldcover.s3.eu-central-1.amazonaws.com', port=443): Max retries exceeded with url: /v200/2021/map/ESA_WorldCover_10m_2021_v200_S18E030_Map.tif (Caused by NameResolutionError("HTTPSConnection(host='esa-worldcover.s3.eu-central-1.amazonaws.com', port=443): Failed to resolve 'esa-worldcover.s3.eu-central-1.amazonaws.com' ([Errno 11001] getaddrinfo failed)"))) — retry in 2s
[14:08:53]       tile S18E030: attempt 2 failed (ConnectionError: HTTPSConnectionPool(host='esa-worldcover.s3.eu-central-1.amazonaws.com', port=443): Max retries exceeded with url: /v200/2021/map/ESA_WorldCover_10m_2021_v200_S18E030_Map.tif (Caused by NameResolutionError("HTTPSConnection(host='esa-worldcover.s3.eu-central-1.amazonaws.com', port=443): Failed to resolve 'esa-worldcover.s3.eu-central-1.amazonaws.com' ([Errno 11001] getaddrinfo failed)"))) — retry in 4s
[14:08:57]       WARNING: tile S18E030 failed after 3 attempts — HTTPSConnectionPool(host='esa-worldcover.s3.eu-central-1.amazonaws.com', port=443): Max retries exceeded with url: /v200/2021/map/ESA_WorldCover_10m_2021_v200_S18E030_Map.tif (Caused by NameResolutionError("HTTPSConnection(host='esa-worldcover.s3.eu-central-1.amazonaws.com', port=443): Failed to resolve 'esa-worldcover.s3.eu-central-1.amazonaws.com' ([Errno 11001] getaddrinfo failed)"))
[14:08:57]       tile S18E033: attempt 1 failed (ConnectionError: HTTPSConnectionPool(host='esa-worldcover.s3.eu-central-1.amazonaws.com', port=443): Max retries exceeded with url: /v200/2021/map/ESA_WorldCover_10m_2021_v200_S18E033_Map.tif (Caused by NameResolutionError("HTTPSConnection(host='esa-worldcover.s3.eu-central-1.amazonaws.com', port=443): Failed to resolve 'esa-worldcover.s3.eu-central-1.amazonaws.com' ([Errno 11001] getaddrinfo failed)"))) — retry in 2s
[14:08:59]       tile S18E033: attempt 2 failed (ConnectionError: HTTPSConnectionPool(host='esa-worldcover.s3.eu-central-1.amazonaws.com', port=443): Max retries exceeded with url: /v200/2021/map/ESA_WorldCover_10m_2021_v200_S18E033_Map.tif (Caused by NameResolutionError("HTTPSConnection(host='esa-worldcover.s3.eu-central-1.amazonaws.com', port=443): Failed to resolve 'esa-worldcover.s3.eu-central-1.amazonaws.com' ([Errno 11001] getaddrinfo failed)"))) — retry in 4s
[14:09:03]       WARNING: tile S18E033 failed after 3 attempts — HTTPSConnectionPool(host='esa-worldcover.s3.eu-central-1.amazonaws.com', port=443): Max retries exceeded with url: /v200/2021/map/ESA_WorldCover_10m_2021_v200_S18E033_Map.tif (Caused by NameResolutionError("HTTPSConnection(host='esa-worldcover.s3.eu-central-1.amazonaws.com', port=443): Failed to resolve 'esa-worldcover.s3.eu-central-1.amazonaws.com' ([Errno 11001] getaddrinfo failed)"))
[14:09:03]       tile S18E036: attempt 1 failed (ConnectionError: HTTPSConnectionPool(host='esa-worldcover.s3.eu-central-1.amazonaws.com', port=443): Max retries exceeded with url: /v200/2021/map/ESA_WorldCover_10m_2021_v200_S18E036_Map.tif (Caused by NameResolutionError("HTTPSConnection(host='esa-worldcover.s3.eu-central-1.amazonaws.com', port=443): Failed to resolve 'esa-worldcover.s3.eu-central-1.amazonaws.com' ([Errno 11001] getaddrinfo failed)"))) — retry in 2s
[14:09:05]       tile S18E036: attempt 2 failed (ConnectionError: HTTPSConnectionPool(host='esa-worldcover.s3.eu-central-1.amazonaws.com', port=443): Max retries exceeded with url: /v200/2021/map/ESA_WorldCover_10m_2021_v200_S18E036_Map.tif (Caused by NameResolutionError("HTTPSConnection(host='esa-worldcover.s3.eu-central-1.amazonaws.com', port=443): Failed to resolve 'esa-worldcover.s3.eu-central-1.amazonaws.com' ([Errno 11001] getaddrinfo failed)"))) — retry in 4s
[14:09:09]       WARNING: tile S18E036 failed after 3 attempts — HTTPSConnectionPool(host='esa-worldcover.s3.eu-central-1.amazonaws.com', port=443): Max retries exceeded with url: /v200/2021/map/ESA_WorldCover_10m_2021_v200_S18E036_Map.tif (Caused by NameResolutionError("HTTPSConnection(host='esa-worldcover.s3.eu-central-1.amazonaws.com', port=443): Failed to resolve 'esa-worldcover.s3.eu-central-1.amazonaws.com' ([Errno 11001] getaddrinfo failed)"))
[14:09:09]       tile S18E039: attempt 1 failed (ConnectionError: HTTPSConnectionPool(host='esa-worldcover.s3.eu-central-1.amazonaws.com', port=443): Max retries exceeded with url: /v200/2021/map/ESA_WorldCover_10m_2021_v200_S18E039_Map.tif (Caused by NameResolutionError("HTTPSConnection(host='esa-worldcover.s3.eu-central-1.amazonaws.com', port=443): Failed to resolve 'esa-worldcover.s3.eu-central-1.amazonaws.com' ([Errno 11001] getaddrinfo failed)"))) — retry in 2s
[14:09:11]       tile S18E039: attempt 2 failed (ConnectionError: HTTPSConnectionPool(host='esa-worldcover.s3.eu-central-1.amazonaws.com', port=443): Max retries exceeded with url: /v200/2021/map/ESA_WorldCover_10m_2021_v200_S18E039_Map.tif (Caused by NameResolutionError("HTTPSConnection(host='esa-worldcover.s3.eu-central-1.amazonaws.com', port=443): Failed to resolve 'esa-worldcover.s3.eu-central-1.amazonaws.com' ([Errno 11001] getaddrinfo failed)"))) — retry in 4s
[14:09:15]       WARNING: tile S18E039 failed after 3 attempts — HTTPSConnectionPool(host='esa-worldcover.s3.eu-central-1.amazonaws.com', port=443): Max retries exceeded with url: /v200/2021/map/ESA_WorldCover_10m_2021_v200_S18E039_Map.tif (Caused by NameResolutionError("HTTPSConnection(host='esa-worldcover.s3.eu-central-1.amazonaws.com', port=443): Failed to resolve 'esa-worldcover.s3.eu-central-1.amazonaws.com' ([Errno 11001] getaddrinfo failed)"))
[14:09:15]       tile S15E039: attempt 1 failed (ConnectionError: HTTPSConnectionPool(host='esa-worldcover.s3.eu-central-1.amazonaws.com', port=443): Max retries exceeded with url: /v200/2021/map/ESA_WorldCover_10m_2021_v200_S15E039_Map.tif (Caused by NameResolutionError("HTTPSConnection(host='esa-worldcover.s3.eu-central-1.amazonaws.com', port=443): Failed to resolve 'esa-worldcover.s3.eu-central-1.amazonaws.com' ([Errno 11001] getaddrinfo failed)"))) — retry in 2s
[14:09:17]       tile S15E039: attempt 2 failed (ConnectionError: HTTPSConnectionPool(host='esa-worldcover.s3.eu-central-1.amazonaws.com', port=443): Max retries exceeded with url: /v200/2021/map/ESA_WorldCover_10m_2021_v200_S15E039_Map.tif (Caused by NameResolutionError("HTTPSConnection(host='esa-worldcover.s3.eu-central-1.amazonaws.com', port=443): Failed to resolve 'esa-worldcover.s3.eu-central-1.amazonaws.com' ([Errno 11001] getaddrinfo failed)"))) — retry in 4s
[14:09:21]       WARNING: tile S15E039 failed after 3 attempts — HTTPSConnectionPool(host='esa-worldcover.s3.eu-central-1.amazonaws.com', port=443): Max retries exceeded with url: /v200/2021/map/ESA_WorldCover_10m_2021_v200_S15E039_Map.tif (Caused by NameResolutionError("HTTPSConnection(host='esa-worldcover.s3.eu-central-1.amazonaws.com', port=443): Failed to resolve 'esa-worldcover.s3.eu-central-1.amazonaws.com' ([Errno 11001] getaddrinfo failed)"))
[14:09:21]       tile S12E039: attempt 1 failed (ConnectionError: HTTPSConnectionPool(host='esa-worldcover.s3.eu-central-1.amazonaws.com', port=443): Max retries exceeded with url: /v200/2021/map/ESA_WorldCover_10m_2021_v200_S12E039_Map.tif (Caused by NameResolutionError("HTTPSConnection(host='esa-worldcover.s3.eu-central-1.amazonaws.com', port=443): Failed to resolve 'esa-worldcover.s3.eu-central-1.amazonaws.com' ([Errno 11001] getaddrinfo failed)"))) — retry in 2s
[14:09:23]       tile S12E039: attempt 2 failed (ConnectionError: HTTPSConnectionPool(host='esa-worldcover.s3.eu-central-1.amazonaws.com', port=443): Max retries exceeded with url: /v200/2021/map/ESA_WorldCover_10m_2021_v200_S12E039_Map.tif (Caused by NameResolutionError("HTTPSConnection(host='esa-worldcover.s3.eu-central-1.amazonaws.com', port=443): Failed to resolve 'esa-worldcover.s3.eu-central-1.amazonaws.com' ([Errno 11001] getaddrinfo failed)"))) — retry in 4s
[14:09:27]       WARNING: tile S12E039 failed after 3 attempts — HTTPSConnectionPool(host='esa-worldcover.s3.eu-central-1.amazonaws.com', port=443): Max retries exceeded with url: /v200/2021/map/ESA_WorldCover_10m_2021_v200_S12E039_Map.tif (Caused by NameResolutionError("HTTPSConnection(host='esa-worldcover.s3.eu-central-1.amazonaws.com', port=443): Failed to resolve 'esa-worldcover.s3.eu-central-1.amazonaws.com' ([Errno 11001] getaddrinfo failed)"))
[14:09:27]       tile S09E039: attempt 1 failed (ConnectionError: HTTPSConnectionPool(host='esa-worldcover.s3.eu-central-1.amazonaws.com', port=443): Max retries exceeded with url: /v200/2021/map/ESA_WorldCover_10m_2021_v200_S09E039_Map.tif (Caused by NameResolutionError("HTTPSConnection(host='esa-worldcover.s3.eu-central-1.amazonaws.com', port=443): Failed to resolve 'esa-worldcover.s3.eu-central-1.amazonaws.com' ([Errno 11001] getaddrinfo failed)"))) — retry in 2s
[14:09:29]       tile S09E039: attempt 2 failed (ConnectionError: HTTPSConnectionPool(host='esa-worldcover.s3.eu-central-1.amazonaws.com', port=443): Max retries exceeded with url: /v200/2021/map/ESA_WorldCover_10m_2021_v200_S09E039_Map.tif (Caused by NameResolutionError("HTTPSConnection(host='esa-worldcover.s3.eu-central-1.amazonaws.com', port=443): Failed to resolve 'esa-worldcover.s3.eu-central-1.amazonaws.com' ([Errno 11001] getaddrinfo failed)"))) — retry in 4s
[14:09:33]       WARNING: tile S09E039 failed after 3 attempts — HTTPSConnectionPool(host='esa-worldcover.s3.eu-central-1.amazonaws.com', port=443): Max retries exceeded with url: /v200/2021/map/ESA_WorldCover_10m_2021_v200_S09E039_Map.tif (Caused by NameResolutionError("HTTPSConnection(host='esa-worldcover.s3.eu-central-1.amazonaws.com', port=443): Failed to resolve 'esa-worldcover.s3.eu-central-1.amazonaws.com' ([Errno 11001] getaddrinfo failed)"))
[14:09:33]     tiles with data: 11
[14:09:46]               tile S27E030: clipped (13705×34325 px)
[14:10:08]               tile S24E030: clipped (20652×36000 px)
[14:10:27]               tile S15E030: clipped (33436×11025 px)
[14:11:31]               tile S15E033: clipped (36000×36000 px)
[14:12:39]               tile S15E036: clipped (36000×36000 px)
[14:12:43]               tile S12E033: clipped (18602×7040 px)
[14:12:54]               tile S12E036: clipped (36000×10081 px)
[14:14:17]     ERROR: clip-mosaic failed — Unable to allocate 449. MiB for an array with shape (1, 34325, 13705) and data type bool
[14:14:20] 
[40/54] Namibia
[14:14:20]     bbox [11.72, -28.96, 25.26, -16.95]
[14:14:20]     tiles to check: 30
[14:14:20]       tile S27E009: attempt 1 failed (ConnectionError: HTTPSConnectionPool(host='esa-worldcover.s3.eu-central-1.amazonaws.com', port=443): Max retries exceeded with url: /v200/2021/map/ESA_WorldCover_10m_2021_v200_S27E009_Map.tif (Caused by NameResolutionError("HTTPSConnection(host='esa-worldcover.s3.eu-central-1.amazonaws.com', port=443): Failed to resolve 'esa-worldcover.s3.eu-central-1.amazonaws.com' ([Errno 11001] getaddrinfo failed)"))) — retry in 2s
[14:14:22]       tile S27E009: attempt 2 failed (ConnectionError: HTTPSConnectionPool(host='esa-worldcover.s3.eu-central-1.amazonaws.com', port=443): Max retries exceeded with url: /v200/2021/map/ESA_WorldCover_10m_2021_v200_S27E009_Map.tif (Caused by NameResolutionError("HTTPSConnection(host='esa-worldcover.s3.eu-central-1.amazonaws.com', port=443): Failed to resolve 'esa-worldcover.s3.eu-central-1.amazonaws.com' ([Errno 11001] getaddrinfo failed)"))) — retry in 4s
[14:14:26]       WARNING: tile S27E009 failed after 3 attempts — HTTPSConnectionPool(host='esa-worldcover.s3.eu-central-1.amazonaws.com', port=443): Max retries exceeded with url: /v200/2021/map/ESA_WorldCover_10m_2021_v200_S27E009_Map.tif (Caused by NameResolutionError("HTTPSConnection(host='esa-worldcover.s3.eu-central-1.amazonaws.com', port=443): Failed to resolve 'esa-worldcover.s3.eu-central-1.amazonaws.com' ([Errno 11001] getaddrinfo failed)"))
[14:14:26]       tile S27E012: attempt 1 failed (ConnectionError: HTTPSConnectionPool(host='esa-worldcover.s3.eu-central-1.amazonaws.com', port=443): Max retries exceeded with url: /v200/2021/map/ESA_WorldCover_10m_2021_v200_S27E012_Map.tif (Caused by NameResolutionError("HTTPSConnection(host='esa-worldcover.s3.eu-central-1.amazonaws.com', port=443): Failed to resolve 'esa-worldcover.s3.eu-central-1.amazonaws.com' ([Errno 11001] getaddrinfo failed)"))) — retry in 2s
[14:14:28]       tile S27E012: attempt 2 failed (ConnectionError: HTTPSConnectionPool(host='esa-worldcover.s3.eu-central-1.amazonaws.com', port=443): Max retries exceeded with url: /v200/2021/map/ESA_WorldCover_10m_2021_v200_S27E012_Map.tif (Caused by NameResolutionError("HTTPSConnection(host='esa-worldcover.s3.eu-central-1.amazonaws.com', port=443): Failed to resolve 'esa-worldcover.s3.eu-central-1.amazonaws.com' ([Errno 11001] getaddrinfo failed)"))) — retry in 4s
[14:14:32]       WARNING: tile S27E012 failed after 3 attempts — HTTPSConnectionPool(host='esa-worldcover.s3.eu-central-1.amazonaws.com', port=443): Max retries exceeded with url: /v200/2021/map/ESA_WorldCover_10m_2021_v200_S27E012_Map.tif (Caused by NameResolutionError("HTTPSConnection(host='esa-worldcover.s3.eu-central-1.amazonaws.com', port=443): Failed to resolve 'esa-worldcover.s3.eu-central-1.amazonaws.com' ([Errno 11001] getaddrinfo failed)"))
[14:14:32]       tile S27E015: attempt 1 failed (ConnectionError: HTTPSConnectionPool(host='esa-worldcover.s3.eu-central-1.amazonaws.com', port=443): Max retries exceeded with url: /v200/2021/map/ESA_WorldCover_10m_2021_v200_S27E015_Map.tif (Caused by NameResolutionError("HTTPSConnection(host='esa-worldcover.s3.eu-central-1.amazonaws.com', port=443): Failed to resolve 'esa-worldcover.s3.eu-central-1.amazonaws.com' ([Errno 11001] getaddrinfo failed)"))) — retry in 2s
[14:14:34]       tile S27E015: attempt 2 failed (ConnectionError: HTTPSConnectionPool(host='esa-worldcover.s3.eu-central-1.amazonaws.com', port=443): Max retries exceeded with url: /v200/2021/map/ESA_WorldCover_10m_2021_v200_S27E015_Map.tif (Caused by NameResolutionError("HTTPSConnection(host='esa-worldcover.s3.eu-central-1.amazonaws.com', port=443): Failed to resolve 'esa-worldcover.s3.eu-central-1.amazonaws.com' ([Errno 11001] getaddrinfo failed)"))) — retry in 4s
[14:14:38]       WARNING: tile S27E015 failed after 3 attempts — HTTPSConnectionPool(host='esa-worldcover.s3.eu-central-1.amazonaws.com', port=443): Max retries exceeded with url: /v200/2021/map/ESA_WorldCover_10m_2021_v200_S27E015_Map.tif (Caused by NameResolutionError("HTTPSConnection(host='esa-worldcover.s3.eu-central-1.amazonaws.com', port=443): Failed to resolve 'esa-worldcover.s3.eu-central-1.amazonaws.com' ([Errno 11001] getaddrinfo failed)"))
[14:14:38]       tile S27E018: attempt 1 failed (ConnectionError: HTTPSConnectionPool(host='esa-worldcover.s3.eu-central-1.amazonaws.com', port=443): Max retries exceeded with url: /v200/2021/map/ESA_WorldCover_10m_2021_v200_S27E018_Map.tif (Caused by NameResolutionError("HTTPSConnection(host='esa-worldcover.s3.eu-central-1.amazonaws.com', port=443): Failed to resolve 'esa-worldcover.s3.eu-central-1.amazonaws.com' ([Errno 11001] getaddrinfo failed)"))) — retry in 2s
[14:14:40]       tile S27E018: attempt 2 failed (ConnectionError: HTTPSConnectionPool(host='esa-worldcover.s3.eu-central-1.amazonaws.com', port=443): Max retries exceeded with url: /v200/2021/map/ESA_WorldCover_10m_2021_v200_S27E018_Map.tif (Caused by NameResolutionError("HTTPSConnection(host='esa-worldcover.s3.eu-central-1.amazonaws.com', port=443): Failed to resolve 'esa-worldcover.s3.eu-central-1.amazonaws.com' ([Errno 11001] getaddrinfo failed)"))) — retry in 4s
[14:14:44]       WARNING: tile S27E018 failed after 3 attempts — HTTPSConnectionPool(host='esa-worldcover.s3.eu-central-1.amazonaws.com', port=443): Max retries exceeded with url: /v200/2021/map/ESA_WorldCover_10m_2021_v200_S27E018_Map.tif (Caused by NameResolutionError("HTTPSConnection(host='esa-worldcover.s3.eu-central-1.amazonaws.com', port=443): Failed to resolve 'esa-worldcover.s3.eu-central-1.amazonaws.com' ([Errno 11001] getaddrinfo failed)"))
[14:14:44]       tile S24E009: attempt 1 failed (ConnectionError: HTTPSConnectionPool(host='esa-worldcover.s3.eu-central-1.amazonaws.com', port=443): Max retries exceeded with url: /v200/2021/map/ESA_WorldCover_10m_2021_v200_S24E009_Map.tif (Caused by NameResolutionError("HTTPSConnection(host='esa-worldcover.s3.eu-central-1.amazonaws.com', port=443): Failed to resolve 'esa-worldcover.s3.eu-central-1.amazonaws.com' ([Errno 11001] getaddrinfo failed)"))) — retry in 2s
[14:14:46]       tile S24E009: attempt 2 failed (ConnectionError: HTTPSConnectionPool(host='esa-worldcover.s3.eu-central-1.amazonaws.com', port=443): Max retries exceeded with url: /v200/2021/map/ESA_WorldCover_10m_2021_v200_S24E009_Map.tif (Caused by NameResolutionError("HTTPSConnection(host='esa-worldcover.s3.eu-central-1.amazonaws.com', port=443): Failed to resolve 'esa-worldcover.s3.eu-central-1.amazonaws.com' ([Errno 11001] getaddrinfo failed)"))) — retry in 4s
[14:14:50]       WARNING: tile S24E009 failed after 3 attempts — HTTPSConnectionPool(host='esa-worldcover.s3.eu-central-1.amazonaws.com', port=443): Max retries exceeded with url: /v200/2021/map/ESA_WorldCover_10m_2021_v200_S24E009_Map.tif (Caused by NameResolutionError("HTTPSConnection(host='esa-worldcover.s3.eu-central-1.amazonaws.com', port=443): Failed to resolve 'esa-worldcover.s3.eu-central-1.amazonaws.com' ([Errno 11001] getaddrinfo failed)"))
[14:14:50]       tile S24E012: attempt 1 failed (ConnectionError: HTTPSConnectionPool(host='esa-worldcover.s3.eu-central-1.amazonaws.com', port=443): Max retries exceeded with url: /v200/2021/map/ESA_WorldCover_10m_2021_v200_S24E012_Map.tif (Caused by NameResolutionError("HTTPSConnection(host='esa-worldcover.s3.eu-central-1.amazonaws.com', port=443): Failed to resolve 'esa-worldcover.s3.eu-central-1.amazonaws.com' ([Errno 11001] getaddrinfo failed)"))) — retry in 2s
[14:14:52]       tile S24E012: attempt 2 failed (ConnectionError: HTTPSConnectionPool(host='esa-worldcover.s3.eu-central-1.amazonaws.com', port=443): Max retries exceeded with url: /v200/2021/map/ESA_WorldCover_10m_2021_v200_S24E012_Map.tif (Caused by NameResolutionError("HTTPSConnection(host='esa-worldcover.s3.eu-central-1.amazonaws.com', port=443): Failed to resolve 'esa-worldcover.s3.eu-central-1.amazonaws.com' ([Errno 11001] getaddrinfo failed)"))) — retry in 4s
[14:14:56]       WARNING: tile S24E012 failed after 3 attempts — HTTPSConnectionPool(host='esa-worldcover.s3.eu-central-1.amazonaws.com', port=443): Max retries exceeded with url: /v200/2021/map/ESA_WorldCover_10m_2021_v200_S24E012_Map.tif (Caused by NameResolutionError("HTTPSConnection(host='esa-worldcover.s3.eu-central-1.amazonaws.com', port=443): Failed to resolve 'esa-worldcover.s3.eu-central-1.amazonaws.com' ([Errno 11001] getaddrinfo failed)"))
[14:14:56]       tile S24E015: attempt 1 failed (ConnectionError: HTTPSConnectionPool(host='esa-worldcover.s3.eu-central-1.amazonaws.com', port=443): Max retries exceeded with url: /v200/2021/map/ESA_WorldCover_10m_2021_v200_S24E015_Map.tif (Caused by NameResolutionError("HTTPSConnection(host='esa-worldcover.s3.eu-central-1.amazonaws.com', port=443): Failed to resolve 'esa-worldcover.s3.eu-central-1.amazonaws.com' ([Errno 11001] getaddrinfo failed)"))) — retry in 2s
[14:14:58]       tile S24E015: attempt 2 failed (ConnectionError: HTTPSConnectionPool(host='esa-worldcover.s3.eu-central-1.amazonaws.com', port=443): Max retries exceeded with url: /v200/2021/map/ESA_WorldCover_10m_2021_v200_S24E015_Map.tif (Caused by NameResolutionError("HTTPSConnection(host='esa-worldcover.s3.eu-central-1.amazonaws.com', port=443): Failed to resolve 'esa-worldcover.s3.eu-central-1.amazonaws.com' ([Errno 11001] getaddrinfo failed)"))) — retry in 4s
[14:15:02]       WARNING: tile S24E015 failed after 3 attempts — HTTPSConnectionPool(host='esa-worldcover.s3.eu-central-1.amazonaws.com', port=443): Max retries exceeded with url: /v200/2021/map/ESA_WorldCover_10m_2021_v200_S24E015_Map.tif (Caused by NameResolutionError("HTTPSConnection(host='esa-worldcover.s3.eu-central-1.amazonaws.com', port=443): Failed to resolve 'esa-worldcover.s3.eu-central-1.amazonaws.com' ([Errno 11001] getaddrinfo failed)"))
[14:15:02]       tile S21E009: attempt 1 failed (ConnectionError: HTTPSConnectionPool(host='esa-worldcover.s3.eu-central-1.amazonaws.com', port=443): Max retries exceeded with url: /v200/2021/map/ESA_WorldCover_10m_2021_v200_S21E009_Map.tif (Caused by NameResolutionError("HTTPSConnection(host='esa-worldcover.s3.eu-central-1.amazonaws.com', port=443): Failed to resolve 'esa-worldcover.s3.eu-central-1.amazonaws.com' ([Errno 11001] getaddrinfo failed)"))) — retry in 2s
[14:15:04]       tile S21E009: attempt 2 failed (ConnectionError: HTTPSConnectionPool(host='esa-worldcover.s3.eu-central-1.amazonaws.com', port=443): Max retries exceeded with url: /v200/2021/map/ESA_WorldCover_10m_2021_v200_S21E009_Map.tif (Caused by NameResolutionError("HTTPSConnection(host='esa-worldcover.s3.eu-central-1.amazonaws.com', port=443): Failed to resolve 'esa-worldcover.s3.eu-central-1.amazonaws.com' ([Errno 11001] getaddrinfo failed)"))) — retry in 4s
[14:15:08]       WARNING: tile S21E009 failed after 3 attempts — HTTPSConnectionPool(host='esa-worldcover.s3.eu-central-1.amazonaws.com', port=443): Max retries exceeded with url: /v200/2021/map/ESA_WorldCover_10m_2021_v200_S21E009_Map.tif (Caused by NameResolutionError("HTTPSConnection(host='esa-worldcover.s3.eu-central-1.amazonaws.com', port=443): Failed to resolve 'esa-worldcover.s3.eu-central-1.amazonaws.com' ([Errno 11001] getaddrinfo failed)"))
[14:15:08]       tile S21E012: attempt 1 failed (ConnectionError: HTTPSConnectionPool(host='esa-worldcover.s3.eu-central-1.amazonaws.com', port=443): Max retries exceeded with url: /v200/2021/map/ESA_WorldCover_10m_2021_v200_S21E012_Map.tif (Caused by NameResolutionError("HTTPSConnection(host='esa-worldcover.s3.eu-central-1.amazonaws.com', port=443): Failed to resolve 'esa-worldcover.s3.eu-central-1.amazonaws.com' ([Errno 11001] getaddrinfo failed)"))) — retry in 2s
[14:15:11]       tile S21E012: attempt 2 failed (ConnectionError: HTTPSConnectionPool(host='esa-worldcover.s3.eu-central-1.amazonaws.com', port=443): Max retries exceeded with url: /v200/2021/map/ESA_WorldCover_10m_2021_v200_S21E012_Map.tif (Caused by NameResolutionError("HTTPSConnection(host='esa-worldcover.s3.eu-central-1.amazonaws.com', port=443): Failed to resolve 'esa-worldcover.s3.eu-central-1.amazonaws.com' ([Errno 11001] getaddrinfo failed)"))) — retry in 4s
[14:15:15]       WARNING: tile S21E012 failed after 3 attempts — HTTPSConnectionPool(host='esa-worldcover.s3.eu-central-1.amazonaws.com', port=443): Max retries exceeded with url: /v200/2021/map/ESA_WorldCover_10m_2021_v200_S21E012_Map.tif (Caused by NameResolutionError("HTTPSConnection(host='esa-worldcover.s3.eu-central-1.amazonaws.com', port=443): Failed to resolve 'esa-worldcover.s3.eu-central-1.amazonaws.com' ([Errno 11001] getaddrinfo failed)"))
[14:15:15]       tile S21E015: attempt 1 failed (ConnectionError: HTTPSConnectionPool(host='esa-worldcover.s3.eu-central-1.amazonaws.com', port=443): Max retries exceeded with url: /v200/2021/map/ESA_WorldCover_10m_2021_v200_S21E015_Map.tif (Caused by NameResolutionError("HTTPSConnection(host='esa-worldcover.s3.eu-central-1.amazonaws.com', port=443): Failed to resolve 'esa-worldcover.s3.eu-central-1.amazonaws.com' ([Errno 11001] getaddrinfo failed)"))) — retry in 2s
[14:15:17]       tile S21E015: attempt 2 failed (ConnectionError: HTTPSConnectionPool(host='esa-worldcover.s3.eu-central-1.amazonaws.com', port=443): Max retries exceeded with url: /v200/2021/map/ESA_WorldCover_10m_2021_v200_S21E015_Map.tif (Caused by NameResolutionError("HTTPSConnection(host='esa-worldcover.s3.eu-central-1.amazonaws.com', port=443): Failed to resolve 'esa-worldcover.s3.eu-central-1.amazonaws.com' ([Errno 11001] getaddrinfo failed)"))) — retry in 4s
[14:15:21]       WARNING: tile S21E015 failed after 3 attempts — HTTPSConnectionPool(host='esa-worldcover.s3.eu-central-1.amazonaws.com', port=443): Max retries exceeded with url: /v200/2021/map/ESA_WorldCover_10m_2021_v200_S21E015_Map.tif (Caused by NameResolutionError("HTTPSConnection(host='esa-worldcover.s3.eu-central-1.amazonaws.com', port=443): Failed to resolve 'esa-worldcover.s3.eu-central-1.amazonaws.com' ([Errno 11001] getaddrinfo failed)"))
[14:15:21]       tile S18E009: attempt 1 failed (ConnectionError: HTTPSConnectionPool(host='esa-worldcover.s3.eu-central-1.amazonaws.com', port=443): Max retries exceeded with url: /v200/2021/map/ESA_WorldCover_10m_2021_v200_S18E009_Map.tif (Caused by NameResolutionError("HTTPSConnection(host='esa-worldcover.s3.eu-central-1.amazonaws.com', port=443): Failed to resolve 'esa-worldcover.s3.eu-central-1.amazonaws.com' ([Errno 11001] getaddrinfo failed)"))) — retry in 2s
[14:15:23]       tile S18E009: attempt 2 failed (ConnectionError: HTTPSConnectionPool(host='esa-worldcover.s3.eu-central-1.amazonaws.com', port=443): Max retries exceeded with url: /v200/2021/map/ESA_WorldCover_10m_2021_v200_S18E009_Map.tif (Caused by NameResolutionError("HTTPSConnection(host='esa-worldcover.s3.eu-central-1.amazonaws.com', port=443): Failed to resolve 'esa-worldcover.s3.eu-central-1.amazonaws.com' ([Errno 11001] getaddrinfo failed)"))) — retry in 4s
[14:15:27]       WARNING: tile S18E009 failed after 3 attempts — HTTPSConnectionPool(host='esa-worldcover.s3.eu-central-1.amazonaws.com', port=443): Max retries exceeded with url: /v200/2021/map/ESA_WorldCover_10m_2021_v200_S18E009_Map.tif (Caused by NameResolutionError("HTTPSConnection(host='esa-worldcover.s3.eu-central-1.amazonaws.com', port=443): Failed to resolve 'esa-worldcover.s3.eu-central-1.amazonaws.com' ([Errno 11001] getaddrinfo failed)"))
[14:15:27]       tile S18E012: attempt 1 failed (ConnectionError: HTTPSConnectionPool(host='esa-worldcover.s3.eu-central-1.amazonaws.com', port=443): Max retries exceeded with url: /v200/2021/map/ESA_WorldCover_10m_2021_v200_S18E012_Map.tif (Caused by NameResolutionError("HTTPSConnection(host='esa-worldcover.s3.eu-central-1.amazonaws.com', port=443): Failed to resolve 'esa-worldcover.s3.eu-central-1.amazonaws.com' ([Errno 11001] getaddrinfo failed)"))) — retry in 2s
[14:15:29]       tile S18E012: attempt 2 failed (ConnectionError: HTTPSConnectionPool(host='esa-worldcover.s3.eu-central-1.amazonaws.com', port=443): Max retries exceeded with url: /v200/2021/map/ESA_WorldCover_10m_2021_v200_S18E012_Map.tif (Caused by NameResolutionError("HTTPSConnection(host='esa-worldcover.s3.eu-central-1.amazonaws.com', port=443): Failed to resolve 'esa-worldcover.s3.eu-central-1.amazonaws.com' ([Errno 11001] getaddrinfo failed)"))) — retry in 4s
[14:15:33]       WARNING: tile S18E012 failed after 3 attempts — HTTPSConnectionPool(host='esa-worldcover.s3.eu-central-1.amazonaws.com', port=443): Max retries exceeded with url: /v200/2021/map/ESA_WorldCover_10m_2021_v200_S18E012_Map.tif (Caused by NameResolutionError("HTTPSConnection(host='esa-worldcover.s3.eu-central-1.amazonaws.com', port=443): Failed to resolve 'esa-worldcover.s3.eu-central-1.amazonaws.com' ([Errno 11001] getaddrinfo failed)"))
[14:15:33]       tile S18E015: attempt 1 failed (ConnectionError: HTTPSConnectionPool(host='esa-worldcover.s3.eu-central-1.amazonaws.com', port=443): Max retries exceeded with url: /v200/2021/map/ESA_WorldCover_10m_2021_v200_S18E015_Map.tif (Caused by NameResolutionError("HTTPSConnection(host='esa-worldcover.s3.eu-central-1.amazonaws.com', port=443): Failed to resolve 'esa-worldcover.s3.eu-central-1.amazonaws.com' ([Errno 11001] getaddrinfo failed)"))) — retry in 2s
[14:15:35]       tile S18E015: attempt 2 failed (ConnectionError: HTTPSConnectionPool(host='esa-worldcover.s3.eu-central-1.amazonaws.com', port=443): Max retries exceeded with url: /v200/2021/map/ESA_WorldCover_10m_2021_v200_S18E015_Map.tif (Caused by NameResolutionError("HTTPSConnection(host='esa-worldcover.s3.eu-central-1.amazonaws.com', port=443): Failed to resolve 'esa-worldcover.s3.eu-central-1.amazonaws.com' ([Errno 11001] getaddrinfo failed)"))) — retry in 4s
[14:15:39]       WARNING: tile S18E015 failed after 3 attempts — HTTPSConnectionPool(host='esa-worldcover.s3.eu-central-1.amazonaws.com', port=443): Max retries exceeded with url: /v200/2021/map/ESA_WorldCover_10m_2021_v200_S18E015_Map.tif (Caused by NameResolutionError("HTTPSConnection(host='esa-worldcover.s3.eu-central-1.amazonaws.com', port=443): Failed to resolve 'esa-worldcover.s3.eu-central-1.amazonaws.com' ([Errno 11001] getaddrinfo failed)"))
[14:15:39]       tile S15E009: attempt 1 failed (ConnectionError: HTTPSConnectionPool(host='esa-worldcover.s3.eu-central-1.amazonaws.com', port=443): Max retries exceeded with url: /v200/2021/map/ESA_WorldCover_10m_2021_v200_S15E009_Map.tif (Caused by NameResolutionError("HTTPSConnection(host='esa-worldcover.s3.eu-central-1.amazonaws.com', port=443): Failed to resolve 'esa-worldcover.s3.eu-central-1.amazonaws.com' ([Errno 11001] getaddrinfo failed)"))) — retry in 2s
[14:15:41]       tile S15E009: attempt 2 failed (ConnectionError: HTTPSConnectionPool(host='esa-worldcover.s3.eu-central-1.amazonaws.com', port=443): Max retries exceeded with url: /v200/2021/map/ESA_WorldCover_10m_2021_v200_S15E009_Map.tif (Caused by NameResolutionError("HTTPSConnection(host='esa-worldcover.s3.eu-central-1.amazonaws.com', port=443): Failed to resolve 'esa-worldcover.s3.eu-central-1.amazonaws.com' ([Errno 11001] getaddrinfo failed)"))) — retry in 4s
[14:15:45]       WARNING: tile S15E009 failed after 3 attempts — HTTPSConnectionPool(host='esa-worldcover.s3.eu-central-1.amazonaws.com', port=443): Max retries exceeded with url: /v200/2021/map/ESA_WorldCover_10m_2021_v200_S15E009_Map.tif (Caused by NameResolutionError("HTTPSConnection(host='esa-worldcover.s3.eu-central-1.amazonaws.com', port=443): Failed to resolve 'esa-worldcover.s3.eu-central-1.amazonaws.com' ([Errno 11001] getaddrinfo failed)"))
[14:15:45]       tile S15E012: attempt 1 failed (ConnectionError: HTTPSConnectionPool(host='esa-worldcover.s3.eu-central-1.amazonaws.com', port=443): Max retries exceeded with url: /v200/2021/map/ESA_WorldCover_10m_2021_v200_S15E012_Map.tif (Caused by NameResolutionError("HTTPSConnection(host='esa-worldcover.s3.eu-central-1.amazonaws.com', port=443): Failed to resolve 'esa-worldcover.s3.eu-central-1.amazonaws.com' ([Errno 11001] getaddrinfo failed)"))) — retry in 2s
[14:15:47]       tile S15E012: attempt 2 failed (ConnectionError: HTTPSConnectionPool(host='esa-worldcover.s3.eu-central-1.amazonaws.com', port=443): Max retries exceeded with url: /v200/2021/map/ESA_WorldCover_10m_2021_v200_S15E012_Map.tif (Caused by NameResolutionError("HTTPSConnection(host='esa-worldcover.s3.eu-central-1.amazonaws.com', port=443): Failed to resolve 'esa-worldcover.s3.eu-central-1.amazonaws.com' ([Errno 11001] getaddrinfo failed)"))) — retry in 4s
[14:15:51]       WARNING: tile S15E012 failed after 3 attempts — HTTPSConnectionPool(host='esa-worldcover.s3.eu-central-1.amazonaws.com', port=443): Max retries exceeded with url: /v200/2021/map/ESA_WorldCover_10m_2021_v200_S15E012_Map.tif (Caused by NameResolutionError("HTTPSConnection(host='esa-worldcover.s3.eu-central-1.amazonaws.com', port=443): Failed to resolve 'esa-worldcover.s3.eu-central-1.amazonaws.com' ([Errno 11001] getaddrinfo failed)"))
[14:15:51]       tile S15E015: attempt 1 failed (ConnectionError: HTTPSConnectionPool(host='esa-worldcover.s3.eu-central-1.amazonaws.com', port=443): Max retries exceeded with url: /v200/2021/map/ESA_WorldCover_10m_2021_v200_S15E015_Map.tif (Caused by NameResolutionError("HTTPSConnection(host='esa-worldcover.s3.eu-central-1.amazonaws.com', port=443): Failed to resolve 'esa-worldcover.s3.eu-central-1.amazonaws.com' ([Errno 11001] getaddrinfo failed)"))) — retry in 2s
[14:15:53]       tile S15E015: attempt 2 failed (ConnectionError: HTTPSConnectionPool(host='esa-worldcover.s3.eu-central-1.amazonaws.com', port=443): Max retries exceeded with url: /v200/2021/map/ESA_WorldCover_10m_2021_v200_S15E015_Map.tif (Caused by NameResolutionError("HTTPSConnection(host='esa-worldcover.s3.eu-central-1.amazonaws.com', port=443): Failed to resolve 'esa-worldcover.s3.eu-central-1.amazonaws.com' ([Errno 11001] getaddrinfo failed)"))) — retry in 4s
[14:15:57]       WARNING: tile S15E015 failed after 3 attempts — HTTPSConnectionPool(host='esa-worldcover.s3.eu-central-1.amazonaws.com', port=443): Max retries exceeded with url: /v200/2021/map/ESA_WorldCover_10m_2021_v200_S15E015_Map.tif (Caused by NameResolutionError("HTTPSConnection(host='esa-worldcover.s3.eu-central-1.amazonaws.com', port=443): Failed to resolve 'esa-worldcover.s3.eu-central-1.amazonaws.com' ([Errno 11001] getaddrinfo failed)"))
[14:15:57]     tiles with data: 14
[15:42:37]               tile S24E018: clipped (35819×36000 px)
[15:44:10]               tile S21E018: clipped (36000×36000 px)
[15:44:17]               tile S21E021: clipped (36000×5740 px)
[15:44:18]               tile S21E024: clipped (7402×1921 px)
[15:44:26]               tile S18E018: clipped (36000×7332 px)
[15:44:37]               tile S18E021: clipped (36000×5726 px)
[15:44:45]               tile S18E024: clipped (15119×6346 px)
[15:48:04]     clipped shape: 87119×79332 px
[15:56:54]     COG finalized → Namibia_LULC.tif
[15:56:54]     COG size: 128.07 MB
[16:04:04]     R2 upload: lulc/Namibia/Namibia_LULC.tif
[16:04:08]     Supabase: Namibia → lulc_layers
[16:04:08] 
[41/54] Nigeria
[16:04:08]     bbox [2.67, 4.27, 14.67, 13.88]
[16:04:08]     tiles to check: 20
[16:07:02]       tile N09E006: downloaded (137.6 MB)
[16:09:56]       tile N09E009: downloaded (115.1 MB)
[16:13:20]       tile N12E006: downloaded (97.6 MB)
[16:15:40]       tile N12E009: downloaded (90.0 MB)
[16:17:25]       tile N15E006: downloaded (61.8 MB)
[16:18:16]       tile N15E009: downloaded (16.6 MB)
[16:18:35]       tile N15E012: downloaded (5.6 MB)
[16:18:35]     tiles with data: 20
[16:18:39]               tile N06E000: clipped (3949×31581 px)
[16:19:59]               tile N06E003: clipped (36000×36000 px)
[16:22:51]               tile N06E006: clipped (36000×36000 px)
[16:24:26]               tile N06E009: clipped (36000×36000 px)
[16:24:35]               tile N06E012: clipped (9912×17294 px)
[16:24:36]               tile N09E000: clipped (2772×942 px)
[16:25:52]               tile N09E003: clipped (36000×36000 px)
[16:27:14]               tile N09E006: clipped (36000×36000 px)
[16:28:38]               tile N09E009: clipped (36000×36000 px)
[16:30:08]               tile N09E012: clipped (31532×36000 px)
[16:30:30]               tile N12E003: clipped (28514×22565 px)
[16:31:01]               tile N12E006: clipped (36000×20410 px)
[16:31:25]               tile N12E009: clipped (36000×16594 px)
[16:32:03]               tile N12E012: clipped (32041×20575 px)
[16:33:11]     ERROR: clip-mosaic failed — Unable to allocate 1.21 GiB for an array with shape (1, 36000, 36000) and data type bool
[16:33:15] 
[42/54] Tanzania
[16:33:16]     bbox [29.32, -11.73, 40.45, -0.99]
[16:33:16]     tiles to check: 20
[16:39:32]       tile S09E027: downloaded (96.7 MB)
[16:40:24]       tile S09E039: downloaded (18.7 MB)
[16:42:38]       tile S06E027: downloaded (99.2 MB)
[16:45:28]       tile S06E030: downloaded (127.2 MB)
[16:48:02]       tile S06E033: downloaded (140.2 MB)
[16:51:57]       tile S06E036: attempt 1 failed (ConnectionError: HTTPSConnectionPool(host='esa-worldcover.s3.eu-central-1.amazonaws.com', port=443): Read timed out.) — retry in 2s
[16:52:50]       tile S06E036: attempt 2 failed (ConnectionError: ('Connection aborted.', ConnectionResetError(10054, 'An existing connection was forcibly closed by the remote host', None, 10054, None))) — retry in 4s
[16:53:39]       WARNING: tile S06E036 failed after 3 attempts — ('Connection aborted.', ConnectionResetError(10054, 'An existing connection was forcibly closed by the remote host', None, 10054, None))
[16:54:27]       tile S06E039: attempt 1 failed (ConnectionError: ('Connection aborted.', ConnectionResetError(10054, 'An existing connection was forcibly closed by the remote host', None, 10054, None))) — retry in 2s
[16:55:17]       tile S06E039: attempt 2 failed (ConnectionError: ('Connection aborted.', ConnectionResetError(10054, 'An existing connection was forcibly closed by the remote host', None, 10054, None))) — retry in 4s
[16:56:42]       WARNING: tile S06E039 failed after 3 attempts — ('Connection aborted.', ConnectionResetError(10054, 'An existing connection was forcibly closed by the remote host', None, 10054, None))
[16:56:42]     tiles with data: 18
[16:56:44]               tile S09E027: clipped (6288×9827 px)
[16:58:02]               tile S09E030: clipped (36000×36000 px)
[16:59:13]               tile S09E033: clipped (36000×36000 px)
[17:00:45]               tile S09E036: clipped (36000×36000 px)
[17:01:02]               tile S09E039: clipped (10933×36000 px)
[17:01:06]               tile S06E027: clipped (8149×20718 px)
[17:02:41]               tile S06E030: clipped (36000×36000 px)
[17:04:08]               tile S06E033: clipped (36000×36000 px)
[17:04:46]               tile S03E030: clipped (31056×24172 px)
[17:05:26]               tile S03E033: clipped (36000×23977 px)
[17:05:33]               tile S03E036: clipped (18752×10469 px)
[17:06:52]     ERROR: clip-mosaic failed — Read failed. See previous exception for details.
[17:06:54] 
[43/54] Egypt
[17:06:54]     bbox [24.69, 21.99, 36.90, 31.66]
[17:06:54]     tiles to check: 20
[17:07:30]       tile N24E024: downloaded (2.0 MB)
[17:07:54]       tile N24E027: downloaded (4.6 MB)
[17:08:46]       tile N24E030: downloaded (13.9 MB)
[17:09:11]       tile N24E033: downloaded (4.2 MB)
[17:10:20]       tile N24E036: downloaded (19.6 MB)
[17:10:34]       tile N27E024: downloaded (3.0 MB)
[17:10:58]       tile N27E027: downloaded (3.8 MB)
[17:13:12]       tile N27E030: downloaded (20.2 MB)
[17:14:23]       tile N27E033: downloaded (8.2 MB)
[17:16:47]       tile N27E036: attempt 1 failed (ConnectionError: HTTPSConnectionPool(host='esa-worldcover.s3.eu-central-1.amazonaws.com', port=443): Read timed out.) — retry in 2s
[17:17:41]       tile N27E036: attempt 2 failed (ConnectionError: ('Connection aborted.', ConnectionResetError(10054, 'An existing connection was forcibly closed by the remote host', None, 10054, None))) — retry in 4s
[17:18:35]       WARNING: tile N27E036 failed after 3 attempts — ('Connection aborted.', ConnectionResetError(10054, 'An existing connection was forcibly closed by the remote host', None, 10054, None))
[17:18:35]       tile N30E024: attempt 1 failed (ConnectionError: HTTPSConnectionPool(host='esa-worldcover.s3.eu-central-1.amazonaws.com', port=443): Max retries exceeded with url: /v200/2021/map/ESA_WorldCover_10m_2021_v200_N30E024_Map.tif (Caused by NameResolutionError("HTTPSConnection(host='esa-worldcover.s3.eu-central-1.amazonaws.com', port=443): Failed to resolve 'esa-worldcover.s3.eu-central-1.amazonaws.com' ([Errno 11001] getaddrinfo failed)"))) — retry in 2s
[17:18:37]       tile N30E024: attempt 2 failed (ConnectionError: HTTPSConnectionPool(host='esa-worldcover.s3.eu-central-1.amazonaws.com', port=443): Max retries exceeded with url: /v200/2021/map/ESA_WorldCover_10m_2021_v200_N30E024_Map.tif (Caused by NameResolutionError("HTTPSConnection(host='esa-worldcover.s3.eu-central-1.amazonaws.com', port=443): Failed to resolve 'esa-worldcover.s3.eu-central-1.amazonaws.com' ([Errno 11001] getaddrinfo failed)"))) — retry in 4s
[17:18:41]       WARNING: tile N30E024 failed after 3 attempts — HTTPSConnectionPool(host='esa-worldcover.s3.eu-central-1.amazonaws.com', port=443): Max retries exceeded with url: /v200/2021/map/ESA_WorldCover_10m_2021_v200_N30E024_Map.tif (Caused by NameResolutionError("HTTPSConnection(host='esa-worldcover.s3.eu-central-1.amazonaws.com', port=443): Failed to resolve 'esa-worldcover.s3.eu-central-1.amazonaws.com' ([Errno 11001] getaddrinfo failed)"))
[17:18:41]       tile N30E027: attempt 1 failed (ConnectionError: HTTPSConnectionPool(host='esa-worldcover.s3.eu-central-1.amazonaws.com', port=443): Max retries exceeded with url: /v200/2021/map/ESA_WorldCover_10m_2021_v200_N30E027_Map.tif (Caused by NameResolutionError("HTTPSConnection(host='esa-worldcover.s3.eu-central-1.amazonaws.com', port=443): Failed to resolve 'esa-worldcover.s3.eu-central-1.amazonaws.com' ([Errno 11001] getaddrinfo failed)"))) — retry in 2s
[17:18:43]       tile N30E027: attempt 2 failed (ConnectionError: HTTPSConnectionPool(host='esa-worldcover.s3.eu-central-1.amazonaws.com', port=443): Max retries exceeded with url: /v200/2021/map/ESA_WorldCover_10m_2021_v200_N30E027_Map.tif (Caused by NameResolutionError("HTTPSConnection(host='esa-worldcover.s3.eu-central-1.amazonaws.com', port=443): Failed to resolve 'esa-worldcover.s3.eu-central-1.amazonaws.com' ([Errno 11001] getaddrinfo failed)"))) — retry in 4s
[17:18:47]       WARNING: tile N30E027 failed after 3 attempts — HTTPSConnectionPool(host='esa-worldcover.s3.eu-central-1.amazonaws.com', port=443): Max retries exceeded with url: /v200/2021/map/ESA_WorldCover_10m_2021_v200_N30E027_Map.tif (Caused by NameResolutionError("HTTPSConnection(host='esa-worldcover.s3.eu-central-1.amazonaws.com', port=443): Failed to resolve 'esa-worldcover.s3.eu-central-1.amazonaws.com' ([Errno 11001] getaddrinfo failed)"))
[17:18:47]       tile N30E030: attempt 1 failed (ConnectionError: HTTPSConnectionPool(host='esa-worldcover.s3.eu-central-1.amazonaws.com', port=443): Max retries exceeded with url: /v200/2021/map/ESA_WorldCover_10m_2021_v200_N30E030_Map.tif (Caused by NameResolutionError("HTTPSConnection(host='esa-worldcover.s3.eu-central-1.amazonaws.com', port=443): Failed to resolve 'esa-worldcover.s3.eu-central-1.amazonaws.com' ([Errno 11001] getaddrinfo failed)"))) — retry in 2s
[17:18:49]       tile N30E030: attempt 2 failed (ConnectionError: HTTPSConnectionPool(host='esa-worldcover.s3.eu-central-1.amazonaws.com', port=443): Max retries exceeded with url: /v200/2021/map/ESA_WorldCover_10m_2021_v200_N30E030_Map.tif (Caused by NameResolutionError("HTTPSConnection(host='esa-worldcover.s3.eu-central-1.amazonaws.com', port=443): Failed to resolve 'esa-worldcover.s3.eu-central-1.amazonaws.com' ([Errno 11001] getaddrinfo failed)"))) — retry in 4s
[17:18:53]       WARNING: tile N30E030 failed after 3 attempts — HTTPSConnectionPool(host='esa-worldcover.s3.eu-central-1.amazonaws.com', port=443): Max retries exceeded with url: /v200/2021/map/ESA_WorldCover_10m_2021_v200_N30E030_Map.tif (Caused by NameResolutionError("HTTPSConnection(host='esa-worldcover.s3.eu-central-1.amazonaws.com', port=443): Failed to resolve 'esa-worldcover.s3.eu-central-1.amazonaws.com' ([Errno 11001] getaddrinfo failed)"))
[17:18:53]       tile N30E033: attempt 1 failed (ConnectionError: HTTPSConnectionPool(host='esa-worldcover.s3.eu-central-1.amazonaws.com', port=443): Max retries exceeded with url: /v200/2021/map/ESA_WorldCover_10m_2021_v200_N30E033_Map.tif (Caused by NameResolutionError("HTTPSConnection(host='esa-worldcover.s3.eu-central-1.amazonaws.com', port=443): Failed to resolve 'esa-worldcover.s3.eu-central-1.amazonaws.com' ([Errno 11001] getaddrinfo failed)"))) — retry in 2s
[17:18:55]       tile N30E033: attempt 2 failed (ConnectionError: HTTPSConnectionPool(host='esa-worldcover.s3.eu-central-1.amazonaws.com', port=443): Max retries exceeded with url: /v200/2021/map/ESA_WorldCover_10m_2021_v200_N30E033_Map.tif (Caused by NameResolutionError("HTTPSConnection(host='esa-worldcover.s3.eu-central-1.amazonaws.com', port=443): Failed to resolve 'esa-worldcover.s3.eu-central-1.amazonaws.com' ([Errno 11001] getaddrinfo failed)"))) — retry in 4s
[17:18:59]       WARNING: tile N30E033 failed after 3 attempts — HTTPSConnectionPool(host='esa-worldcover.s3.eu-central-1.amazonaws.com', port=443): Max retries exceeded with url: /v200/2021/map/ESA_WorldCover_10m_2021_v200_N30E033_Map.tif (Caused by NameResolutionError("HTTPSConnection(host='esa-worldcover.s3.eu-central-1.amazonaws.com', port=443): Failed to resolve 'esa-worldcover.s3.eu-central-1.amazonaws.com' ([Errno 11001] getaddrinfo failed)"))
[17:18:59]       tile N30E036: attempt 1 failed (ConnectionError: HTTPSConnectionPool(host='esa-worldcover.s3.eu-central-1.amazonaws.com', port=443): Max retries exceeded with url: /v200/2021/map/ESA_WorldCover_10m_2021_v200_N30E036_Map.tif (Caused by NameResolutionError("HTTPSConnection(host='esa-worldcover.s3.eu-central-1.amazonaws.com', port=443): Failed to resolve 'esa-worldcover.s3.eu-central-1.amazonaws.com' ([Errno 11001] getaddrinfo failed)"))) — retry in 2s
[17:19:01]       tile N30E036: attempt 2 failed (ConnectionError: HTTPSConnectionPool(host='esa-worldcover.s3.eu-central-1.amazonaws.com', port=443): Max retries exceeded with url: /v200/2021/map/ESA_WorldCover_10m_2021_v200_N30E036_Map.tif (Caused by NameResolutionError("HTTPSConnection(host='esa-worldcover.s3.eu-central-1.amazonaws.com', port=443): Failed to resolve 'esa-worldcover.s3.eu-central-1.amazonaws.com' ([Errno 11001] getaddrinfo failed)"))) — retry in 4s
[17:19:05]       WARNING: tile N30E036 failed after 3 attempts — HTTPSConnectionPool(host='esa-worldcover.s3.eu-central-1.amazonaws.com', port=443): Max retries exceeded with url: /v200/2021/map/ESA_WorldCover_10m_2021_v200_N30E036_Map.tif (Caused by NameResolutionError("HTTPSConnection(host='esa-worldcover.s3.eu-central-1.amazonaws.com', port=443): Failed to resolve 'esa-worldcover.s3.eu-central-1.amazonaws.com' ([Errno 11001] getaddrinfo failed)"))
[17:19:05]       tile N33E024: attempt 1 failed (ConnectionError: HTTPSConnectionPool(host='esa-worldcover.s3.eu-central-1.amazonaws.com', port=443): Max retries exceeded with url: /v200/2021/map/ESA_WorldCover_10m_2021_v200_N33E024_Map.tif (Caused by NameResolutionError("HTTPSConnection(host='esa-worldcover.s3.eu-central-1.amazonaws.com', port=443): Failed to resolve 'esa-worldcover.s3.eu-central-1.amazonaws.com' ([Errno 11001] getaddrinfo failed)"))) — retry in 2s
[17:19:07]       tile N33E024: attempt 2 failed (ConnectionError: HTTPSConnectionPool(host='esa-worldcover.s3.eu-central-1.amazonaws.com', port=443): Max retries exceeded with url: /v200/2021/map/ESA_WorldCover_10m_2021_v200_N33E024_Map.tif (Caused by NameResolutionError("HTTPSConnection(host='esa-worldcover.s3.eu-central-1.amazonaws.com', port=443): Failed to resolve 'esa-worldcover.s3.eu-central-1.amazonaws.com' ([Errno 11001] getaddrinfo failed)"))) — retry in 4s
[17:19:11]       WARNING: tile N33E024 failed after 3 attempts — HTTPSConnectionPool(host='esa-worldcover.s3.eu-central-1.amazonaws.com', port=443): Max retries exceeded with url: /v200/2021/map/ESA_WorldCover_10m_2021_v200_N33E024_Map.tif (Caused by NameResolutionError("HTTPSConnection(host='esa-worldcover.s3.eu-central-1.amazonaws.com', port=443): Failed to resolve 'esa-worldcover.s3.eu-central-1.amazonaws.com' ([Errno 11001] getaddrinfo failed)"))
[17:19:11]       tile N33E027: attempt 1 failed (ConnectionError: HTTPSConnectionPool(host='esa-worldcover.s3.eu-central-1.amazonaws.com', port=443): Max retries exceeded with url: /v200/2021/map/ESA_WorldCover_10m_2021_v200_N33E027_Map.tif (Caused by NameResolutionError("HTTPSConnection(host='esa-worldcover.s3.eu-central-1.amazonaws.com', port=443): Failed to resolve 'esa-worldcover.s3.eu-central-1.amazonaws.com' ([Errno 11001] getaddrinfo failed)"))) — retry in 2s
[17:19:13]       tile N33E027: attempt 2 failed (ConnectionError: HTTPSConnectionPool(host='esa-worldcover.s3.eu-central-1.amazonaws.com', port=443): Max retries exceeded with url: /v200/2021/map/ESA_WorldCover_10m_2021_v200_N33E027_Map.tif (Caused by NameResolutionError("HTTPSConnection(host='esa-worldcover.s3.eu-central-1.amazonaws.com', port=443): Failed to resolve 'esa-worldcover.s3.eu-central-1.amazonaws.com' ([Errno 11001] getaddrinfo failed)"))) — retry in 4s
[17:19:17]       WARNING: tile N33E027 failed after 3 attempts — HTTPSConnectionPool(host='esa-worldcover.s3.eu-central-1.amazonaws.com', port=443): Max retries exceeded with url: /v200/2021/map/ESA_WorldCover_10m_2021_v200_N33E027_Map.tif (Caused by NameResolutionError("HTTPSConnection(host='esa-worldcover.s3.eu-central-1.amazonaws.com', port=443): Failed to resolve 'esa-worldcover.s3.eu-central-1.amazonaws.com' ([Errno 11001] getaddrinfo failed)"))
[17:19:17]       tile N33E030: attempt 1 failed (ConnectionError: HTTPSConnectionPool(host='esa-worldcover.s3.eu-central-1.amazonaws.com', port=443): Max retries exceeded with url: /v200/2021/map/ESA_WorldCover_10m_2021_v200_N33E030_Map.tif (Caused by NameResolutionError("HTTPSConnection(host='esa-worldcover.s3.eu-central-1.amazonaws.com', port=443): Failed to resolve 'esa-worldcover.s3.eu-central-1.amazonaws.com' ([Errno 11001] getaddrinfo failed)"))) — retry in 2s
[17:19:19]       tile N33E030: attempt 2 failed (ConnectionError: HTTPSConnectionPool(host='esa-worldcover.s3.eu-central-1.amazonaws.com', port=443): Max retries exceeded with url: /v200/2021/map/ESA_WorldCover_10m_2021_v200_N33E030_Map.tif (Caused by NameResolutionError("HTTPSConnection(host='esa-worldcover.s3.eu-central-1.amazonaws.com', port=443): Failed to resolve 'esa-worldcover.s3.eu-central-1.amazonaws.com' ([Errno 11001] getaddrinfo failed)"))) — retry in 4s
[17:19:23]       WARNING: tile N33E030 failed after 3 attempts — HTTPSConnectionPool(host='esa-worldcover.s3.eu-central-1.amazonaws.com', port=443): Max retries exceeded with url: /v200/2021/map/ESA_WorldCover_10m_2021_v200_N33E030_Map.tif (Caused by NameResolutionError("HTTPSConnection(host='esa-worldcover.s3.eu-central-1.amazonaws.com', port=443): Failed to resolve 'esa-worldcover.s3.eu-central-1.amazonaws.com' ([Errno 11001] getaddrinfo failed)"))
[17:19:23]       tile N33E033: attempt 1 failed (ConnectionError: HTTPSConnectionPool(host='esa-worldcover.s3.eu-central-1.amazonaws.com', port=443): Max retries exceeded with url: /v200/2021/map/ESA_WorldCover_10m_2021_v200_N33E033_Map.tif (Caused by NameResolutionError("HTTPSConnection(host='esa-worldcover.s3.eu-central-1.amazonaws.com', port=443): Failed to resolve 'esa-worldcover.s3.eu-central-1.amazonaws.com' ([Errno 11001] getaddrinfo failed)"))) — retry in 2s
[17:19:25]       tile N33E033: attempt 2 failed (ConnectionError: HTTPSConnectionPool(host='esa-worldcover.s3.eu-central-1.amazonaws.com', port=443): Max retries exceeded with url: /v200/2021/map/ESA_WorldCover_10m_2021_v200_N33E033_Map.tif (Caused by NameResolutionError("HTTPSConnection(host='esa-worldcover.s3.eu-central-1.amazonaws.com', port=443): Failed to resolve 'esa-worldcover.s3.eu-central-1.amazonaws.com' ([Errno 11001] getaddrinfo failed)"))) — retry in 4s
[17:19:29]       WARNING: tile N33E033 failed after 3 attempts — HTTPSConnectionPool(host='esa-worldcover.s3.eu-central-1.amazonaws.com', port=443): Max retries exceeded with url: /v200/2021/map/ESA_WorldCover_10m_2021_v200_N33E033_Map.tif (Caused by NameResolutionError("HTTPSConnection(host='esa-worldcover.s3.eu-central-1.amazonaws.com', port=443): Failed to resolve 'esa-worldcover.s3.eu-central-1.amazonaws.com' ([Errno 11001] getaddrinfo failed)"))
[17:19:29]       tile N33E036: attempt 1 failed (ConnectionError: HTTPSConnectionPool(host='esa-worldcover.s3.eu-central-1.amazonaws.com', port=443): Max retries exceeded with url: /v200/2021/map/ESA_WorldCover_10m_2021_v200_N33E036_Map.tif (Caused by NameResolutionError("HTTPSConnection(host='esa-worldcover.s3.eu-central-1.amazonaws.com', port=443): Failed to resolve 'esa-worldcover.s3.eu-central-1.amazonaws.com' ([Errno 11001] getaddrinfo failed)"))) — retry in 2s
[17:19:31]       tile N33E036: attempt 2 failed (ConnectionError: HTTPSConnectionPool(host='esa-worldcover.s3.eu-central-1.amazonaws.com', port=443): Max retries exceeded with url: /v200/2021/map/ESA_WorldCover_10m_2021_v200_N33E036_Map.tif (Caused by NameResolutionError("HTTPSConnection(host='esa-worldcover.s3.eu-central-1.amazonaws.com', port=443): Failed to resolve 'esa-worldcover.s3.eu-central-1.amazonaws.com' ([Errno 11001] getaddrinfo failed)"))) — retry in 4s
[17:19:35]       WARNING: tile N33E036 failed after 3 attempts — HTTPSConnectionPool(host='esa-worldcover.s3.eu-central-1.amazonaws.com', port=443): Max retries exceeded with url: /v200/2021/map/ESA_WorldCover_10m_2021_v200_N33E036_Map.tif (Caused by NameResolutionError("HTTPSConnection(host='esa-worldcover.s3.eu-central-1.amazonaws.com', port=443): Failed to resolve 'esa-worldcover.s3.eu-central-1.amazonaws.com' ([Errno 11001] getaddrinfo failed)"))
[17:19:35]     tiles with data: 9
[17:20:04]               tile N24E024: clipped (24227×36000 px)
[17:20:56]               tile N24E027: clipped (36000×36000 px)
[17:21:49]               tile N24E030: clipped (36000×36000 px)
[17:22:43]               tile N24E033: clipped (32341×36000 px)
[17:23:18]               tile N27E024: clipped (26863×36000 px)
[17:24:09]               tile N27E027: clipped (36000×36000 px)
[17:25:05]               tile N27E030: clipped (36000×36000 px)
[17:25:40]               tile N27E033: clipped (22642×36000 px)
[17:27:21]     ERROR: clip-mosaic failed — Unable to allocate 1.21 GiB for an array with shape (1, 36000, 36000) and data type uint8
[17:27:22] 
[44/54] Mauritania
[17:27:22]     bbox [-17.08, 14.73, -4.82, 27.29]
[17:27:22]     tiles to check: 30
[17:27:23]       tile N15W012: attempt 1 failed (ConnectionError: HTTPSConnectionPool(host='esa-worldcover.s3.eu-central-1.amazonaws.com', port=443): Max retries exceeded with url: /v200/2021/map/ESA_WorldCover_10m_2021_v200_N15W012_Map.tif (Caused by NameResolutionError("HTTPSConnection(host='esa-worldcover.s3.eu-central-1.amazonaws.com', port=443): Failed to resolve 'esa-worldcover.s3.eu-central-1.amazonaws.com' ([Errno 11001] getaddrinfo failed)"))) — retry in 2s
[17:27:25]       tile N15W012: attempt 2 failed (ConnectionError: HTTPSConnectionPool(host='esa-worldcover.s3.eu-central-1.amazonaws.com', port=443): Max retries exceeded with url: /v200/2021/map/ESA_WorldCover_10m_2021_v200_N15W012_Map.tif (Caused by NameResolutionError("HTTPSConnection(host='esa-worldcover.s3.eu-central-1.amazonaws.com', port=443): Failed to resolve 'esa-worldcover.s3.eu-central-1.amazonaws.com' ([Errno 11001] getaddrinfo failed)"))) — retry in 4s
[17:27:29]       WARNING: tile N15W012 failed after 3 attempts — HTTPSConnectionPool(host='esa-worldcover.s3.eu-central-1.amazonaws.com', port=443): Max retries exceeded with url: /v200/2021/map/ESA_WorldCover_10m_2021_v200_N15W012_Map.tif (Caused by NameResolutionError("HTTPSConnection(host='esa-worldcover.s3.eu-central-1.amazonaws.com', port=443): Failed to resolve 'esa-worldcover.s3.eu-central-1.amazonaws.com' ([Errno 11001] getaddrinfo failed)"))
[17:27:29]       tile N15W009: attempt 1 failed (ConnectionError: HTTPSConnectionPool(host='esa-worldcover.s3.eu-central-1.amazonaws.com', port=443): Max retries exceeded with url: /v200/2021/map/ESA_WorldCover_10m_2021_v200_N15W009_Map.tif (Caused by NameResolutionError("HTTPSConnection(host='esa-worldcover.s3.eu-central-1.amazonaws.com', port=443): Failed to resolve 'esa-worldcover.s3.eu-central-1.amazonaws.com' ([Errno 11001] getaddrinfo failed)"))) — retry in 2s
[17:27:31]       tile N15W009: attempt 2 failed (ConnectionError: HTTPSConnectionPool(host='esa-worldcover.s3.eu-central-1.amazonaws.com', port=443): Max retries exceeded with url: /v200/2021/map/ESA_WorldCover_10m_2021_v200_N15W009_Map.tif (Caused by NameResolutionError("HTTPSConnection(host='esa-worldcover.s3.eu-central-1.amazonaws.com', port=443): Failed to resolve 'esa-worldcover.s3.eu-central-1.amazonaws.com' ([Errno 11001] getaddrinfo failed)"))) — retry in 4s
[17:27:35]       WARNING: tile N15W009 failed after 3 attempts — HTTPSConnectionPool(host='esa-worldcover.s3.eu-central-1.amazonaws.com', port=443): Max retries exceeded with url: /v200/2021/map/ESA_WorldCover_10m_2021_v200_N15W009_Map.tif (Caused by NameResolutionError("HTTPSConnection(host='esa-worldcover.s3.eu-central-1.amazonaws.com', port=443): Failed to resolve 'esa-worldcover.s3.eu-central-1.amazonaws.com' ([Errno 11001] getaddrinfo failed)"))
[17:27:35]       tile N15W006: attempt 1 failed (ConnectionError: HTTPSConnectionPool(host='esa-worldcover.s3.eu-central-1.amazonaws.com', port=443): Max retries exceeded with url: /v200/2021/map/ESA_WorldCover_10m_2021_v200_N15W006_Map.tif (Caused by NameResolutionError("HTTPSConnection(host='esa-worldcover.s3.eu-central-1.amazonaws.com', port=443): Failed to resolve 'esa-worldcover.s3.eu-central-1.amazonaws.com' ([Errno 11001] getaddrinfo failed)"))) — retry in 2s
[17:27:37]       tile N15W006: attempt 2 failed (ConnectionError: HTTPSConnectionPool(host='esa-worldcover.s3.eu-central-1.amazonaws.com', port=443): Max retries exceeded with url: /v200/2021/map/ESA_WorldCover_10m_2021_v200_N15W006_Map.tif (Caused by NameResolutionError("HTTPSConnection(host='esa-worldcover.s3.eu-central-1.amazonaws.com', port=443): Failed to resolve 'esa-worldcover.s3.eu-central-1.amazonaws.com' ([Errno 11001] getaddrinfo failed)"))) — retry in 4s
[17:27:41]       WARNING: tile N15W006 failed after 3 attempts — HTTPSConnectionPool(host='esa-worldcover.s3.eu-central-1.amazonaws.com', port=443): Max retries exceeded with url: /v200/2021/map/ESA_WorldCover_10m_2021_v200_N15W006_Map.tif (Caused by NameResolutionError("HTTPSConnection(host='esa-worldcover.s3.eu-central-1.amazonaws.com', port=443): Failed to resolve 'esa-worldcover.s3.eu-central-1.amazonaws.com' ([Errno 11001] getaddrinfo failed)"))
[17:27:41]       tile N18W018: attempt 1 failed (ConnectionError: HTTPSConnectionPool(host='esa-worldcover.s3.eu-central-1.amazonaws.com', port=443): Max retries exceeded with url: /v200/2021/map/ESA_WorldCover_10m_2021_v200_N18W018_Map.tif (Caused by NameResolutionError("HTTPSConnection(host='esa-worldcover.s3.eu-central-1.amazonaws.com', port=443): Failed to resolve 'esa-worldcover.s3.eu-central-1.amazonaws.com' ([Errno 11001] getaddrinfo failed)"))) — retry in 2s
[17:27:43]       tile N18W018: attempt 2 failed (ConnectionError: HTTPSConnectionPool(host='esa-worldcover.s3.eu-central-1.amazonaws.com', port=443): Max retries exceeded with url: /v200/2021/map/ESA_WorldCover_10m_2021_v200_N18W018_Map.tif (Caused by NameResolutionError("HTTPSConnection(host='esa-worldcover.s3.eu-central-1.amazonaws.com', port=443): Failed to resolve 'esa-worldcover.s3.eu-central-1.amazonaws.com' ([Errno 11001] getaddrinfo failed)"))) — retry in 4s
[17:27:47]       WARNING: tile N18W018 failed after 3 attempts — HTTPSConnectionPool(host='esa-worldcover.s3.eu-central-1.amazonaws.com', port=443): Max retries exceeded with url: /v200/2021/map/ESA_WorldCover_10m_2021_v200_N18W018_Map.tif (Caused by NameResolutionError("HTTPSConnection(host='esa-worldcover.s3.eu-central-1.amazonaws.com', port=443): Failed to resolve 'esa-worldcover.s3.eu-central-1.amazonaws.com' ([Errno 11001] getaddrinfo failed)"))
[17:27:47]       tile N18W015: attempt 1 failed (ConnectionError: HTTPSConnectionPool(host='esa-worldcover.s3.eu-central-1.amazonaws.com', port=443): Max retries exceeded with url: /v200/2021/map/ESA_WorldCover_10m_2021_v200_N18W015_Map.tif (Caused by NameResolutionError("HTTPSConnection(host='esa-worldcover.s3.eu-central-1.amazonaws.com', port=443): Failed to resolve 'esa-worldcover.s3.eu-central-1.amazonaws.com' ([Errno 11001] getaddrinfo failed)"))) — retry in 2s
[17:27:49]       tile N18W015: attempt 2 failed (ConnectionError: HTTPSConnectionPool(host='esa-worldcover.s3.eu-central-1.amazonaws.com', port=443): Max retries exceeded with url: /v200/2021/map/ESA_WorldCover_10m_2021_v200_N18W015_Map.tif (Caused by NameResolutionError("HTTPSConnection(host='esa-worldcover.s3.eu-central-1.amazonaws.com', port=443): Failed to resolve 'esa-worldcover.s3.eu-central-1.amazonaws.com' ([Errno 11001] getaddrinfo failed)"))) — retry in 4s
[17:27:53]       WARNING: tile N18W015 failed after 3 attempts — HTTPSConnectionPool(host='esa-worldcover.s3.eu-central-1.amazonaws.com', port=443): Max retries exceeded with url: /v200/2021/map/ESA_WorldCover_10m_2021_v200_N18W015_Map.tif (Caused by NameResolutionError("HTTPSConnection(host='esa-worldcover.s3.eu-central-1.amazonaws.com', port=443): Failed to resolve 'esa-worldcover.s3.eu-central-1.amazonaws.com' ([Errno 11001] getaddrinfo failed)"))
[17:27:53]       tile N18W012: attempt 1 failed (ConnectionError: HTTPSConnectionPool(host='esa-worldcover.s3.eu-central-1.amazonaws.com', port=443): Max retries exceeded with url: /v200/2021/map/ESA_WorldCover_10m_2021_v200_N18W012_Map.tif (Caused by NameResolutionError("HTTPSConnection(host='esa-worldcover.s3.eu-central-1.amazonaws.com', port=443): Failed to resolve 'esa-worldcover.s3.eu-central-1.amazonaws.com' ([Errno 11001] getaddrinfo failed)"))) — retry in 2s
[17:27:55]       tile N18W012: attempt 2 failed (ConnectionError: HTTPSConnectionPool(host='esa-worldcover.s3.eu-central-1.amazonaws.com', port=443): Max retries exceeded with url: /v200/2021/map/ESA_WorldCover_10m_2021_v200_N18W012_Map.tif (Caused by NameResolutionError("HTTPSConnection(host='esa-worldcover.s3.eu-central-1.amazonaws.com', port=443): Failed to resolve 'esa-worldcover.s3.eu-central-1.amazonaws.com' ([Errno 11001] getaddrinfo failed)"))) — retry in 4s
[17:27:59]       WARNING: tile N18W012 failed after 3 attempts — HTTPSConnectionPool(host='esa-worldcover.s3.eu-central-1.amazonaws.com', port=443): Max retries exceeded with url: /v200/2021/map/ESA_WorldCover_10m_2021_v200_N18W012_Map.tif (Caused by NameResolutionError("HTTPSConnection(host='esa-worldcover.s3.eu-central-1.amazonaws.com', port=443): Failed to resolve 'esa-worldcover.s3.eu-central-1.amazonaws.com' ([Errno 11001] getaddrinfo failed)"))
[17:27:59]       tile N18W009: attempt 1 failed (ConnectionError: HTTPSConnectionPool(host='esa-worldcover.s3.eu-central-1.amazonaws.com', port=443): Max retries exceeded with url: /v200/2021/map/ESA_WorldCover_10m_2021_v200_N18W009_Map.tif (Caused by NameResolutionError("HTTPSConnection(host='esa-worldcover.s3.eu-central-1.amazonaws.com', port=443): Failed to resolve 'esa-worldcover.s3.eu-central-1.amazonaws.com' ([Errno 11001] getaddrinfo failed)"))) — retry in 2s
[17:28:01]       tile N18W009: attempt 2 failed (ConnectionError: HTTPSConnectionPool(host='esa-worldcover.s3.eu-central-1.amazonaws.com', port=443): Max retries exceeded with url: /v200/2021/map/ESA_WorldCover_10m_2021_v200_N18W009_Map.tif (Caused by NameResolutionError("HTTPSConnection(host='esa-worldcover.s3.eu-central-1.amazonaws.com', port=443): Failed to resolve 'esa-worldcover.s3.eu-central-1.amazonaws.com' ([Errno 11001] getaddrinfo failed)"))) — retry in 4s
[17:28:05]       WARNING: tile N18W009 failed after 3 attempts — HTTPSConnectionPool(host='esa-worldcover.s3.eu-central-1.amazonaws.com', port=443): Max retries exceeded with url: /v200/2021/map/ESA_WorldCover_10m_2021_v200_N18W009_Map.tif (Caused by NameResolutionError("HTTPSConnection(host='esa-worldcover.s3.eu-central-1.amazonaws.com', port=443): Failed to resolve 'esa-worldcover.s3.eu-central-1.amazonaws.com' ([Errno 11001] getaddrinfo failed)"))
[17:28:05]       tile N18W006: attempt 1 failed (ConnectionError: HTTPSConnectionPool(host='esa-worldcover.s3.eu-central-1.amazonaws.com', port=443): Max retries exceeded with url: /v200/2021/map/ESA_WorldCover_10m_2021_v200_N18W006_Map.tif (Caused by NameResolutionError("HTTPSConnection(host='esa-worldcover.s3.eu-central-1.amazonaws.com', port=443): Failed to resolve 'esa-worldcover.s3.eu-central-1.amazonaws.com' ([Errno 11001] getaddrinfo failed)"))) — retry in 2s
[17:28:07]       tile N18W006: attempt 2 failed (ConnectionError: HTTPSConnectionPool(host='esa-worldcover.s3.eu-central-1.amazonaws.com', port=443): Max retries exceeded with url: /v200/2021/map/ESA_WorldCover_10m_2021_v200_N18W006_Map.tif (Caused by NameResolutionError("HTTPSConnection(host='esa-worldcover.s3.eu-central-1.amazonaws.com', port=443): Failed to resolve 'esa-worldcover.s3.eu-central-1.amazonaws.com' ([Errno 11001] getaddrinfo failed)"))) — retry in 4s
[17:28:11]       WARNING: tile N18W006 failed after 3 attempts — HTTPSConnectionPool(host='esa-worldcover.s3.eu-central-1.amazonaws.com', port=443): Max retries exceeded with url: /v200/2021/map/ESA_WorldCover_10m_2021_v200_N18W006_Map.tif (Caused by NameResolutionError("HTTPSConnection(host='esa-worldcover.s3.eu-central-1.amazonaws.com', port=443): Failed to resolve 'esa-worldcover.s3.eu-central-1.amazonaws.com' ([Errno 11001] getaddrinfo failed)"))
[17:28:11]       tile N21W018: attempt 1 failed (ConnectionError: HTTPSConnectionPool(host='esa-worldcover.s3.eu-central-1.amazonaws.com', port=443): Max retries exceeded with url: /v200/2021/map/ESA_WorldCover_10m_2021_v200_N21W018_Map.tif (Caused by NameResolutionError("HTTPSConnection(host='esa-worldcover.s3.eu-central-1.amazonaws.com', port=443): Failed to resolve 'esa-worldcover.s3.eu-central-1.amazonaws.com' ([Errno 11001] getaddrinfo failed)"))) — retry in 2s
[17:28:13]       tile N21W018: attempt 2 failed (ConnectionError: HTTPSConnectionPool(host='esa-worldcover.s3.eu-central-1.amazonaws.com', port=443): Max retries exceeded with url: /v200/2021/map/ESA_WorldCover_10m_2021_v200_N21W018_Map.tif (Caused by NameResolutionError("HTTPSConnection(host='esa-worldcover.s3.eu-central-1.amazonaws.com', port=443): Failed to resolve 'esa-worldcover.s3.eu-central-1.amazonaws.com' ([Errno 11001] getaddrinfo failed)"))) — retry in 4s
[17:28:17]       WARNING: tile N21W018 failed after 3 attempts — HTTPSConnectionPool(host='esa-worldcover.s3.eu-central-1.amazonaws.com', port=443): Max retries exceeded with url: /v200/2021/map/ESA_WorldCover_10m_2021_v200_N21W018_Map.tif (Caused by NameResolutionError("HTTPSConnection(host='esa-worldcover.s3.eu-central-1.amazonaws.com', port=443): Failed to resolve 'esa-worldcover.s3.eu-central-1.amazonaws.com' ([Errno 11001] getaddrinfo failed)"))
[17:28:17]       tile N21W015: attempt 1 failed (ConnectionError: HTTPSConnectionPool(host='esa-worldcover.s3.eu-central-1.amazonaws.com', port=443): Max retries exceeded with url: /v200/2021/map/ESA_WorldCover_10m_2021_v200_N21W015_Map.tif (Caused by NameResolutionError("HTTPSConnection(host='esa-worldcover.s3.eu-central-1.amazonaws.com', port=443): Failed to resolve 'esa-worldcover.s3.eu-central-1.amazonaws.com' ([Errno 11001] getaddrinfo failed)"))) — retry in 2s
[17:28:19]       tile N21W015: attempt 2 failed (ConnectionError: HTTPSConnectionPool(host='esa-worldcover.s3.eu-central-1.amazonaws.com', port=443): Max retries exceeded with url: /v200/2021/map/ESA_WorldCover_10m_2021_v200_N21W015_Map.tif (Caused by NameResolutionError("HTTPSConnection(host='esa-worldcover.s3.eu-central-1.amazonaws.com', port=443): Failed to resolve 'esa-worldcover.s3.eu-central-1.amazonaws.com' ([Errno 11001] getaddrinfo failed)"))) — retry in 4s
[17:28:23]       WARNING: tile N21W015 failed after 3 attempts — HTTPSConnectionPool(host='esa-worldcover.s3.eu-central-1.amazonaws.com', port=443): Max retries exceeded with url: /v200/2021/map/ESA_WorldCover_10m_2021_v200_N21W015_Map.tif (Caused by NameResolutionError("HTTPSConnection(host='esa-worldcover.s3.eu-central-1.amazonaws.com', port=443): Failed to resolve 'esa-worldcover.s3.eu-central-1.amazonaws.com' ([Errno 11001] getaddrinfo failed)"))
[17:28:23]       tile N21W012: attempt 1 failed (ConnectionError: HTTPSConnectionPool(host='esa-worldcover.s3.eu-central-1.amazonaws.com', port=443): Max retries exceeded with url: /v200/2021/map/ESA_WorldCover_10m_2021_v200_N21W012_Map.tif (Caused by NameResolutionError("HTTPSConnection(host='esa-worldcover.s3.eu-central-1.amazonaws.com', port=443): Failed to resolve 'esa-worldcover.s3.eu-central-1.amazonaws.com' ([Errno 11001] getaddrinfo failed)"))) — retry in 2s
[17:28:25]       tile N21W012: attempt 2 failed (ConnectionError: HTTPSConnectionPool(host='esa-worldcover.s3.eu-central-1.amazonaws.com', port=443): Max retries exceeded with url: /v200/2021/map/ESA_WorldCover_10m_2021_v200_N21W012_Map.tif (Caused by NameResolutionError("HTTPSConnection(host='esa-worldcover.s3.eu-central-1.amazonaws.com', port=443): Failed to resolve 'esa-worldcover.s3.eu-central-1.amazonaws.com' ([Errno 11001] getaddrinfo failed)"))) — retry in 4s
[17:28:29]       WARNING: tile N21W012 failed after 3 attempts — HTTPSConnectionPool(host='esa-worldcover.s3.eu-central-1.amazonaws.com', port=443): Max retries exceeded with url: /v200/2021/map/ESA_WorldCover_10m_2021_v200_N21W012_Map.tif (Caused by NameResolutionError("HTTPSConnection(host='esa-worldcover.s3.eu-central-1.amazonaws.com', port=443): Failed to resolve 'esa-worldcover.s3.eu-central-1.amazonaws.com' ([Errno 11001] getaddrinfo failed)"))
[17:28:29]       tile N21W009: attempt 1 failed (ConnectionError: HTTPSConnectionPool(host='esa-worldcover.s3.eu-central-1.amazonaws.com', port=443): Max retries exceeded with url: /v200/2021/map/ESA_WorldCover_10m_2021_v200_N21W009_Map.tif (Caused by NameResolutionError("HTTPSConnection(host='esa-worldcover.s3.eu-central-1.amazonaws.com', port=443): Failed to resolve 'esa-worldcover.s3.eu-central-1.amazonaws.com' ([Errno 11001] getaddrinfo failed)"))) — retry in 2s
[17:28:31]       tile N21W009: attempt 2 failed (ConnectionError: HTTPSConnectionPool(host='esa-worldcover.s3.eu-central-1.amazonaws.com', port=443): Max retries exceeded with url: /v200/2021/map/ESA_WorldCover_10m_2021_v200_N21W009_Map.tif (Caused by NameResolutionError("HTTPSConnection(host='esa-worldcover.s3.eu-central-1.amazonaws.com', port=443): Failed to resolve 'esa-worldcover.s3.eu-central-1.amazonaws.com' ([Errno 11001] getaddrinfo failed)"))) — retry in 4s
[17:28:35]       WARNING: tile N21W009 failed after 3 attempts — HTTPSConnectionPool(host='esa-worldcover.s3.eu-central-1.amazonaws.com', port=443): Max retries exceeded with url: /v200/2021/map/ESA_WorldCover_10m_2021_v200_N21W009_Map.tif (Caused by NameResolutionError("HTTPSConnection(host='esa-worldcover.s3.eu-central-1.amazonaws.com', port=443): Failed to resolve 'esa-worldcover.s3.eu-central-1.amazonaws.com' ([Errno 11001] getaddrinfo failed)"))
[17:28:35]       tile N21W006: attempt 1 failed (ConnectionError: HTTPSConnectionPool(host='esa-worldcover.s3.eu-central-1.amazonaws.com', port=443): Max retries exceeded with url: /v200/2021/map/ESA_WorldCover_10m_2021_v200_N21W006_Map.tif (Caused by NameResolutionError("HTTPSConnection(host='esa-worldcover.s3.eu-central-1.amazonaws.com', port=443): Failed to resolve 'esa-worldcover.s3.eu-central-1.amazonaws.com' ([Errno 11001] getaddrinfo failed)"))) — retry in 2s
[17:28:37]       tile N21W006: attempt 2 failed (ConnectionError: HTTPSConnectionPool(host='esa-worldcover.s3.eu-central-1.amazonaws.com', port=443): Max retries exceeded with url: /v200/2021/map/ESA_WorldCover_10m_2021_v200_N21W006_Map.tif (Caused by NameResolutionError("HTTPSConnection(host='esa-worldcover.s3.eu-central-1.amazonaws.com', port=443): Failed to resolve 'esa-worldcover.s3.eu-central-1.amazonaws.com' ([Errno 11001] getaddrinfo failed)"))) — retry in 4s
[17:28:41]       WARNING: tile N21W006 failed after 3 attempts — HTTPSConnectionPool(host='esa-worldcover.s3.eu-central-1.amazonaws.com', port=443): Max retries exceeded with url: /v200/2021/map/ESA_WorldCover_10m_2021_v200_N21W006_Map.tif (Caused by NameResolutionError("HTTPSConnection(host='esa-worldcover.s3.eu-central-1.amazonaws.com', port=443): Failed to resolve 'esa-worldcover.s3.eu-central-1.amazonaws.com' ([Errno 11001] getaddrinfo failed)"))
[17:28:41]       tile N24W018: attempt 1 failed (ConnectionError: HTTPSConnectionPool(host='esa-worldcover.s3.eu-central-1.amazonaws.com', port=443): Max retries exceeded with url: /v200/2021/map/ESA_WorldCover_10m_2021_v200_N24W018_Map.tif (Caused by NameResolutionError("HTTPSConnection(host='esa-worldcover.s3.eu-central-1.amazonaws.com', port=443): Failed to resolve 'esa-worldcover.s3.eu-central-1.amazonaws.com' ([Errno 11001] getaddrinfo failed)"))) — retry in 2s
[17:28:43]       tile N24W018: attempt 2 failed (ConnectionError: HTTPSConnectionPool(host='esa-worldcover.s3.eu-central-1.amazonaws.com', port=443): Max retries exceeded with url: /v200/2021/map/ESA_WorldCover_10m_2021_v200_N24W018_Map.tif (Caused by NameResolutionError("HTTPSConnection(host='esa-worldcover.s3.eu-central-1.amazonaws.com', port=443): Failed to resolve 'esa-worldcover.s3.eu-central-1.amazonaws.com' ([Errno 11001] getaddrinfo failed)"))) — retry in 4s
[17:28:47]       WARNING: tile N24W018 failed after 3 attempts — HTTPSConnectionPool(host='esa-worldcover.s3.eu-central-1.amazonaws.com', port=443): Max retries exceeded with url: /v200/2021/map/ESA_WorldCover_10m_2021_v200_N24W018_Map.tif (Caused by NameResolutionError("HTTPSConnection(host='esa-worldcover.s3.eu-central-1.amazonaws.com', port=443): Failed to resolve 'esa-worldcover.s3.eu-central-1.amazonaws.com' ([Errno 11001] getaddrinfo failed)"))
[17:28:47]       tile N24W015: attempt 1 failed (ConnectionError: HTTPSConnectionPool(host='esa-worldcover.s3.eu-central-1.amazonaws.com', port=443): Max retries exceeded with url: /v200/2021/map/ESA_WorldCover_10m_2021_v200_N24W015_Map.tif (Caused by NameResolutionError("HTTPSConnection(host='esa-worldcover.s3.eu-central-1.amazonaws.com', port=443): Failed to resolve 'esa-worldcover.s3.eu-central-1.amazonaws.com' ([Errno 11001] getaddrinfo failed)"))) — retry in 2s
[17:28:49]       tile N24W015: attempt 2 failed (ConnectionError: HTTPSConnectionPool(host='esa-worldcover.s3.eu-central-1.amazonaws.com', port=443): Max retries exceeded with url: /v200/2021/map/ESA_WorldCover_10m_2021_v200_N24W015_Map.tif (Caused by NameResolutionError("HTTPSConnection(host='esa-worldcover.s3.eu-central-1.amazonaws.com', port=443): Failed to resolve 'esa-worldcover.s3.eu-central-1.amazonaws.com' ([Errno 11001] getaddrinfo failed)"))) — retry in 4s
[17:28:53]       WARNING: tile N24W015 failed after 3 attempts — HTTPSConnectionPool(host='esa-worldcover.s3.eu-central-1.amazonaws.com', port=443): Max retries exceeded with url: /v200/2021/map/ESA_WorldCover_10m_2021_v200_N24W015_Map.tif (Caused by NameResolutionError("HTTPSConnection(host='esa-worldcover.s3.eu-central-1.amazonaws.com', port=443): Failed to resolve 'esa-worldcover.s3.eu-central-1.amazonaws.com' ([Errno 11001] getaddrinfo failed)"))
[17:28:53]       tile N24W012: attempt 1 failed (ConnectionError: HTTPSConnectionPool(host='esa-worldcover.s3.eu-central-1.amazonaws.com', port=443): Max retries exceeded with url: /v200/2021/map/ESA_WorldCover_10m_2021_v200_N24W012_Map.tif (Caused by NameResolutionError("HTTPSConnection(host='esa-worldcover.s3.eu-central-1.amazonaws.com', port=443): Failed to resolve 'esa-worldcover.s3.eu-central-1.amazonaws.com' ([Errno 11001] getaddrinfo failed)"))) — retry in 2s
[17:28:55]       tile N24W012: attempt 2 failed (ConnectionError: HTTPSConnectionPool(host='esa-worldcover.s3.eu-central-1.amazonaws.com', port=443): Max retries exceeded with url: /v200/2021/map/ESA_WorldCover_10m_2021_v200_N24W012_Map.tif (Caused by NameResolutionError("HTTPSConnection(host='esa-worldcover.s3.eu-central-1.amazonaws.com', port=443): Failed to resolve 'esa-worldcover.s3.eu-central-1.amazonaws.com' ([Errno 11001] getaddrinfo failed)"))) — retry in 4s
[17:28:59]       WARNING: tile N24W012 failed after 3 attempts — HTTPSConnectionPool(host='esa-worldcover.s3.eu-central-1.amazonaws.com', port=443): Max retries exceeded with url: /v200/2021/map/ESA_WorldCover_10m_2021_v200_N24W012_Map.tif (Caused by NameResolutionError("HTTPSConnection(host='esa-worldcover.s3.eu-central-1.amazonaws.com', port=443): Failed to resolve 'esa-worldcover.s3.eu-central-1.amazonaws.com' ([Errno 11001] getaddrinfo failed)"))
[17:28:59]       tile N24W009: attempt 1 failed (ConnectionError: HTTPSConnectionPool(host='esa-worldcover.s3.eu-central-1.amazonaws.com', port=443): Max retries exceeded with url: /v200/2021/map/ESA_WorldCover_10m_2021_v200_N24W009_Map.tif (Caused by NameResolutionError("HTTPSConnection(host='esa-worldcover.s3.eu-central-1.amazonaws.com', port=443): Failed to resolve 'esa-worldcover.s3.eu-central-1.amazonaws.com' ([Errno 11001] getaddrinfo failed)"))) — retry in 2s
[17:29:01]       tile N24W009: attempt 2 failed (ConnectionError: HTTPSConnectionPool(host='esa-worldcover.s3.eu-central-1.amazonaws.com', port=443): Max retries exceeded with url: /v200/2021/map/ESA_WorldCover_10m_2021_v200_N24W009_Map.tif (Caused by NameResolutionError("HTTPSConnection(host='esa-worldcover.s3.eu-central-1.amazonaws.com', port=443): Failed to resolve 'esa-worldcover.s3.eu-central-1.amazonaws.com' ([Errno 11001] getaddrinfo failed)"))) — retry in 4s
[17:29:05]       WARNING: tile N24W009 failed after 3 attempts — HTTPSConnectionPool(host='esa-worldcover.s3.eu-central-1.amazonaws.com', port=443): Max retries exceeded with url: /v200/2021/map/ESA_WorldCover_10m_2021_v200_N24W009_Map.tif (Caused by NameResolutionError("HTTPSConnection(host='esa-worldcover.s3.eu-central-1.amazonaws.com', port=443): Failed to resolve 'esa-worldcover.s3.eu-central-1.amazonaws.com' ([Errno 11001] getaddrinfo failed)"))
[17:29:05]       tile N24W006: attempt 1 failed (ConnectionError: HTTPSConnectionPool(host='esa-worldcover.s3.eu-central-1.amazonaws.com', port=443): Max retries exceeded with url: /v200/2021/map/ESA_WorldCover_10m_2021_v200_N24W006_Map.tif (Caused by NameResolutionError("HTTPSConnection(host='esa-worldcover.s3.eu-central-1.amazonaws.com', port=443): Failed to resolve 'esa-worldcover.s3.eu-central-1.amazonaws.com' ([Errno 11001] getaddrinfo failed)"))) — retry in 2s
[17:29:07]       tile N24W006: attempt 2 failed (ConnectionError: HTTPSConnectionPool(host='esa-worldcover.s3.eu-central-1.amazonaws.com', port=443): Max retries exceeded with url: /v200/2021/map/ESA_WorldCover_10m_2021_v200_N24W006_Map.tif (Caused by NameResolutionError("HTTPSConnection(host='esa-worldcover.s3.eu-central-1.amazonaws.com', port=443): Failed to resolve 'esa-worldcover.s3.eu-central-1.amazonaws.com' ([Errno 11001] getaddrinfo failed)"))) — retry in 4s
[17:29:11]       WARNING: tile N24W006 failed after 3 attempts — HTTPSConnectionPool(host='esa-worldcover.s3.eu-central-1.amazonaws.com', port=443): Max retries exceeded with url: /v200/2021/map/ESA_WorldCover_10m_2021_v200_N24W006_Map.tif (Caused by NameResolutionError("HTTPSConnection(host='esa-worldcover.s3.eu-central-1.amazonaws.com', port=443): Failed to resolve 'esa-worldcover.s3.eu-central-1.amazonaws.com' ([Errno 11001] getaddrinfo failed)"))
[17:29:11]       tile N27W018: attempt 1 failed (ConnectionError: HTTPSConnectionPool(host='esa-worldcover.s3.eu-central-1.amazonaws.com', port=443): Max retries exceeded with url: /v200/2021/map/ESA_WorldCover_10m_2021_v200_N27W018_Map.tif (Caused by NameResolutionError("HTTPSConnection(host='esa-worldcover.s3.eu-central-1.amazonaws.com', port=443): Failed to resolve 'esa-worldcover.s3.eu-central-1.amazonaws.com' ([Errno 11001] getaddrinfo failed)"))) — retry in 2s
[17:29:13]       tile N27W018: attempt 2 failed (ConnectionError: HTTPSConnectionPool(host='esa-worldcover.s3.eu-central-1.amazonaws.com', port=443): Max retries exceeded with url: /v200/2021/map/ESA_WorldCover_10m_2021_v200_N27W018_Map.tif (Caused by NameResolutionError("HTTPSConnection(host='esa-worldcover.s3.eu-central-1.amazonaws.com', port=443): Failed to resolve 'esa-worldcover.s3.eu-central-1.amazonaws.com' ([Errno 11001] getaddrinfo failed)"))) — retry in 4s
[17:29:17]       WARNING: tile N27W018 failed after 3 attempts — HTTPSConnectionPool(host='esa-worldcover.s3.eu-central-1.amazonaws.com', port=443): Max retries exceeded with url: /v200/2021/map/ESA_WorldCover_10m_2021_v200_N27W018_Map.tif (Caused by NameResolutionError("HTTPSConnection(host='esa-worldcover.s3.eu-central-1.amazonaws.com', port=443): Failed to resolve 'esa-worldcover.s3.eu-central-1.amazonaws.com' ([Errno 11001] getaddrinfo failed)"))
[17:29:17]       tile N27W015: attempt 1 failed (ConnectionError: HTTPSConnectionPool(host='esa-worldcover.s3.eu-central-1.amazonaws.com', port=443): Max retries exceeded with url: /v200/2021/map/ESA_WorldCover_10m_2021_v200_N27W015_Map.tif (Caused by NameResolutionError("HTTPSConnection(host='esa-worldcover.s3.eu-central-1.amazonaws.com', port=443): Failed to resolve 'esa-worldcover.s3.eu-central-1.amazonaws.com' ([Errno 11001] getaddrinfo failed)"))) — retry in 2s
[17:29:19]       tile N27W015: attempt 2 failed (ConnectionError: HTTPSConnectionPool(host='esa-worldcover.s3.eu-central-1.amazonaws.com', port=443): Max retries exceeded with url: /v200/2021/map/ESA_WorldCover_10m_2021_v200_N27W015_Map.tif (Caused by NameResolutionError("HTTPSConnection(host='esa-worldcover.s3.eu-central-1.amazonaws.com', port=443): Failed to resolve 'esa-worldcover.s3.eu-central-1.amazonaws.com' ([Errno 11001] getaddrinfo failed)"))) — retry in 4s
[17:29:23]       WARNING: tile N27W015 failed after 3 attempts — HTTPSConnectionPool(host='esa-worldcover.s3.eu-central-1.amazonaws.com', port=443): Max retries exceeded with url: /v200/2021/map/ESA_WorldCover_10m_2021_v200_N27W015_Map.tif (Caused by NameResolutionError("HTTPSConnection(host='esa-worldcover.s3.eu-central-1.amazonaws.com', port=443): Failed to resolve 'esa-worldcover.s3.eu-central-1.amazonaws.com' ([Errno 11001] getaddrinfo failed)"))
[17:29:23]       tile N27W012: attempt 1 failed (ConnectionError: HTTPSConnectionPool(host='esa-worldcover.s3.eu-central-1.amazonaws.com', port=443): Max retries exceeded with url: /v200/2021/map/ESA_WorldCover_10m_2021_v200_N27W012_Map.tif (Caused by NameResolutionError("HTTPSConnection(host='esa-worldcover.s3.eu-central-1.amazonaws.com', port=443): Failed to resolve 'esa-worldcover.s3.eu-central-1.amazonaws.com' ([Errno 11001] getaddrinfo failed)"))) — retry in 2s
[17:29:25]       tile N27W012: attempt 2 failed (ConnectionError: HTTPSConnectionPool(host='esa-worldcover.s3.eu-central-1.amazonaws.com', port=443): Max retries exceeded with url: /v200/2021/map/ESA_WorldCover_10m_2021_v200_N27W012_Map.tif (Caused by NameResolutionError("HTTPSConnection(host='esa-worldcover.s3.eu-central-1.amazonaws.com', port=443): Failed to resolve 'esa-worldcover.s3.eu-central-1.amazonaws.com' ([Errno 11001] getaddrinfo failed)"))) — retry in 4s
[17:29:29]       WARNING: tile N27W012 failed after 3 attempts — HTTPSConnectionPool(host='esa-worldcover.s3.eu-central-1.amazonaws.com', port=443): Max retries exceeded with url: /v200/2021/map/ESA_WorldCover_10m_2021_v200_N27W012_Map.tif (Caused by NameResolutionError("HTTPSConnection(host='esa-worldcover.s3.eu-central-1.amazonaws.com', port=443): Failed to resolve 'esa-worldcover.s3.eu-central-1.amazonaws.com' ([Errno 11001] getaddrinfo failed)"))
[17:29:29]       tile N27W009: attempt 1 failed (ConnectionError: HTTPSConnectionPool(host='esa-worldcover.s3.eu-central-1.amazonaws.com', port=443): Max retries exceeded with url: /v200/2021/map/ESA_WorldCover_10m_2021_v200_N27W009_Map.tif (Caused by NameResolutionError("HTTPSConnection(host='esa-worldcover.s3.eu-central-1.amazonaws.com', port=443): Failed to resolve 'esa-worldcover.s3.eu-central-1.amazonaws.com' ([Errno 11001] getaddrinfo failed)"))) — retry in 2s
[17:29:31]       tile N27W009: attempt 2 failed (ConnectionError: HTTPSConnectionPool(host='esa-worldcover.s3.eu-central-1.amazonaws.com', port=443): Max retries exceeded with url: /v200/2021/map/ESA_WorldCover_10m_2021_v200_N27W009_Map.tif (Caused by NameResolutionError("HTTPSConnection(host='esa-worldcover.s3.eu-central-1.amazonaws.com', port=443): Failed to resolve 'esa-worldcover.s3.eu-central-1.amazonaws.com' ([Errno 11001] getaddrinfo failed)"))) — retry in 4s
[17:29:35]       WARNING: tile N27W009 failed after 3 attempts — HTTPSConnectionPool(host='esa-worldcover.s3.eu-central-1.amazonaws.com', port=443): Max retries exceeded with url: /v200/2021/map/ESA_WorldCover_10m_2021_v200_N27W009_Map.tif (Caused by NameResolutionError("HTTPSConnection(host='esa-worldcover.s3.eu-central-1.amazonaws.com', port=443): Failed to resolve 'esa-worldcover.s3.eu-central-1.amazonaws.com' ([Errno 11001] getaddrinfo failed)"))
[17:29:35]       tile N27W006: attempt 1 failed (ConnectionError: HTTPSConnectionPool(host='esa-worldcover.s3.eu-central-1.amazonaws.com', port=443): Max retries exceeded with url: /v200/2021/map/ESA_WorldCover_10m_2021_v200_N27W006_Map.tif (Caused by NameResolutionError("HTTPSConnection(host='esa-worldcover.s3.eu-central-1.amazonaws.com', port=443): Failed to resolve 'esa-worldcover.s3.eu-central-1.amazonaws.com' ([Errno 11001] getaddrinfo failed)"))) — retry in 2s
[17:29:37]       tile N27W006: attempt 2 failed (ConnectionError: HTTPSConnectionPool(host='esa-worldcover.s3.eu-central-1.amazonaws.com', port=443): Max retries exceeded with url: /v200/2021/map/ESA_WorldCover_10m_2021_v200_N27W006_Map.tif (Caused by NameResolutionError("HTTPSConnection(host='esa-worldcover.s3.eu-central-1.amazonaws.com', port=443): Failed to resolve 'esa-worldcover.s3.eu-central-1.amazonaws.com' ([Errno 11001] getaddrinfo failed)"))) — retry in 4s
[17:29:41]       WARNING: tile N27W006 failed after 3 attempts — HTTPSConnectionPool(host='esa-worldcover.s3.eu-central-1.amazonaws.com', port=443): Max retries exceeded with url: /v200/2021/map/ESA_WorldCover_10m_2021_v200_N27W006_Map.tif (Caused by NameResolutionError("HTTPSConnection(host='esa-worldcover.s3.eu-central-1.amazonaws.com', port=443): Failed to resolve 'esa-worldcover.s3.eu-central-1.amazonaws.com' ([Errno 11001] getaddrinfo failed)"))
[17:29:41]       tile N30W018: attempt 1 failed (ConnectionError: HTTPSConnectionPool(host='esa-worldcover.s3.eu-central-1.amazonaws.com', port=443): Max retries exceeded with url: /v200/2021/map/ESA_WorldCover_10m_2021_v200_N30W018_Map.tif (Caused by NameResolutionError("HTTPSConnection(host='esa-worldcover.s3.eu-central-1.amazonaws.com', port=443): Failed to resolve 'esa-worldcover.s3.eu-central-1.amazonaws.com' ([Errno 11001] getaddrinfo failed)"))) — retry in 2s
[17:29:43]       tile N30W018: attempt 2 failed (ConnectionError: HTTPSConnectionPool(host='esa-worldcover.s3.eu-central-1.amazonaws.com', port=443): Max retries exceeded with url: /v200/2021/map/ESA_WorldCover_10m_2021_v200_N30W018_Map.tif (Caused by NameResolutionError("HTTPSConnection(host='esa-worldcover.s3.eu-central-1.amazonaws.com', port=443): Failed to resolve 'esa-worldcover.s3.eu-central-1.amazonaws.com' ([Errno 11001] getaddrinfo failed)"))) — retry in 4s
[17:29:47]       WARNING: tile N30W018 failed after 3 attempts — HTTPSConnectionPool(host='esa-worldcover.s3.eu-central-1.amazonaws.com', port=443): Max retries exceeded with url: /v200/2021/map/ESA_WorldCover_10m_2021_v200_N30W018_Map.tif (Caused by NameResolutionError("HTTPSConnection(host='esa-worldcover.s3.eu-central-1.amazonaws.com', port=443): Failed to resolve 'esa-worldcover.s3.eu-central-1.amazonaws.com' ([Errno 11001] getaddrinfo failed)"))
[17:29:47]       tile N30W015: attempt 1 failed (ConnectionError: HTTPSConnectionPool(host='esa-worldcover.s3.eu-central-1.amazonaws.com', port=443): Max retries exceeded with url: /v200/2021/map/ESA_WorldCover_10m_2021_v200_N30W015_Map.tif (Caused by NameResolutionError("HTTPSConnection(host='esa-worldcover.s3.eu-central-1.amazonaws.com', port=443): Failed to resolve 'esa-worldcover.s3.eu-central-1.amazonaws.com' ([Errno 11001] getaddrinfo failed)"))) — retry in 2s
[17:29:49]       tile N30W015: attempt 2 failed (ConnectionError: HTTPSConnectionPool(host='esa-worldcover.s3.eu-central-1.amazonaws.com', port=443): Max retries exceeded with url: /v200/2021/map/ESA_WorldCover_10m_2021_v200_N30W015_Map.tif (Caused by NameResolutionError("HTTPSConnection(host='esa-worldcover.s3.eu-central-1.amazonaws.com', port=443): Failed to resolve 'esa-worldcover.s3.eu-central-1.amazonaws.com' ([Errno 11001] getaddrinfo failed)"))) — retry in 4s
[17:29:53]       WARNING: tile N30W015 failed after 3 attempts — HTTPSConnectionPool(host='esa-worldcover.s3.eu-central-1.amazonaws.com', port=443): Max retries exceeded with url: /v200/2021/map/ESA_WorldCover_10m_2021_v200_N30W015_Map.tif (Caused by NameResolutionError("HTTPSConnection(host='esa-worldcover.s3.eu-central-1.amazonaws.com', port=443): Failed to resolve 'esa-worldcover.s3.eu-central-1.amazonaws.com' ([Errno 11001] getaddrinfo failed)"))
[17:29:53]       tile N30W012: attempt 1 failed (ConnectionError: HTTPSConnectionPool(host='esa-worldcover.s3.eu-central-1.amazonaws.com', port=443): Max retries exceeded with url: /v200/2021/map/ESA_WorldCover_10m_2021_v200_N30W012_Map.tif (Caused by NameResolutionError("HTTPSConnection(host='esa-worldcover.s3.eu-central-1.amazonaws.com', port=443): Failed to resolve 'esa-worldcover.s3.eu-central-1.amazonaws.com' ([Errno 11001] getaddrinfo failed)"))) — retry in 2s
[17:29:55]       tile N30W012: attempt 2 failed (ConnectionError: HTTPSConnectionPool(host='esa-worldcover.s3.eu-central-1.amazonaws.com', port=443): Max retries exceeded with url: /v200/2021/map/ESA_WorldCover_10m_2021_v200_N30W012_Map.tif (Caused by NameResolutionError("HTTPSConnection(host='esa-worldcover.s3.eu-central-1.amazonaws.com', port=443): Failed to resolve 'esa-worldcover.s3.eu-central-1.amazonaws.com' ([Errno 11001] getaddrinfo failed)"))) — retry in 4s
[17:29:59]       WARNING: tile N30W012 failed after 3 attempts — HTTPSConnectionPool(host='esa-worldcover.s3.eu-central-1.amazonaws.com', port=443): Max retries exceeded with url: /v200/2021/map/ESA_WorldCover_10m_2021_v200_N30W012_Map.tif (Caused by NameResolutionError("HTTPSConnection(host='esa-worldcover.s3.eu-central-1.amazonaws.com', port=443): Failed to resolve 'esa-worldcover.s3.eu-central-1.amazonaws.com' ([Errno 11001] getaddrinfo failed)"))
[17:29:59]       tile N30W009: attempt 1 failed (ConnectionError: HTTPSConnectionPool(host='esa-worldcover.s3.eu-central-1.amazonaws.com', port=443): Max retries exceeded with url: /v200/2021/map/ESA_WorldCover_10m_2021_v200_N30W009_Map.tif (Caused by NameResolutionError("HTTPSConnection(host='esa-worldcover.s3.eu-central-1.amazonaws.com', port=443): Failed to resolve 'esa-worldcover.s3.eu-central-1.amazonaws.com' ([Errno 11001] getaddrinfo failed)"))) — retry in 2s
[17:30:01]       tile N30W009: attempt 2 failed (ConnectionError: HTTPSConnectionPool(host='esa-worldcover.s3.eu-central-1.amazonaws.com', port=443): Max retries exceeded with url: /v200/2021/map/ESA_WorldCover_10m_2021_v200_N30W009_Map.tif (Caused by NameResolutionError("HTTPSConnection(host='esa-worldcover.s3.eu-central-1.amazonaws.com', port=443): Failed to resolve 'esa-worldcover.s3.eu-central-1.amazonaws.com' ([Errno 11001] getaddrinfo failed)"))) — retry in 4s
[17:30:05]       WARNING: tile N30W009 failed after 3 attempts — HTTPSConnectionPool(host='esa-worldcover.s3.eu-central-1.amazonaws.com', port=443): Max retries exceeded with url: /v200/2021/map/ESA_WorldCover_10m_2021_v200_N30W009_Map.tif (Caused by NameResolutionError("HTTPSConnection(host='esa-worldcover.s3.eu-central-1.amazonaws.com', port=443): Failed to resolve 'esa-worldcover.s3.eu-central-1.amazonaws.com' ([Errno 11001] getaddrinfo failed)"))
[17:30:05]       tile N30W006: attempt 1 failed (ConnectionError: HTTPSConnectionPool(host='esa-worldcover.s3.eu-central-1.amazonaws.com', port=443): Max retries exceeded with url: /v200/2021/map/ESA_WorldCover_10m_2021_v200_N30W006_Map.tif (Caused by NameResolutionError("HTTPSConnection(host='esa-worldcover.s3.eu-central-1.amazonaws.com', port=443): Failed to resolve 'esa-worldcover.s3.eu-central-1.amazonaws.com' ([Errno 11001] getaddrinfo failed)"))) — retry in 2s
[17:30:07]       tile N30W006: attempt 2 failed (ConnectionError: HTTPSConnectionPool(host='esa-worldcover.s3.eu-central-1.amazonaws.com', port=443): Max retries exceeded with url: /v200/2021/map/ESA_WorldCover_10m_2021_v200_N30W006_Map.tif (Caused by NameResolutionError("HTTPSConnection(host='esa-worldcover.s3.eu-central-1.amazonaws.com', port=443): Failed to resolve 'esa-worldcover.s3.eu-central-1.amazonaws.com' ([Errno 11001] getaddrinfo failed)"))) — retry in 4s
[17:30:11]       WARNING: tile N30W006 failed after 3 attempts — HTTPSConnectionPool(host='esa-worldcover.s3.eu-central-1.amazonaws.com', port=443): Max retries exceeded with url: /v200/2021/map/ESA_WorldCover_10m_2021_v200_N30W006_Map.tif (Caused by NameResolutionError("HTTPSConnection(host='esa-worldcover.s3.eu-central-1.amazonaws.com', port=443): Failed to resolve 'esa-worldcover.s3.eu-central-1.amazonaws.com' ([Errno 11001] getaddrinfo failed)"))
[17:30:11]     tiles with data: 2
[17:30:24]               tile N15W018: clipped (18510×26296 px)
[17:31:22]               tile N15W015: clipped (36000×36000 px)
[17:32:46]     clipped shape: 54510×36000 px
[17:33:41]     COG finalized → Mauritania_LULC.tif
[17:33:41]     COG size: 78.16 MB
[17:33:48]     ERROR: R2 upload failed — Could not connect to the endpoint URL: "https://2d7d8cc536086b35e2800be940b02d62.r2.cloudflarestorage.com/gis-data-lenga-maps/lulc/Mauritania/Mauritania_LULC.tif"
[17:33:48] 
[45/54] Ethiopia
[17:33:48]     bbox [32.99, 3.40, 47.98, 14.88]
[17:33:48]     tiles to check: 35
[17:33:48]       tile N18E030: attempt 1 failed (ConnectionError: HTTPSConnectionPool(host='esa-worldcover.s3.eu-central-1.amazonaws.com', port=443): Max retries exceeded with url: /v200/2021/map/ESA_WorldCover_10m_2021_v200_N18E030_Map.tif (Caused by NameResolutionError("HTTPSConnection(host='esa-worldcover.s3.eu-central-1.amazonaws.com', port=443): Failed to resolve 'esa-worldcover.s3.eu-central-1.amazonaws.com' ([Errno 11001] getaddrinfo failed)"))) — retry in 2s
[17:33:50]       tile N18E030: attempt 2 failed (ConnectionError: HTTPSConnectionPool(host='esa-worldcover.s3.eu-central-1.amazonaws.com', port=443): Max retries exceeded with url: /v200/2021/map/ESA_WorldCover_10m_2021_v200_N18E030_Map.tif (Caused by NameResolutionError("HTTPSConnection(host='esa-worldcover.s3.eu-central-1.amazonaws.com', port=443): Failed to resolve 'esa-worldcover.s3.eu-central-1.amazonaws.com' ([Errno 11001] getaddrinfo failed)"))) — retry in 4s
[17:33:54]       WARNING: tile N18E030 failed after 3 attempts — HTTPSConnectionPool(host='esa-worldcover.s3.eu-central-1.amazonaws.com', port=443): Max retries exceeded with url: /v200/2021/map/ESA_WorldCover_10m_2021_v200_N18E030_Map.tif (Caused by NameResolutionError("HTTPSConnection(host='esa-worldcover.s3.eu-central-1.amazonaws.com', port=443): Failed to resolve 'esa-worldcover.s3.eu-central-1.amazonaws.com' ([Errno 11001] getaddrinfo failed)"))
[17:33:54]       tile N18E033: attempt 1 failed (ConnectionError: HTTPSConnectionPool(host='esa-worldcover.s3.eu-central-1.amazonaws.com', port=443): Max retries exceeded with url: /v200/2021/map/ESA_WorldCover_10m_2021_v200_N18E033_Map.tif (Caused by NameResolutionError("HTTPSConnection(host='esa-worldcover.s3.eu-central-1.amazonaws.com', port=443): Failed to resolve 'esa-worldcover.s3.eu-central-1.amazonaws.com' ([Errno 11001] getaddrinfo failed)"))) — retry in 2s
[17:33:56]       tile N18E033: attempt 2 failed (ConnectionError: HTTPSConnectionPool(host='esa-worldcover.s3.eu-central-1.amazonaws.com', port=443): Max retries exceeded with url: /v200/2021/map/ESA_WorldCover_10m_2021_v200_N18E033_Map.tif (Caused by NameResolutionError("HTTPSConnection(host='esa-worldcover.s3.eu-central-1.amazonaws.com', port=443): Failed to resolve 'esa-worldcover.s3.eu-central-1.amazonaws.com' ([Errno 11001] getaddrinfo failed)"))) — retry in 4s
[17:34:00]       WARNING: tile N18E033 failed after 3 attempts — HTTPSConnectionPool(host='esa-worldcover.s3.eu-central-1.amazonaws.com', port=443): Max retries exceeded with url: /v200/2021/map/ESA_WorldCover_10m_2021_v200_N18E033_Map.tif (Caused by NameResolutionError("HTTPSConnection(host='esa-worldcover.s3.eu-central-1.amazonaws.com', port=443): Failed to resolve 'esa-worldcover.s3.eu-central-1.amazonaws.com' ([Errno 11001] getaddrinfo failed)"))
[17:34:00]       tile N18E045: attempt 1 failed (ConnectionError: HTTPSConnectionPool(host='esa-worldcover.s3.eu-central-1.amazonaws.com', port=443): Max retries exceeded with url: /v200/2021/map/ESA_WorldCover_10m_2021_v200_N18E045_Map.tif (Caused by NameResolutionError("HTTPSConnection(host='esa-worldcover.s3.eu-central-1.amazonaws.com', port=443): Failed to resolve 'esa-worldcover.s3.eu-central-1.amazonaws.com' ([Errno 11001] getaddrinfo failed)"))) — retry in 2s
[17:34:02]       tile N18E045: attempt 2 failed (ConnectionError: HTTPSConnectionPool(host='esa-worldcover.s3.eu-central-1.amazonaws.com', port=443): Max retries exceeded with url: /v200/2021/map/ESA_WorldCover_10m_2021_v200_N18E045_Map.tif (Caused by NameResolutionError("HTTPSConnection(host='esa-worldcover.s3.eu-central-1.amazonaws.com', port=443): Failed to resolve 'esa-worldcover.s3.eu-central-1.amazonaws.com' ([Errno 11001] getaddrinfo failed)"))) — retry in 4s
[17:34:06]       WARNING: tile N18E045 failed after 3 attempts — HTTPSConnectionPool(host='esa-worldcover.s3.eu-central-1.amazonaws.com', port=443): Max retries exceeded with url: /v200/2021/map/ESA_WorldCover_10m_2021_v200_N18E045_Map.tif (Caused by NameResolutionError("HTTPSConnection(host='esa-worldcover.s3.eu-central-1.amazonaws.com', port=443): Failed to resolve 'esa-worldcover.s3.eu-central-1.amazonaws.com' ([Errno 11001] getaddrinfo failed)"))
[17:34:06]       tile N18E048: attempt 1 failed (ConnectionError: HTTPSConnectionPool(host='esa-worldcover.s3.eu-central-1.amazonaws.com', port=443): Max retries exceeded with url: /v200/2021/map/ESA_WorldCover_10m_2021_v200_N18E048_Map.tif (Caused by NameResolutionError("HTTPSConnection(host='esa-worldcover.s3.eu-central-1.amazonaws.com', port=443): Failed to resolve 'esa-worldcover.s3.eu-central-1.amazonaws.com' ([Errno 11001] getaddrinfo failed)"))) — retry in 2s
[17:34:08]       tile N18E048: attempt 2 failed (ConnectionError: HTTPSConnectionPool(host='esa-worldcover.s3.eu-central-1.amazonaws.com', port=443): Max retries exceeded with url: /v200/2021/map/ESA_WorldCover_10m_2021_v200_N18E048_Map.tif (Caused by NameResolutionError("HTTPSConnection(host='esa-worldcover.s3.eu-central-1.amazonaws.com', port=443): Failed to resolve 'esa-worldcover.s3.eu-central-1.amazonaws.com' ([Errno 11001] getaddrinfo failed)"))) — retry in 4s
[17:34:12]       WARNING: tile N18E048 failed after 3 attempts — HTTPSConnectionPool(host='esa-worldcover.s3.eu-central-1.amazonaws.com', port=443): Max retries exceeded with url: /v200/2021/map/ESA_WorldCover_10m_2021_v200_N18E048_Map.tif (Caused by NameResolutionError("HTTPSConnection(host='esa-worldcover.s3.eu-central-1.amazonaws.com', port=443): Failed to resolve 'esa-worldcover.s3.eu-central-1.amazonaws.com' ([Errno 11001] getaddrinfo failed)"))
[17:34:12]     tiles with data: 31
[17:34:13]               tile N06E030: clipped (124×541 px)
[17:35:15]               tile N06E033: clipped (36000×36000 px)
[17:36:20]               tile N06E036: clipped (36000×36000 px)
[17:37:11]               tile N06E039: clipped (36000×36000 px)
[17:38:16]               tile N06E042: clipped (36000×36000 px)
[17:39:10]               tile N06E045: clipped (35752×31985 px)
[17:39:42]               tile N09E033: clipped (23199×36000 px)
[17:40:36]               tile N09E036: clipped (36000×36000 px)
[17:41:44]               tile N09E039: clipped (36000×36000 px)
[17:42:15]               tile N09E042: clipped (23990×36000 px)
[17:42:19]               tile N12E033: clipped (8462×8557 px)
[17:43:15]               tile N12E036: clipped (36000×34556 px)
[17:44:12]               tile N12E039: clipped (36000×31816 px)
[17:44:22]               tile N12E042: clipped (4555×10112 px)
[17:44:23]     ERROR: clip-mosaic failed — Unable to allocate 17.9 GiB for an array with shape (1, 106556, 179876) and data type uint8
[17:44:23] 
[46/54] South Africa
[17:44:23]     bbox [16.47, -46.97, 37.98, -22.13]
[17:44:23]     tiles to check: 72
[17:44:23]       tile S45E015: attempt 1 failed (ConnectionError: HTTPSConnectionPool(host='esa-worldcover.s3.eu-central-1.amazonaws.com', port=443): Max retries exceeded with url: /v200/2021/map/ESA_WorldCover_10m_2021_v200_S45E015_Map.tif (Caused by NameResolutionError("HTTPSConnection(host='esa-worldcover.s3.eu-central-1.amazonaws.com', port=443): Failed to resolve 'esa-worldcover.s3.eu-central-1.amazonaws.com' ([Errno 11001] getaddrinfo failed)"))) — retry in 2s
[17:44:25]       tile S45E015: attempt 2 failed (ConnectionError: HTTPSConnectionPool(host='esa-worldcover.s3.eu-central-1.amazonaws.com', port=443): Max retries exceeded with url: /v200/2021/map/ESA_WorldCover_10m_2021_v200_S45E015_Map.tif (Caused by NameResolutionError("HTTPSConnection(host='esa-worldcover.s3.eu-central-1.amazonaws.com', port=443): Failed to resolve 'esa-worldcover.s3.eu-central-1.amazonaws.com' ([Errno 11001] getaddrinfo failed)"))) — retry in 4s
[17:44:29]       WARNING: tile S45E015 failed after 3 attempts — HTTPSConnectionPool(host='esa-worldcover.s3.eu-central-1.amazonaws.com', port=443): Max retries exceeded with url: /v200/2021/map/ESA_WorldCover_10m_2021_v200_S45E015_Map.tif (Caused by NameResolutionError("HTTPSConnection(host='esa-worldcover.s3.eu-central-1.amazonaws.com', port=443): Failed to resolve 'esa-worldcover.s3.eu-central-1.amazonaws.com' ([Errno 11001] getaddrinfo failed)"))
[17:44:30]       tile S45E018: attempt 1 failed (ConnectionError: HTTPSConnectionPool(host='esa-worldcover.s3.eu-central-1.amazonaws.com', port=443): Max retries exceeded with url: /v200/2021/map/ESA_WorldCover_10m_2021_v200_S45E018_Map.tif (Caused by NameResolutionError("HTTPSConnection(host='esa-worldcover.s3.eu-central-1.amazonaws.com', port=443): Failed to resolve 'esa-worldcover.s3.eu-central-1.amazonaws.com' ([Errno 11001] getaddrinfo failed)"))) — retry in 2s
[17:44:32]       tile S45E018: attempt 2 failed (ConnectionError: HTTPSConnectionPool(host='esa-worldcover.s3.eu-central-1.amazonaws.com', port=443): Max retries exceeded with url: /v200/2021/map/ESA_WorldCover_10m_2021_v200_S45E018_Map.tif (Caused by NameResolutionError("HTTPSConnection(host='esa-worldcover.s3.eu-central-1.amazonaws.com', port=443): Failed to resolve 'esa-worldcover.s3.eu-central-1.amazonaws.com' ([Errno 11001] getaddrinfo failed)"))) — retry in 4s
[17:44:36]       WARNING: tile S45E018 failed after 3 attempts — HTTPSConnectionPool(host='esa-worldcover.s3.eu-central-1.amazonaws.com', port=443): Max retries exceeded with url: /v200/2021/map/ESA_WorldCover_10m_2021_v200_S45E018_Map.tif (Caused by NameResolutionError("HTTPSConnection(host='esa-worldcover.s3.eu-central-1.amazonaws.com', port=443): Failed to resolve 'esa-worldcover.s3.eu-central-1.amazonaws.com' ([Errno 11001] getaddrinfo failed)"))
[17:44:36]       tile S45E021: attempt 1 failed (ConnectionError: HTTPSConnectionPool(host='esa-worldcover.s3.eu-central-1.amazonaws.com', port=443): Max retries exceeded with url: /v200/2021/map/ESA_WorldCover_10m_2021_v200_S45E021_Map.tif (Caused by NameResolutionError("HTTPSConnection(host='esa-worldcover.s3.eu-central-1.amazonaws.com', port=443): Failed to resolve 'esa-worldcover.s3.eu-central-1.amazonaws.com' ([Errno 11001] getaddrinfo failed)"))) — retry in 2s
[17:44:38]       tile S45E021: attempt 2 failed (ConnectionError: HTTPSConnectionPool(host='esa-worldcover.s3.eu-central-1.amazonaws.com', port=443): Max retries exceeded with url: /v200/2021/map/ESA_WorldCover_10m_2021_v200_S45E021_Map.tif (Caused by NameResolutionError("HTTPSConnection(host='esa-worldcover.s3.eu-central-1.amazonaws.com', port=443): Failed to resolve 'esa-worldcover.s3.eu-central-1.amazonaws.com' ([Errno 11001] getaddrinfo failed)"))) — retry in 4s
[17:44:42]       WARNING: tile S45E021 failed after 3 attempts — HTTPSConnectionPool(host='esa-worldcover.s3.eu-central-1.amazonaws.com', port=443): Max retries exceeded with url: /v200/2021/map/ESA_WorldCover_10m_2021_v200_S45E021_Map.tif (Caused by NameResolutionError("HTTPSConnection(host='esa-worldcover.s3.eu-central-1.amazonaws.com', port=443): Failed to resolve 'esa-worldcover.s3.eu-central-1.amazonaws.com' ([Errno 11001] getaddrinfo failed)"))
[17:44:42]       tile S45E024: attempt 1 failed (ConnectionError: HTTPSConnectionPool(host='esa-worldcover.s3.eu-central-1.amazonaws.com', port=443): Max retries exceeded with url: /v200/2021/map/ESA_WorldCover_10m_2021_v200_S45E024_Map.tif (Caused by NameResolutionError("HTTPSConnection(host='esa-worldcover.s3.eu-central-1.amazonaws.com', port=443): Failed to resolve 'esa-worldcover.s3.eu-central-1.amazonaws.com' ([Errno 11001] getaddrinfo failed)"))) — retry in 2s
[17:44:44]       tile S45E024: attempt 2 failed (ConnectionError: HTTPSConnectionPool(host='esa-worldcover.s3.eu-central-1.amazonaws.com', port=443): Max retries exceeded with url: /v200/2021/map/ESA_WorldCover_10m_2021_v200_S45E024_Map.tif (Caused by NameResolutionError("HTTPSConnection(host='esa-worldcover.s3.eu-central-1.amazonaws.com', port=443): Failed to resolve 'esa-worldcover.s3.eu-central-1.amazonaws.com' ([Errno 11001] getaddrinfo failed)"))) — retry in 4s
[17:44:48]       WARNING: tile S45E024 failed after 3 attempts — HTTPSConnectionPool(host='esa-worldcover.s3.eu-central-1.amazonaws.com', port=443): Max retries exceeded with url: /v200/2021/map/ESA_WorldCover_10m_2021_v200_S45E024_Map.tif (Caused by NameResolutionError("HTTPSConnection(host='esa-worldcover.s3.eu-central-1.amazonaws.com', port=443): Failed to resolve 'esa-worldcover.s3.eu-central-1.amazonaws.com' ([Errno 11001] getaddrinfo failed)"))
[17:44:48]       tile S45E027: attempt 1 failed (ConnectionError: HTTPSConnectionPool(host='esa-worldcover.s3.eu-central-1.amazonaws.com', port=443): Max retries exceeded with url: /v200/2021/map/ESA_WorldCover_10m_2021_v200_S45E027_Map.tif (Caused by NameResolutionError("HTTPSConnection(host='esa-worldcover.s3.eu-central-1.amazonaws.com', port=443): Failed to resolve 'esa-worldcover.s3.eu-central-1.amazonaws.com' ([Errno 11001] getaddrinfo failed)"))) — retry in 2s
[17:44:50]       tile S45E027: attempt 2 failed (ConnectionError: HTTPSConnectionPool(host='esa-worldcover.s3.eu-central-1.amazonaws.com', port=443): Max retries exceeded with url: /v200/2021/map/ESA_WorldCover_10m_2021_v200_S45E027_Map.tif (Caused by NameResolutionError("HTTPSConnection(host='esa-worldcover.s3.eu-central-1.amazonaws.com', port=443): Failed to resolve 'esa-worldcover.s3.eu-central-1.amazonaws.com' ([Errno 11001] getaddrinfo failed)"))) — retry in 4s
[17:44:54]       WARNING: tile S45E027 failed after 3 attempts — HTTPSConnectionPool(host='esa-worldcover.s3.eu-central-1.amazonaws.com', port=443): Max retries exceeded with url: /v200/2021/map/ESA_WorldCover_10m_2021_v200_S45E027_Map.tif (Caused by NameResolutionError("HTTPSConnection(host='esa-worldcover.s3.eu-central-1.amazonaws.com', port=443): Failed to resolve 'esa-worldcover.s3.eu-central-1.amazonaws.com' ([Errno 11001] getaddrinfo failed)"))
[17:44:54]       tile S45E030: attempt 1 failed (ConnectionError: HTTPSConnectionPool(host='esa-worldcover.s3.eu-central-1.amazonaws.com', port=443): Max retries exceeded with url: /v200/2021/map/ESA_WorldCover_10m_2021_v200_S45E030_Map.tif (Caused by NameResolutionError("HTTPSConnection(host='esa-worldcover.s3.eu-central-1.amazonaws.com', port=443): Failed to resolve 'esa-worldcover.s3.eu-central-1.amazonaws.com' ([Errno 11001] getaddrinfo failed)"))) — retry in 2s
[17:44:56]       tile S45E030: attempt 2 failed (ConnectionError: HTTPSConnectionPool(host='esa-worldcover.s3.eu-central-1.amazonaws.com', port=443): Max retries exceeded with url: /v200/2021/map/ESA_WorldCover_10m_2021_v200_S45E030_Map.tif (Caused by NameResolutionError("HTTPSConnection(host='esa-worldcover.s3.eu-central-1.amazonaws.com', port=443): Failed to resolve 'esa-worldcover.s3.eu-central-1.amazonaws.com' ([Errno 11001] getaddrinfo failed)"))) — retry in 4s
[17:45:00]       WARNING: tile S45E030 failed after 3 attempts — HTTPSConnectionPool(host='esa-worldcover.s3.eu-central-1.amazonaws.com', port=443): Max retries exceeded with url: /v200/2021/map/ESA_WorldCover_10m_2021_v200_S45E030_Map.tif (Caused by NameResolutionError("HTTPSConnection(host='esa-worldcover.s3.eu-central-1.amazonaws.com', port=443): Failed to resolve 'esa-worldcover.s3.eu-central-1.amazonaws.com' ([Errno 11001] getaddrinfo failed)"))
[17:45:00]       tile S45E033: attempt 1 failed (ConnectionError: HTTPSConnectionPool(host='esa-worldcover.s3.eu-central-1.amazonaws.com', port=443): Max retries exceeded with url: /v200/2021/map/ESA_WorldCover_10m_2021_v200_S45E033_Map.tif (Caused by NameResolutionError("HTTPSConnection(host='esa-worldcover.s3.eu-central-1.amazonaws.com', port=443): Failed to resolve 'esa-worldcover.s3.eu-central-1.amazonaws.com' ([Errno 11001] getaddrinfo failed)"))) — retry in 2s
[17:45:02]       tile S45E033: attempt 2 failed (ConnectionError: HTTPSConnectionPool(host='esa-worldcover.s3.eu-central-1.amazonaws.com', port=443): Max retries exceeded with url: /v200/2021/map/ESA_WorldCover_10m_2021_v200_S45E033_Map.tif (Caused by NameResolutionError("HTTPSConnection(host='esa-worldcover.s3.eu-central-1.amazonaws.com', port=443): Failed to resolve 'esa-worldcover.s3.eu-central-1.amazonaws.com' ([Errno 11001] getaddrinfo failed)"))) — retry in 4s
[17:45:06]       WARNING: tile S45E033 failed after 3 attempts — HTTPSConnectionPool(host='esa-worldcover.s3.eu-central-1.amazonaws.com', port=443): Max retries exceeded with url: /v200/2021/map/ESA_WorldCover_10m_2021_v200_S45E033_Map.tif (Caused by NameResolutionError("HTTPSConnection(host='esa-worldcover.s3.eu-central-1.amazonaws.com', port=443): Failed to resolve 'esa-worldcover.s3.eu-central-1.amazonaws.com' ([Errno 11001] getaddrinfo failed)"))
[17:45:06]       tile S45E036: attempt 1 failed (ConnectionError: HTTPSConnectionPool(host='esa-worldcover.s3.eu-central-1.amazonaws.com', port=443): Max retries exceeded with url: /v200/2021/map/ESA_WorldCover_10m_2021_v200_S45E036_Map.tif (Caused by NameResolutionError("HTTPSConnection(host='esa-worldcover.s3.eu-central-1.amazonaws.com', port=443): Failed to resolve 'esa-worldcover.s3.eu-central-1.amazonaws.com' ([Errno 11001] getaddrinfo failed)"))) — retry in 2s
[17:45:08]       tile S45E036: attempt 2 failed (ConnectionError: HTTPSConnectionPool(host='esa-worldcover.s3.eu-central-1.amazonaws.com', port=443): Max retries exceeded with url: /v200/2021/map/ESA_WorldCover_10m_2021_v200_S45E036_Map.tif (Caused by NameResolutionError("HTTPSConnection(host='esa-worldcover.s3.eu-central-1.amazonaws.com', port=443): Failed to resolve 'esa-worldcover.s3.eu-central-1.amazonaws.com' ([Errno 11001] getaddrinfo failed)"))) — retry in 4s
[17:45:12]       WARNING: tile S45E036 failed after 3 attempts — HTTPSConnectionPool(host='esa-worldcover.s3.eu-central-1.amazonaws.com', port=443): Max retries exceeded with url: /v200/2021/map/ESA_WorldCover_10m_2021_v200_S45E036_Map.tif (Caused by NameResolutionError("HTTPSConnection(host='esa-worldcover.s3.eu-central-1.amazonaws.com', port=443): Failed to resolve 'esa-worldcover.s3.eu-central-1.amazonaws.com' ([Errno 11001] getaddrinfo failed)"))
[17:45:12]       tile S42E015: attempt 1 failed (ConnectionError: HTTPSConnectionPool(host='esa-worldcover.s3.eu-central-1.amazonaws.com', port=443): Max retries exceeded with url: /v200/2021/map/ESA_WorldCover_10m_2021_v200_S42E015_Map.tif (Caused by NameResolutionError("HTTPSConnection(host='esa-worldcover.s3.eu-central-1.amazonaws.com', port=443): Failed to resolve 'esa-worldcover.s3.eu-central-1.amazonaws.com' ([Errno 11001] getaddrinfo failed)"))) — retry in 2s
[17:45:14]       tile S42E015: attempt 2 failed (ConnectionError: HTTPSConnectionPool(host='esa-worldcover.s3.eu-central-1.amazonaws.com', port=443): Max retries exceeded with url: /v200/2021/map/ESA_WorldCover_10m_2021_v200_S42E015_Map.tif (Caused by NameResolutionError("HTTPSConnection(host='esa-worldcover.s3.eu-central-1.amazonaws.com', port=443): Failed to resolve 'esa-worldcover.s3.eu-central-1.amazonaws.com' ([Errno 11001] getaddrinfo failed)"))) — retry in 4s
[17:45:18]       WARNING: tile S42E015 failed after 3 attempts — HTTPSConnectionPool(host='esa-worldcover.s3.eu-central-1.amazonaws.com', port=443): Max retries exceeded with url: /v200/2021/map/ESA_WorldCover_10m_2021_v200_S42E015_Map.tif (Caused by NameResolutionError("HTTPSConnection(host='esa-worldcover.s3.eu-central-1.amazonaws.com', port=443): Failed to resolve 'esa-worldcover.s3.eu-central-1.amazonaws.com' ([Errno 11001] getaddrinfo failed)"))
[17:45:18]       tile S42E018: attempt 1 failed (ConnectionError: HTTPSConnectionPool(host='esa-worldcover.s3.eu-central-1.amazonaws.com', port=443): Max retries exceeded with url: /v200/2021/map/ESA_WorldCover_10m_2021_v200_S42E018_Map.tif (Caused by NameResolutionError("HTTPSConnection(host='esa-worldcover.s3.eu-central-1.amazonaws.com', port=443): Failed to resolve 'esa-worldcover.s3.eu-central-1.amazonaws.com' ([Errno 11001] getaddrinfo failed)"))) — retry in 2s
[17:45:20]       tile S42E018: attempt 2 failed (ConnectionError: HTTPSConnectionPool(host='esa-worldcover.s3.eu-central-1.amazonaws.com', port=443): Max retries exceeded with url: /v200/2021/map/ESA_WorldCover_10m_2021_v200_S42E018_Map.tif (Caused by NameResolutionError("HTTPSConnection(host='esa-worldcover.s3.eu-central-1.amazonaws.com', port=443): Failed to resolve 'esa-worldcover.s3.eu-central-1.amazonaws.com' ([Errno 11001] getaddrinfo failed)"))) — retry in 4s
[17:45:24]       WARNING: tile S42E018 failed after 3 attempts — HTTPSConnectionPool(host='esa-worldcover.s3.eu-central-1.amazonaws.com', port=443): Max retries exceeded with url: /v200/2021/map/ESA_WorldCover_10m_2021_v200_S42E018_Map.tif (Caused by NameResolutionError("HTTPSConnection(host='esa-worldcover.s3.eu-central-1.amazonaws.com', port=443): Failed to resolve 'esa-worldcover.s3.eu-central-1.amazonaws.com' ([Errno 11001] getaddrinfo failed)"))
[17:45:24]       tile S42E021: attempt 1 failed (ConnectionError: HTTPSConnectionPool(host='esa-worldcover.s3.eu-central-1.amazonaws.com', port=443): Max retries exceeded with url: /v200/2021/map/ESA_WorldCover_10m_2021_v200_S42E021_Map.tif (Caused by NameResolutionError("HTTPSConnection(host='esa-worldcover.s3.eu-central-1.amazonaws.com', port=443): Failed to resolve 'esa-worldcover.s3.eu-central-1.amazonaws.com' ([Errno 11001] getaddrinfo failed)"))) — retry in 2s
[17:45:26]       tile S42E021: attempt 2 failed (ConnectionError: HTTPSConnectionPool(host='esa-worldcover.s3.eu-central-1.amazonaws.com', port=443): Max retries exceeded with url: /v200/2021/map/ESA_WorldCover_10m_2021_v200_S42E021_Map.tif (Caused by NameResolutionError("HTTPSConnection(host='esa-worldcover.s3.eu-central-1.amazonaws.com', port=443): Failed to resolve 'esa-worldcover.s3.eu-central-1.amazonaws.com' ([Errno 11001] getaddrinfo failed)"))) — retry in 4s
[17:45:30]       WARNING: tile S42E021 failed after 3 attempts — HTTPSConnectionPool(host='esa-worldcover.s3.eu-central-1.amazonaws.com', port=443): Max retries exceeded with url: /v200/2021/map/ESA_WorldCover_10m_2021_v200_S42E021_Map.tif (Caused by NameResolutionError("HTTPSConnection(host='esa-worldcover.s3.eu-central-1.amazonaws.com', port=443): Failed to resolve 'esa-worldcover.s3.eu-central-1.amazonaws.com' ([Errno 11001] getaddrinfo failed)"))
[17:45:30]       tile S42E024: attempt 1 failed (ConnectionError: HTTPSConnectionPool(host='esa-worldcover.s3.eu-central-1.amazonaws.com', port=443): Max retries exceeded with url: /v200/2021/map/ESA_WorldCover_10m_2021_v200_S42E024_Map.tif (Caused by NameResolutionError("HTTPSConnection(host='esa-worldcover.s3.eu-central-1.amazonaws.com', port=443): Failed to resolve 'esa-worldcover.s3.eu-central-1.amazonaws.com' ([Errno 11001] getaddrinfo failed)"))) — retry in 2s
[17:45:32]       tile S42E024: attempt 2 failed (ConnectionError: HTTPSConnectionPool(host='esa-worldcover.s3.eu-central-1.amazonaws.com', port=443): Max retries exceeded with url: /v200/2021/map/ESA_WorldCover_10m_2021_v200_S42E024_Map.tif (Caused by NameResolutionError("HTTPSConnection(host='esa-worldcover.s3.eu-central-1.amazonaws.com', port=443): Failed to resolve 'esa-worldcover.s3.eu-central-1.amazonaws.com' ([Errno 11001] getaddrinfo failed)"))) — retry in 4s
[17:45:36]       WARNING: tile S42E024 failed after 3 attempts — HTTPSConnectionPool(host='esa-worldcover.s3.eu-central-1.amazonaws.com', port=443): Max retries exceeded with url: /v200/2021/map/ESA_WorldCover_10m_2021_v200_S42E024_Map.tif (Caused by NameResolutionError("HTTPSConnection(host='esa-worldcover.s3.eu-central-1.amazonaws.com', port=443): Failed to resolve 'esa-worldcover.s3.eu-central-1.amazonaws.com' ([Errno 11001] getaddrinfo failed)"))
[17:45:36]       tile S42E027: attempt 1 failed (ConnectionError: HTTPSConnectionPool(host='esa-worldcover.s3.eu-central-1.amazonaws.com', port=443): Max retries exceeded with url: /v200/2021/map/ESA_WorldCover_10m_2021_v200_S42E027_Map.tif (Caused by NameResolutionError("HTTPSConnection(host='esa-worldcover.s3.eu-central-1.amazonaws.com', port=443): Failed to resolve 'esa-worldcover.s3.eu-central-1.amazonaws.com' ([Errno 11001] getaddrinfo failed)"))) — retry in 2s
[17:45:38]       tile S42E027: attempt 2 failed (ConnectionError: HTTPSConnectionPool(host='esa-worldcover.s3.eu-central-1.amazonaws.com', port=443): Max retries exceeded with url: /v200/2021/map/ESA_WorldCover_10m_2021_v200_S42E027_Map.tif (Caused by NameResolutionError("HTTPSConnection(host='esa-worldcover.s3.eu-central-1.amazonaws.com', port=443): Failed to resolve 'esa-worldcover.s3.eu-central-1.amazonaws.com' ([Errno 11001] getaddrinfo failed)"))) — retry in 4s
[17:45:42]       WARNING: tile S42E027 failed after 3 attempts — HTTPSConnectionPool(host='esa-worldcover.s3.eu-central-1.amazonaws.com', port=443): Max retries exceeded with url: /v200/2021/map/ESA_WorldCover_10m_2021_v200_S42E027_Map.tif (Caused by NameResolutionError("HTTPSConnection(host='esa-worldcover.s3.eu-central-1.amazonaws.com', port=443): Failed to resolve 'esa-worldcover.s3.eu-central-1.amazonaws.com' ([Errno 11001] getaddrinfo failed)"))
[17:45:42]       tile S42E030: attempt 1 failed (ConnectionError: HTTPSConnectionPool(host='esa-worldcover.s3.eu-central-1.amazonaws.com', port=443): Max retries exceeded with url: /v200/2021/map/ESA_WorldCover_10m_2021_v200_S42E030_Map.tif (Caused by NameResolutionError("HTTPSConnection(host='esa-worldcover.s3.eu-central-1.amazonaws.com', port=443): Failed to resolve 'esa-worldcover.s3.eu-central-1.amazonaws.com' ([Errno 11001] getaddrinfo failed)"))) — retry in 2s
[17:45:44]       tile S42E030: attempt 2 failed (ConnectionError: HTTPSConnectionPool(host='esa-worldcover.s3.eu-central-1.amazonaws.com', port=443): Max retries exceeded with url: /v200/2021/map/ESA_WorldCover_10m_2021_v200_S42E030_Map.tif (Caused by NameResolutionError("HTTPSConnection(host='esa-worldcover.s3.eu-central-1.amazonaws.com', port=443): Failed to resolve 'esa-worldcover.s3.eu-central-1.amazonaws.com' ([Errno 11001] getaddrinfo failed)"))) — retry in 4s
[17:45:48]       WARNING: tile S42E030 failed after 3 attempts — HTTPSConnectionPool(host='esa-worldcover.s3.eu-central-1.amazonaws.com', port=443): Max retries exceeded with url: /v200/2021/map/ESA_WorldCover_10m_2021_v200_S42E030_Map.tif (Caused by NameResolutionError("HTTPSConnection(host='esa-worldcover.s3.eu-central-1.amazonaws.com', port=443): Failed to resolve 'esa-worldcover.s3.eu-central-1.amazonaws.com' ([Errno 11001] getaddrinfo failed)"))
[17:45:48]       tile S42E033: attempt 1 failed (ConnectionError: HTTPSConnectionPool(host='esa-worldcover.s3.eu-central-1.amazonaws.com', port=443): Max retries exceeded with url: /v200/2021/map/ESA_WorldCover_10m_2021_v200_S42E033_Map.tif (Caused by NameResolutionError("HTTPSConnection(host='esa-worldcover.s3.eu-central-1.amazonaws.com', port=443): Failed to resolve 'esa-worldcover.s3.eu-central-1.amazonaws.com' ([Errno 11001] getaddrinfo failed)"))) — retry in 2s
[17:45:50]       tile S42E033: attempt 2 failed (ConnectionError: HTTPSConnectionPool(host='esa-worldcover.s3.eu-central-1.amazonaws.com', port=443): Max retries exceeded with url: /v200/2021/map/ESA_WorldCover_10m_2021_v200_S42E033_Map.tif (Caused by NameResolutionError("HTTPSConnection(host='esa-worldcover.s3.eu-central-1.amazonaws.com', port=443): Failed to resolve 'esa-worldcover.s3.eu-central-1.amazonaws.com' ([Errno 11001] getaddrinfo failed)"))) — retry in 4s
[17:45:54]       WARNING: tile S42E033 failed after 3 attempts — HTTPSConnectionPool(host='esa-worldcover.s3.eu-central-1.amazonaws.com', port=443): Max retries exceeded with url: /v200/2021/map/ESA_WorldCover_10m_2021_v200_S42E033_Map.tif (Caused by NameResolutionError("HTTPSConnection(host='esa-worldcover.s3.eu-central-1.amazonaws.com', port=443): Failed to resolve 'esa-worldcover.s3.eu-central-1.amazonaws.com' ([Errno 11001] getaddrinfo failed)"))
[17:45:54]       tile S42E036: attempt 1 failed (ConnectionError: HTTPSConnectionPool(host='esa-worldcover.s3.eu-central-1.amazonaws.com', port=443): Max retries exceeded with url: /v200/2021/map/ESA_WorldCover_10m_2021_v200_S42E036_Map.tif (Caused by NameResolutionError("HTTPSConnection(host='esa-worldcover.s3.eu-central-1.amazonaws.com', port=443): Failed to resolve 'esa-worldcover.s3.eu-central-1.amazonaws.com' ([Errno 11001] getaddrinfo failed)"))) — retry in 2s
[17:45:56]       tile S42E036: attempt 2 failed (ConnectionError: HTTPSConnectionPool(host='esa-worldcover.s3.eu-central-1.amazonaws.com', port=443): Max retries exceeded with url: /v200/2021/map/ESA_WorldCover_10m_2021_v200_S42E036_Map.tif (Caused by NameResolutionError("HTTPSConnection(host='esa-worldcover.s3.eu-central-1.amazonaws.com', port=443): Failed to resolve 'esa-worldcover.s3.eu-central-1.amazonaws.com' ([Errno 11001] getaddrinfo failed)"))) — retry in 4s
[17:46:00]       WARNING: tile S42E036 failed after 3 attempts — HTTPSConnectionPool(host='esa-worldcover.s3.eu-central-1.amazonaws.com', port=443): Max retries exceeded with url: /v200/2021/map/ESA_WorldCover_10m_2021_v200_S42E036_Map.tif (Caused by NameResolutionError("HTTPSConnection(host='esa-worldcover.s3.eu-central-1.amazonaws.com', port=443): Failed to resolve 'esa-worldcover.s3.eu-central-1.amazonaws.com' ([Errno 11001] getaddrinfo failed)"))
[17:46:00]       tile S39E015: attempt 1 failed (ConnectionError: HTTPSConnectionPool(host='esa-worldcover.s3.eu-central-1.amazonaws.com', port=443): Max retries exceeded with url: /v200/2021/map/ESA_WorldCover_10m_2021_v200_S39E015_Map.tif (Caused by NameResolutionError("HTTPSConnection(host='esa-worldcover.s3.eu-central-1.amazonaws.com', port=443): Failed to resolve 'esa-worldcover.s3.eu-central-1.amazonaws.com' ([Errno 11001] getaddrinfo failed)"))) — retry in 2s
[17:46:02]       tile S39E015: attempt 2 failed (ConnectionError: HTTPSConnectionPool(host='esa-worldcover.s3.eu-central-1.amazonaws.com', port=443): Max retries exceeded with url: /v200/2021/map/ESA_WorldCover_10m_2021_v200_S39E015_Map.tif (Caused by NameResolutionError("HTTPSConnection(host='esa-worldcover.s3.eu-central-1.amazonaws.com', port=443): Failed to resolve 'esa-worldcover.s3.eu-central-1.amazonaws.com' ([Errno 11001] getaddrinfo failed)"))) — retry in 4s
[17:46:06]       WARNING: tile S39E015 failed after 3 attempts — HTTPSConnectionPool(host='esa-worldcover.s3.eu-central-1.amazonaws.com', port=443): Max retries exceeded with url: /v200/2021/map/ESA_WorldCover_10m_2021_v200_S39E015_Map.tif (Caused by NameResolutionError("HTTPSConnection(host='esa-worldcover.s3.eu-central-1.amazonaws.com', port=443): Failed to resolve 'esa-worldcover.s3.eu-central-1.amazonaws.com' ([Errno 11001] getaddrinfo failed)"))
[17:46:06]       tile S39E018: attempt 1 failed (ConnectionError: HTTPSConnectionPool(host='esa-worldcover.s3.eu-central-1.amazonaws.com', port=443): Max retries exceeded with url: /v200/2021/map/ESA_WorldCover_10m_2021_v200_S39E018_Map.tif (Caused by NameResolutionError("HTTPSConnection(host='esa-worldcover.s3.eu-central-1.amazonaws.com', port=443): Failed to resolve 'esa-worldcover.s3.eu-central-1.amazonaws.com' ([Errno 11001] getaddrinfo failed)"))) — retry in 2s
[17:46:08]       tile S39E018: attempt 2 failed (ConnectionError: HTTPSConnectionPool(host='esa-worldcover.s3.eu-central-1.amazonaws.com', port=443): Max retries exceeded with url: /v200/2021/map/ESA_WorldCover_10m_2021_v200_S39E018_Map.tif (Caused by NameResolutionError("HTTPSConnection(host='esa-worldcover.s3.eu-central-1.amazonaws.com', port=443): Failed to resolve 'esa-worldcover.s3.eu-central-1.amazonaws.com' ([Errno 11001] getaddrinfo failed)"))) — retry in 4s
[17:46:12]       WARNING: tile S39E018 failed after 3 attempts — HTTPSConnectionPool(host='esa-worldcover.s3.eu-central-1.amazonaws.com', port=443): Max retries exceeded with url: /v200/2021/map/ESA_WorldCover_10m_2021_v200_S39E018_Map.tif (Caused by NameResolutionError("HTTPSConnection(host='esa-worldcover.s3.eu-central-1.amazonaws.com', port=443): Failed to resolve 'esa-worldcover.s3.eu-central-1.amazonaws.com' ([Errno 11001] getaddrinfo failed)"))
[17:46:12]       tile S39E021: attempt 1 failed (ConnectionError: HTTPSConnectionPool(host='esa-worldcover.s3.eu-central-1.amazonaws.com', port=443): Max retries exceeded with url: /v200/2021/map/ESA_WorldCover_10m_2021_v200_S39E021_Map.tif (Caused by NameResolutionError("HTTPSConnection(host='esa-worldcover.s3.eu-central-1.amazonaws.com', port=443): Failed to resolve 'esa-worldcover.s3.eu-central-1.amazonaws.com' ([Errno 11001] getaddrinfo failed)"))) — retry in 2s
[17:46:14]       tile S39E021: attempt 2 failed (ConnectionError: HTTPSConnectionPool(host='esa-worldcover.s3.eu-central-1.amazonaws.com', port=443): Max retries exceeded with url: /v200/2021/map/ESA_WorldCover_10m_2021_v200_S39E021_Map.tif (Caused by NameResolutionError("HTTPSConnection(host='esa-worldcover.s3.eu-central-1.amazonaws.com', port=443): Failed to resolve 'esa-worldcover.s3.eu-central-1.amazonaws.com' ([Errno 11001] getaddrinfo failed)"))) — retry in 4s
[17:46:18]       WARNING: tile S39E021 failed after 3 attempts — HTTPSConnectionPool(host='esa-worldcover.s3.eu-central-1.amazonaws.com', port=443): Max retries exceeded with url: /v200/2021/map/ESA_WorldCover_10m_2021_v200_S39E021_Map.tif (Caused by NameResolutionError("HTTPSConnection(host='esa-worldcover.s3.eu-central-1.amazonaws.com', port=443): Failed to resolve 'esa-worldcover.s3.eu-central-1.amazonaws.com' ([Errno 11001] getaddrinfo failed)"))
[17:46:18]       tile S39E024: attempt 1 failed (ConnectionError: HTTPSConnectionPool(host='esa-worldcover.s3.eu-central-1.amazonaws.com', port=443): Max retries exceeded with url: /v200/2021/map/ESA_WorldCover_10m_2021_v200_S39E024_Map.tif (Caused by NameResolutionError("HTTPSConnection(host='esa-worldcover.s3.eu-central-1.amazonaws.com', port=443): Failed to resolve 'esa-worldcover.s3.eu-central-1.amazonaws.com' ([Errno 11001] getaddrinfo failed)"))) — retry in 2s
[17:46:20]       tile S39E024: attempt 2 failed (ConnectionError: HTTPSConnectionPool(host='esa-worldcover.s3.eu-central-1.amazonaws.com', port=443): Max retries exceeded with url: /v200/2021/map/ESA_WorldCover_10m_2021_v200_S39E024_Map.tif (Caused by NameResolutionError("HTTPSConnection(host='esa-worldcover.s3.eu-central-1.amazonaws.com', port=443): Failed to resolve 'esa-worldcover.s3.eu-central-1.amazonaws.com' ([Errno 11001] getaddrinfo failed)"))) — retry in 4s
[17:46:24]       WARNING: tile S39E024 failed after 3 attempts — HTTPSConnectionPool(host='esa-worldcover.s3.eu-central-1.amazonaws.com', port=443): Max retries exceeded with url: /v200/2021/map/ESA_WorldCover_10m_2021_v200_S39E024_Map.tif (Caused by NameResolutionError("HTTPSConnection(host='esa-worldcover.s3.eu-central-1.amazonaws.com', port=443): Failed to resolve 'esa-worldcover.s3.eu-central-1.amazonaws.com' ([Errno 11001] getaddrinfo failed)"))
[17:46:24]       tile S39E027: attempt 1 failed (ConnectionError: HTTPSConnectionPool(host='esa-worldcover.s3.eu-central-1.amazonaws.com', port=443): Max retries exceeded with url: /v200/2021/map/ESA_WorldCover_10m_2021_v200_S39E027_Map.tif (Caused by NameResolutionError("HTTPSConnection(host='esa-worldcover.s3.eu-central-1.amazonaws.com', port=443): Failed to resolve 'esa-worldcover.s3.eu-central-1.amazonaws.com' ([Errno 11001] getaddrinfo failed)"))) — retry in 2s
[17:46:26]       tile S39E027: attempt 2 failed (ConnectionError: HTTPSConnectionPool(host='esa-worldcover.s3.eu-central-1.amazonaws.com', port=443): Max retries exceeded with url: /v200/2021/map/ESA_WorldCover_10m_2021_v200_S39E027_Map.tif (Caused by NameResolutionError("HTTPSConnection(host='esa-worldcover.s3.eu-central-1.amazonaws.com', port=443): Failed to resolve 'esa-worldcover.s3.eu-central-1.amazonaws.com' ([Errno 11001] getaddrinfo failed)"))) — retry in 4s
[17:46:30]       WARNING: tile S39E027 failed after 3 attempts — HTTPSConnectionPool(host='esa-worldcover.s3.eu-central-1.amazonaws.com', port=443): Max retries exceeded with url: /v200/2021/map/ESA_WorldCover_10m_2021_v200_S39E027_Map.tif (Caused by NameResolutionError("HTTPSConnection(host='esa-worldcover.s3.eu-central-1.amazonaws.com', port=443): Failed to resolve 'esa-worldcover.s3.eu-central-1.amazonaws.com' ([Errno 11001] getaddrinfo failed)"))
[17:46:30]       tile S39E030: attempt 1 failed (ConnectionError: HTTPSConnectionPool(host='esa-worldcover.s3.eu-central-1.amazonaws.com', port=443): Max retries exceeded with url: /v200/2021/map/ESA_WorldCover_10m_2021_v200_S39E030_Map.tif (Caused by NameResolutionError("HTTPSConnection(host='esa-worldcover.s3.eu-central-1.amazonaws.com', port=443): Failed to resolve 'esa-worldcover.s3.eu-central-1.amazonaws.com' ([Errno 11001] getaddrinfo failed)"))) — retry in 2s
[17:46:32]       tile S39E030: attempt 2 failed (ConnectionError: HTTPSConnectionPool(host='esa-worldcover.s3.eu-central-1.amazonaws.com', port=443): Max retries exceeded with url: /v200/2021/map/ESA_WorldCover_10m_2021_v200_S39E030_Map.tif (Caused by NameResolutionError("HTTPSConnection(host='esa-worldcover.s3.eu-central-1.amazonaws.com', port=443): Failed to resolve 'esa-worldcover.s3.eu-central-1.amazonaws.com' ([Errno 11001] getaddrinfo failed)"))) — retry in 4s
[17:46:36]       WARNING: tile S39E030 failed after 3 attempts — HTTPSConnectionPool(host='esa-worldcover.s3.eu-central-1.amazonaws.com', port=443): Max retries exceeded with url: /v200/2021/map/ESA_WorldCover_10m_2021_v200_S39E030_Map.tif (Caused by NameResolutionError("HTTPSConnection(host='esa-worldcover.s3.eu-central-1.amazonaws.com', port=443): Failed to resolve 'esa-worldcover.s3.eu-central-1.amazonaws.com' ([Errno 11001] getaddrinfo failed)"))
[17:46:36]       tile S39E033: attempt 1 failed (ConnectionError: HTTPSConnectionPool(host='esa-worldcover.s3.eu-central-1.amazonaws.com', port=443): Max retries exceeded with url: /v200/2021/map/ESA_WorldCover_10m_2021_v200_S39E033_Map.tif (Caused by NameResolutionError("HTTPSConnection(host='esa-worldcover.s3.eu-central-1.amazonaws.com', port=443): Failed to resolve 'esa-worldcover.s3.eu-central-1.amazonaws.com' ([Errno 11001] getaddrinfo failed)"))) — retry in 2s
[17:46:38]       tile S39E033: attempt 2 failed (ConnectionError: HTTPSConnectionPool(host='esa-worldcover.s3.eu-central-1.amazonaws.com', port=443): Max retries exceeded with url: /v200/2021/map/ESA_WorldCover_10m_2021_v200_S39E033_Map.tif (Caused by NameResolutionError("HTTPSConnection(host='esa-worldcover.s3.eu-central-1.amazonaws.com', port=443): Failed to resolve 'esa-worldcover.s3.eu-central-1.amazonaws.com' ([Errno 11001] getaddrinfo failed)"))) — retry in 4s
[17:46:42]       WARNING: tile S39E033 failed after 3 attempts — HTTPSConnectionPool(host='esa-worldcover.s3.eu-central-1.amazonaws.com', port=443): Max retries exceeded with url: /v200/2021/map/ESA_WorldCover_10m_2021_v200_S39E033_Map.tif (Caused by NameResolutionError("HTTPSConnection(host='esa-worldcover.s3.eu-central-1.amazonaws.com', port=443): Failed to resolve 'esa-worldcover.s3.eu-central-1.amazonaws.com' ([Errno 11001] getaddrinfo failed)"))
[17:46:42]       tile S39E036: attempt 1 failed (ConnectionError: HTTPSConnectionPool(host='esa-worldcover.s3.eu-central-1.amazonaws.com', port=443): Max retries exceeded with url: /v200/2021/map/ESA_WorldCover_10m_2021_v200_S39E036_Map.tif (Caused by NameResolutionError("HTTPSConnection(host='esa-worldcover.s3.eu-central-1.amazonaws.com', port=443): Failed to resolve 'esa-worldcover.s3.eu-central-1.amazonaws.com' ([Errno 11001] getaddrinfo failed)"))) — retry in 2s
[17:46:44]       tile S39E036: attempt 2 failed (ConnectionError: HTTPSConnectionPool(host='esa-worldcover.s3.eu-central-1.amazonaws.com', port=443): Max retries exceeded with url: /v200/2021/map/ESA_WorldCover_10m_2021_v200_S39E036_Map.tif (Caused by NameResolutionError("HTTPSConnection(host='esa-worldcover.s3.eu-central-1.amazonaws.com', port=443): Failed to resolve 'esa-worldcover.s3.eu-central-1.amazonaws.com' ([Errno 11001] getaddrinfo failed)"))) — retry in 4s
[17:46:48]       WARNING: tile S39E036 failed after 3 attempts — HTTPSConnectionPool(host='esa-worldcover.s3.eu-central-1.amazonaws.com', port=443): Max retries exceeded with url: /v200/2021/map/ESA_WorldCover_10m_2021_v200_S39E036_Map.tif (Caused by NameResolutionError("HTTPSConnection(host='esa-worldcover.s3.eu-central-1.amazonaws.com', port=443): Failed to resolve 'esa-worldcover.s3.eu-central-1.amazonaws.com' ([Errno 11001] getaddrinfo failed)"))
[17:46:48]       tile S36E015: attempt 1 failed (ConnectionError: HTTPSConnectionPool(host='esa-worldcover.s3.eu-central-1.amazonaws.com', port=443): Max retries exceeded with url: /v200/2021/map/ESA_WorldCover_10m_2021_v200_S36E015_Map.tif (Caused by NameResolutionError("HTTPSConnection(host='esa-worldcover.s3.eu-central-1.amazonaws.com', port=443): Failed to resolve 'esa-worldcover.s3.eu-central-1.amazonaws.com' ([Errno 11001] getaddrinfo failed)"))) — retry in 2s
[17:46:50]       tile S36E015: attempt 2 failed (ConnectionError: HTTPSConnectionPool(host='esa-worldcover.s3.eu-central-1.amazonaws.com', port=443): Max retries exceeded with url: /v200/2021/map/ESA_WorldCover_10m_2021_v200_S36E015_Map.tif (Caused by NameResolutionError("HTTPSConnection(host='esa-worldcover.s3.eu-central-1.amazonaws.com', port=443): Failed to resolve 'esa-worldcover.s3.eu-central-1.amazonaws.com' ([Errno 11001] getaddrinfo failed)"))) — retry in 4s
[17:46:54]       WARNING: tile S36E015 failed after 3 attempts — HTTPSConnectionPool(host='esa-worldcover.s3.eu-central-1.amazonaws.com', port=443): Max retries exceeded with url: /v200/2021/map/ESA_WorldCover_10m_2021_v200_S36E015_Map.tif (Caused by NameResolutionError("HTTPSConnection(host='esa-worldcover.s3.eu-central-1.amazonaws.com', port=443): Failed to resolve 'esa-worldcover.s3.eu-central-1.amazonaws.com' ([Errno 11001] getaddrinfo failed)"))
[17:46:54]       tile S36E018: attempt 1 failed (ConnectionError: HTTPSConnectionPool(host='esa-worldcover.s3.eu-central-1.amazonaws.com', port=443): Max retries exceeded with url: /v200/2021/map/ESA_WorldCover_10m_2021_v200_S36E018_Map.tif (Caused by NameResolutionError("HTTPSConnection(host='esa-worldcover.s3.eu-central-1.amazonaws.com', port=443): Failed to resolve 'esa-worldcover.s3.eu-central-1.amazonaws.com' ([Errno 11001] getaddrinfo failed)"))) — retry in 2s
[17:46:56]       tile S36E018: attempt 2 failed (ConnectionError: HTTPSConnectionPool(host='esa-worldcover.s3.eu-central-1.amazonaws.com', port=443): Max retries exceeded with url: /v200/2021/map/ESA_WorldCover_10m_2021_v200_S36E018_Map.tif (Caused by NameResolutionError("HTTPSConnection(host='esa-worldcover.s3.eu-central-1.amazonaws.com', port=443): Failed to resolve 'esa-worldcover.s3.eu-central-1.amazonaws.com' ([Errno 11001] getaddrinfo failed)"))) — retry in 4s
[17:47:00]       WARNING: tile S36E018 failed after 3 attempts — HTTPSConnectionPool(host='esa-worldcover.s3.eu-central-1.amazonaws.com', port=443): Max retries exceeded with url: /v200/2021/map/ESA_WorldCover_10m_2021_v200_S36E018_Map.tif (Caused by NameResolutionError("HTTPSConnection(host='esa-worldcover.s3.eu-central-1.amazonaws.com', port=443): Failed to resolve 'esa-worldcover.s3.eu-central-1.amazonaws.com' ([Errno 11001] getaddrinfo failed)"))
[17:47:00]       tile S36E021: attempt 1 failed (ConnectionError: HTTPSConnectionPool(host='esa-worldcover.s3.eu-central-1.amazonaws.com', port=443): Max retries exceeded with url: /v200/2021/map/ESA_WorldCover_10m_2021_v200_S36E021_Map.tif (Caused by NameResolutionError("HTTPSConnection(host='esa-worldcover.s3.eu-central-1.amazonaws.com', port=443): Failed to resolve 'esa-worldcover.s3.eu-central-1.amazonaws.com' ([Errno 11001] getaddrinfo failed)"))) — retry in 2s
[17:47:02]       tile S36E021: attempt 2 failed (ConnectionError: HTTPSConnectionPool(host='esa-worldcover.s3.eu-central-1.amazonaws.com', port=443): Max retries exceeded with url: /v200/2021/map/ESA_WorldCover_10m_2021_v200_S36E021_Map.tif (Caused by NameResolutionError("HTTPSConnection(host='esa-worldcover.s3.eu-central-1.amazonaws.com', port=443): Failed to resolve 'esa-worldcover.s3.eu-central-1.amazonaws.com' ([Errno 11001] getaddrinfo failed)"))) — retry in 4s
[17:47:06]       WARNING: tile S36E021 failed after 3 attempts — HTTPSConnectionPool(host='esa-worldcover.s3.eu-central-1.amazonaws.com', port=443): Max retries exceeded with url: /v200/2021/map/ESA_WorldCover_10m_2021_v200_S36E021_Map.tif (Caused by NameResolutionError("HTTPSConnection(host='esa-worldcover.s3.eu-central-1.amazonaws.com', port=443): Failed to resolve 'esa-worldcover.s3.eu-central-1.amazonaws.com' ([Errno 11001] getaddrinfo failed)"))
[17:47:06]       tile S36E024: attempt 1 failed (ConnectionError: HTTPSConnectionPool(host='esa-worldcover.s3.eu-central-1.amazonaws.com', port=443): Max retries exceeded with url: /v200/2021/map/ESA_WorldCover_10m_2021_v200_S36E024_Map.tif (Caused by NameResolutionError("HTTPSConnection(host='esa-worldcover.s3.eu-central-1.amazonaws.com', port=443): Failed to resolve 'esa-worldcover.s3.eu-central-1.amazonaws.com' ([Errno 11001] getaddrinfo failed)"))) — retry in 2s
[17:47:08]       tile S36E024: attempt 2 failed (ConnectionError: HTTPSConnectionPool(host='esa-worldcover.s3.eu-central-1.amazonaws.com', port=443): Max retries exceeded with url: /v200/2021/map/ESA_WorldCover_10m_2021_v200_S36E024_Map.tif (Caused by NameResolutionError("HTTPSConnection(host='esa-worldcover.s3.eu-central-1.amazonaws.com', port=443): Failed to resolve 'esa-worldcover.s3.eu-central-1.amazonaws.com' ([Errno 11001] getaddrinfo failed)"))) — retry in 4s
[17:47:12]       WARNING: tile S36E024 failed after 3 attempts — HTTPSConnectionPool(host='esa-worldcover.s3.eu-central-1.amazonaws.com', port=443): Max retries exceeded with url: /v200/2021/map/ESA_WorldCover_10m_2021_v200_S36E024_Map.tif (Caused by NameResolutionError("HTTPSConnection(host='esa-worldcover.s3.eu-central-1.amazonaws.com', port=443): Failed to resolve 'esa-worldcover.s3.eu-central-1.amazonaws.com' ([Errno 11001] getaddrinfo failed)"))
[17:47:12]       tile S36E027: attempt 1 failed (ConnectionError: HTTPSConnectionPool(host='esa-worldcover.s3.eu-central-1.amazonaws.com', port=443): Max retries exceeded with url: /v200/2021/map/ESA_WorldCover_10m_2021_v200_S36E027_Map.tif (Caused by NameResolutionError("HTTPSConnection(host='esa-worldcover.s3.eu-central-1.amazonaws.com', port=443): Failed to resolve 'esa-worldcover.s3.eu-central-1.amazonaws.com' ([Errno 11001] getaddrinfo failed)"))) — retry in 2s
[17:47:14]       tile S36E027: attempt 2 failed (ConnectionError: HTTPSConnectionPool(host='esa-worldcover.s3.eu-central-1.amazonaws.com', port=443): Max retries exceeded with url: /v200/2021/map/ESA_WorldCover_10m_2021_v200_S36E027_Map.tif (Caused by NameResolutionError("HTTPSConnection(host='esa-worldcover.s3.eu-central-1.amazonaws.com', port=443): Failed to resolve 'esa-worldcover.s3.eu-central-1.amazonaws.com' ([Errno 11001] getaddrinfo failed)"))) — retry in 4s
[17:47:18]       WARNING: tile S36E027 failed after 3 attempts — HTTPSConnectionPool(host='esa-worldcover.s3.eu-central-1.amazonaws.com', port=443): Max retries exceeded with url: /v200/2021/map/ESA_WorldCover_10m_2021_v200_S36E027_Map.tif (Caused by NameResolutionError("HTTPSConnection(host='esa-worldcover.s3.eu-central-1.amazonaws.com', port=443): Failed to resolve 'esa-worldcover.s3.eu-central-1.amazonaws.com' ([Errno 11001] getaddrinfo failed)"))
[17:47:18]       tile S36E030: attempt 1 failed (ConnectionError: HTTPSConnectionPool(host='esa-worldcover.s3.eu-central-1.amazonaws.com', port=443): Max retries exceeded with url: /v200/2021/map/ESA_WorldCover_10m_2021_v200_S36E030_Map.tif (Caused by NameResolutionError("HTTPSConnection(host='esa-worldcover.s3.eu-central-1.amazonaws.com', port=443): Failed to resolve 'esa-worldcover.s3.eu-central-1.amazonaws.com' ([Errno 11001] getaddrinfo failed)"))) — retry in 2s
[17:47:20]       tile S36E030: attempt 2 failed (ConnectionError: HTTPSConnectionPool(host='esa-worldcover.s3.eu-central-1.amazonaws.com', port=443): Max retries exceeded with url: /v200/2021/map/ESA_WorldCover_10m_2021_v200_S36E030_Map.tif (Caused by NameResolutionError("HTTPSConnection(host='esa-worldcover.s3.eu-central-1.amazonaws.com', port=443): Failed to resolve 'esa-worldcover.s3.eu-central-1.amazonaws.com' ([Errno 11001] getaddrinfo failed)"))) — retry in 4s
[17:47:24]       WARNING: tile S36E030 failed after 3 attempts — HTTPSConnectionPool(host='esa-worldcover.s3.eu-central-1.amazonaws.com', port=443): Max retries exceeded with url: /v200/2021/map/ESA_WorldCover_10m_2021_v200_S36E030_Map.tif (Caused by NameResolutionError("HTTPSConnection(host='esa-worldcover.s3.eu-central-1.amazonaws.com', port=443): Failed to resolve 'esa-worldcover.s3.eu-central-1.amazonaws.com' ([Errno 11001] getaddrinfo failed)"))
[17:47:24]       tile S36E033: attempt 1 failed (ConnectionError: HTTPSConnectionPool(host='esa-worldcover.s3.eu-central-1.amazonaws.com', port=443): Max retries exceeded with url: /v200/2021/map/ESA_WorldCover_10m_2021_v200_S36E033_Map.tif (Caused by NameResolutionError("HTTPSConnection(host='esa-worldcover.s3.eu-central-1.amazonaws.com', port=443): Failed to resolve 'esa-worldcover.s3.eu-central-1.amazonaws.com' ([Errno 11001] getaddrinfo failed)"))) — retry in 2s
[17:47:26]       tile S36E033: attempt 2 failed (ConnectionError: HTTPSConnectionPool(host='esa-worldcover.s3.eu-central-1.amazonaws.com', port=443): Max retries exceeded with url: /v200/2021/map/ESA_WorldCover_10m_2021_v200_S36E033_Map.tif (Caused by NameResolutionError("HTTPSConnection(host='esa-worldcover.s3.eu-central-1.amazonaws.com', port=443): Failed to resolve 'esa-worldcover.s3.eu-central-1.amazonaws.com' ([Errno 11001] getaddrinfo failed)"))) — retry in 4s
[17:47:30]       WARNING: tile S36E033 failed after 3 attempts — HTTPSConnectionPool(host='esa-worldcover.s3.eu-central-1.amazonaws.com', port=443): Max retries exceeded with url: /v200/2021/map/ESA_WorldCover_10m_2021_v200_S36E033_Map.tif (Caused by NameResolutionError("HTTPSConnection(host='esa-worldcover.s3.eu-central-1.amazonaws.com', port=443): Failed to resolve 'esa-worldcover.s3.eu-central-1.amazonaws.com' ([Errno 11001] getaddrinfo failed)"))
[17:47:30]       tile S36E036: attempt 1 failed (ConnectionError: HTTPSConnectionPool(host='esa-worldcover.s3.eu-central-1.amazonaws.com', port=443): Max retries exceeded with url: /v200/2021/map/ESA_WorldCover_10m_2021_v200_S36E036_Map.tif (Caused by NameResolutionError("HTTPSConnection(host='esa-worldcover.s3.eu-central-1.amazonaws.com', port=443): Failed to resolve 'esa-worldcover.s3.eu-central-1.amazonaws.com' ([Errno 11001] getaddrinfo failed)"))) — retry in 2s
[17:47:32]       tile S36E036: attempt 2 failed (ConnectionError: HTTPSConnectionPool(host='esa-worldcover.s3.eu-central-1.amazonaws.com', port=443): Max retries exceeded with url: /v200/2021/map/ESA_WorldCover_10m_2021_v200_S36E036_Map.tif (Caused by NameResolutionError("HTTPSConnection(host='esa-worldcover.s3.eu-central-1.amazonaws.com', port=443): Failed to resolve 'esa-worldcover.s3.eu-central-1.amazonaws.com' ([Errno 11001] getaddrinfo failed)"))) — retry in 4s
[17:47:36]       WARNING: tile S36E036 failed after 3 attempts — HTTPSConnectionPool(host='esa-worldcover.s3.eu-central-1.amazonaws.com', port=443): Max retries exceeded with url: /v200/2021/map/ESA_WorldCover_10m_2021_v200_S36E036_Map.tif (Caused by NameResolutionError("HTTPSConnection(host='esa-worldcover.s3.eu-central-1.amazonaws.com', port=443): Failed to resolve 'esa-worldcover.s3.eu-central-1.amazonaws.com' ([Errno 11001] getaddrinfo failed)"))
[17:47:36]       tile S33E015: attempt 1 failed (ConnectionError: HTTPSConnectionPool(host='esa-worldcover.s3.eu-central-1.amazonaws.com', port=443): Max retries exceeded with url: /v200/2021/map/ESA_WorldCover_10m_2021_v200_S33E015_Map.tif (Caused by NameResolutionError("HTTPSConnection(host='esa-worldcover.s3.eu-central-1.amazonaws.com', port=443): Failed to resolve 'esa-worldcover.s3.eu-central-1.amazonaws.com' ([Errno 11001] getaddrinfo failed)"))) — retry in 2s
[17:47:38]       tile S33E015: attempt 2 failed (ConnectionError: HTTPSConnectionPool(host='esa-worldcover.s3.eu-central-1.amazonaws.com', port=443): Max retries exceeded with url: /v200/2021/map/ESA_WorldCover_10m_2021_v200_S33E015_Map.tif (Caused by NameResolutionError("HTTPSConnection(host='esa-worldcover.s3.eu-central-1.amazonaws.com', port=443): Failed to resolve 'esa-worldcover.s3.eu-central-1.amazonaws.com' ([Errno 11001] getaddrinfo failed)"))) — retry in 4s
[17:47:42]       WARNING: tile S33E015 failed after 3 attempts — HTTPSConnectionPool(host='esa-worldcover.s3.eu-central-1.amazonaws.com', port=443): Max retries exceeded with url: /v200/2021/map/ESA_WorldCover_10m_2021_v200_S33E015_Map.tif (Caused by NameResolutionError("HTTPSConnection(host='esa-worldcover.s3.eu-central-1.amazonaws.com', port=443): Failed to resolve 'esa-worldcover.s3.eu-central-1.amazonaws.com' ([Errno 11001] getaddrinfo failed)"))
[17:47:42]       tile S33E018: attempt 1 failed (ConnectionError: HTTPSConnectionPool(host='esa-worldcover.s3.eu-central-1.amazonaws.com', port=443): Max retries exceeded with url: /v200/2021/map/ESA_WorldCover_10m_2021_v200_S33E018_Map.tif (Caused by NameResolutionError("HTTPSConnection(host='esa-worldcover.s3.eu-central-1.amazonaws.com', port=443): Failed to resolve 'esa-worldcover.s3.eu-central-1.amazonaws.com' ([Errno 11001] getaddrinfo failed)"))) — retry in 2s
[17:47:44]       tile S33E018: attempt 2 failed (ConnectionError: HTTPSConnectionPool(host='esa-worldcover.s3.eu-central-1.amazonaws.com', port=443): Max retries exceeded with url: /v200/2021/map/ESA_WorldCover_10m_2021_v200_S33E018_Map.tif (Caused by NameResolutionError("HTTPSConnection(host='esa-worldcover.s3.eu-central-1.amazonaws.com', port=443): Failed to resolve 'esa-worldcover.s3.eu-central-1.amazonaws.com' ([Errno 11001] getaddrinfo failed)"))) — retry in 4s
[17:47:48]       WARNING: tile S33E018 failed after 3 attempts — HTTPSConnectionPool(host='esa-worldcover.s3.eu-central-1.amazonaws.com', port=443): Max retries exceeded with url: /v200/2021/map/ESA_WorldCover_10m_2021_v200_S33E018_Map.tif (Caused by NameResolutionError("HTTPSConnection(host='esa-worldcover.s3.eu-central-1.amazonaws.com', port=443): Failed to resolve 'esa-worldcover.s3.eu-central-1.amazonaws.com' ([Errno 11001] getaddrinfo failed)"))
[17:47:48]       tile S33E021: attempt 1 failed (ConnectionError: HTTPSConnectionPool(host='esa-worldcover.s3.eu-central-1.amazonaws.com', port=443): Max retries exceeded with url: /v200/2021/map/ESA_WorldCover_10m_2021_v200_S33E021_Map.tif (Caused by NameResolutionError("HTTPSConnection(host='esa-worldcover.s3.eu-central-1.amazonaws.com', port=443): Failed to resolve 'esa-worldcover.s3.eu-central-1.amazonaws.com' ([Errno 11001] getaddrinfo failed)"))) — retry in 2s
[17:47:50]       tile S33E021: attempt 2 failed (ConnectionError: HTTPSConnectionPool(host='esa-worldcover.s3.eu-central-1.amazonaws.com', port=443): Max retries exceeded with url: /v200/2021/map/ESA_WorldCover_10m_2021_v200_S33E021_Map.tif (Caused by NameResolutionError("HTTPSConnection(host='esa-worldcover.s3.eu-central-1.amazonaws.com', port=443): Failed to resolve 'esa-worldcover.s3.eu-central-1.amazonaws.com' ([Errno 11001] getaddrinfo failed)"))) — retry in 4s
[17:47:54]       WARNING: tile S33E021 failed after 3 attempts — HTTPSConnectionPool(host='esa-worldcover.s3.eu-central-1.amazonaws.com', port=443): Max retries exceeded with url: /v200/2021/map/ESA_WorldCover_10m_2021_v200_S33E021_Map.tif (Caused by NameResolutionError("HTTPSConnection(host='esa-worldcover.s3.eu-central-1.amazonaws.com', port=443): Failed to resolve 'esa-worldcover.s3.eu-central-1.amazonaws.com' ([Errno 11001] getaddrinfo failed)"))
[17:47:54]       tile S33E024: attempt 1 failed (ConnectionError: HTTPSConnectionPool(host='esa-worldcover.s3.eu-central-1.amazonaws.com', port=443): Max retries exceeded with url: /v200/2021/map/ESA_WorldCover_10m_2021_v200_S33E024_Map.tif (Caused by NameResolutionError("HTTPSConnection(host='esa-worldcover.s3.eu-central-1.amazonaws.com', port=443): Failed to resolve 'esa-worldcover.s3.eu-central-1.amazonaws.com' ([Errno 11001] getaddrinfo failed)"))) — retry in 2s
[17:47:56]       tile S33E024: attempt 2 failed (ConnectionError: HTTPSConnectionPool(host='esa-worldcover.s3.eu-central-1.amazonaws.com', port=443): Max retries exceeded with url: /v200/2021/map/ESA_WorldCover_10m_2021_v200_S33E024_Map.tif (Caused by NameResolutionError("HTTPSConnection(host='esa-worldcover.s3.eu-central-1.amazonaws.com', port=443): Failed to resolve 'esa-worldcover.s3.eu-central-1.amazonaws.com' ([Errno 11001] getaddrinfo failed)"))) — retry in 4s
[17:48:00]       WARNING: tile S33E024 failed after 3 attempts — HTTPSConnectionPool(host='esa-worldcover.s3.eu-central-1.amazonaws.com', port=443): Max retries exceeded with url: /v200/2021/map/ESA_WorldCover_10m_2021_v200_S33E024_Map.tif (Caused by NameResolutionError("HTTPSConnection(host='esa-worldcover.s3.eu-central-1.amazonaws.com', port=443): Failed to resolve 'esa-worldcover.s3.eu-central-1.amazonaws.com' ([Errno 11001] getaddrinfo failed)"))
[17:48:00]       tile S33E027: attempt 1 failed (ConnectionError: HTTPSConnectionPool(host='esa-worldcover.s3.eu-central-1.amazonaws.com', port=443): Max retries exceeded with url: /v200/2021/map/ESA_WorldCover_10m_2021_v200_S33E027_Map.tif (Caused by NameResolutionError("HTTPSConnection(host='esa-worldcover.s3.eu-central-1.amazonaws.com', port=443): Failed to resolve 'esa-worldcover.s3.eu-central-1.amazonaws.com' ([Errno 11001] getaddrinfo failed)"))) — retry in 2s
[17:48:02]       tile S33E027: attempt 2 failed (ConnectionError: HTTPSConnectionPool(host='esa-worldcover.s3.eu-central-1.amazonaws.com', port=443): Max retries exceeded with url: /v200/2021/map/ESA_WorldCover_10m_2021_v200_S33E027_Map.tif (Caused by NameResolutionError("HTTPSConnection(host='esa-worldcover.s3.eu-central-1.amazonaws.com', port=443): Failed to resolve 'esa-worldcover.s3.eu-central-1.amazonaws.com' ([Errno 11001] getaddrinfo failed)"))) — retry in 4s
[17:48:06]       WARNING: tile S33E027 failed after 3 attempts — HTTPSConnectionPool(host='esa-worldcover.s3.eu-central-1.amazonaws.com', port=443): Max retries exceeded with url: /v200/2021/map/ESA_WorldCover_10m_2021_v200_S33E027_Map.tif (Caused by NameResolutionError("HTTPSConnection(host='esa-worldcover.s3.eu-central-1.amazonaws.com', port=443): Failed to resolve 'esa-worldcover.s3.eu-central-1.amazonaws.com' ([Errno 11001] getaddrinfo failed)"))
[17:48:06]       tile S33E030: attempt 1 failed (ConnectionError: HTTPSConnectionPool(host='esa-worldcover.s3.eu-central-1.amazonaws.com', port=443): Max retries exceeded with url: /v200/2021/map/ESA_WorldCover_10m_2021_v200_S33E030_Map.tif (Caused by NameResolutionError("HTTPSConnection(host='esa-worldcover.s3.eu-central-1.amazonaws.com', port=443): Failed to resolve 'esa-worldcover.s3.eu-central-1.amazonaws.com' ([Errno 11001] getaddrinfo failed)"))) — retry in 2s
[17:48:08]       tile S33E030: attempt 2 failed (ConnectionError: HTTPSConnectionPool(host='esa-worldcover.s3.eu-central-1.amazonaws.com', port=443): Max retries exceeded with url: /v200/2021/map/ESA_WorldCover_10m_2021_v200_S33E030_Map.tif (Caused by NameResolutionError("HTTPSConnection(host='esa-worldcover.s3.eu-central-1.amazonaws.com', port=443): Failed to resolve 'esa-worldcover.s3.eu-central-1.amazonaws.com' ([Errno 11001] getaddrinfo failed)"))) — retry in 4s
[17:48:12]       WARNING: tile S33E030 failed after 3 attempts — HTTPSConnectionPool(host='esa-worldcover.s3.eu-central-1.amazonaws.com', port=443): Max retries exceeded with url: /v200/2021/map/ESA_WorldCover_10m_2021_v200_S33E030_Map.tif (Caused by NameResolutionError("HTTPSConnection(host='esa-worldcover.s3.eu-central-1.amazonaws.com', port=443): Failed to resolve 'esa-worldcover.s3.eu-central-1.amazonaws.com' ([Errno 11001] getaddrinfo failed)"))
[17:48:12]       tile S33E033: attempt 1 failed (ConnectionError: HTTPSConnectionPool(host='esa-worldcover.s3.eu-central-1.amazonaws.com', port=443): Max retries exceeded with url: /v200/2021/map/ESA_WorldCover_10m_2021_v200_S33E033_Map.tif (Caused by NameResolutionError("HTTPSConnection(host='esa-worldcover.s3.eu-central-1.amazonaws.com', port=443): Failed to resolve 'esa-worldcover.s3.eu-central-1.amazonaws.com' ([Errno 11001] getaddrinfo failed)"))) — retry in 2s
[17:48:14]       tile S33E033: attempt 2 failed (ConnectionError: HTTPSConnectionPool(host='esa-worldcover.s3.eu-central-1.amazonaws.com', port=443): Max retries exceeded with url: /v200/2021/map/ESA_WorldCover_10m_2021_v200_S33E033_Map.tif (Caused by NameResolutionError("HTTPSConnection(host='esa-worldcover.s3.eu-central-1.amazonaws.com', port=443): Failed to resolve 'esa-worldcover.s3.eu-central-1.amazonaws.com' ([Errno 11001] getaddrinfo failed)"))) — retry in 4s
[17:48:18]       WARNING: tile S33E033 failed after 3 attempts — HTTPSConnectionPool(host='esa-worldcover.s3.eu-central-1.amazonaws.com', port=443): Max retries exceeded with url: /v200/2021/map/ESA_WorldCover_10m_2021_v200_S33E033_Map.tif (Caused by NameResolutionError("HTTPSConnection(host='esa-worldcover.s3.eu-central-1.amazonaws.com', port=443): Failed to resolve 'esa-worldcover.s3.eu-central-1.amazonaws.com' ([Errno 11001] getaddrinfo failed)"))
[17:48:18]       tile S33E036: attempt 1 failed (ConnectionError: HTTPSConnectionPool(host='esa-worldcover.s3.eu-central-1.amazonaws.com', port=443): Max retries exceeded with url: /v200/2021/map/ESA_WorldCover_10m_2021_v200_S33E036_Map.tif (Caused by NameResolutionError("HTTPSConnection(host='esa-worldcover.s3.eu-central-1.amazonaws.com', port=443): Failed to resolve 'esa-worldcover.s3.eu-central-1.amazonaws.com' ([Errno 11001] getaddrinfo failed)"))) — retry in 2s
[17:48:20]       tile S33E036: attempt 2 failed (ConnectionError: HTTPSConnectionPool(host='esa-worldcover.s3.eu-central-1.amazonaws.com', port=443): Max retries exceeded with url: /v200/2021/map/ESA_WorldCover_10m_2021_v200_S33E036_Map.tif (Caused by NameResolutionError("HTTPSConnection(host='esa-worldcover.s3.eu-central-1.amazonaws.com', port=443): Failed to resolve 'esa-worldcover.s3.eu-central-1.amazonaws.com' ([Errno 11001] getaddrinfo failed)"))) — retry in 4s
[17:48:24]       WARNING: tile S33E036 failed after 3 attempts — HTTPSConnectionPool(host='esa-worldcover.s3.eu-central-1.amazonaws.com', port=443): Max retries exceeded with url: /v200/2021/map/ESA_WorldCover_10m_2021_v200_S33E036_Map.tif (Caused by NameResolutionError("HTTPSConnection(host='esa-worldcover.s3.eu-central-1.amazonaws.com', port=443): Failed to resolve 'esa-worldcover.s3.eu-central-1.amazonaws.com' ([Errno 11001] getaddrinfo failed)"))
[17:48:24]       tile S30E015: attempt 1 failed (ConnectionError: HTTPSConnectionPool(host='esa-worldcover.s3.eu-central-1.amazonaws.com', port=443): Max retries exceeded with url: /v200/2021/map/ESA_WorldCover_10m_2021_v200_S30E015_Map.tif (Caused by NameResolutionError("HTTPSConnection(host='esa-worldcover.s3.eu-central-1.amazonaws.com', port=443): Failed to resolve 'esa-worldcover.s3.eu-central-1.amazonaws.com' ([Errno 11001] getaddrinfo failed)"))) — retry in 2s
[17:48:26]       tile S30E015: attempt 2 failed (ConnectionError: HTTPSConnectionPool(host='esa-worldcover.s3.eu-central-1.amazonaws.com', port=443): Max retries exceeded with url: /v200/2021/map/ESA_WorldCover_10m_2021_v200_S30E015_Map.tif (Caused by NameResolutionError("HTTPSConnection(host='esa-worldcover.s3.eu-central-1.amazonaws.com', port=443): Failed to resolve 'esa-worldcover.s3.eu-central-1.amazonaws.com' ([Errno 11001] getaddrinfo failed)"))) — retry in 4s
[17:48:30]       WARNING: tile S30E015 failed after 3 attempts — HTTPSConnectionPool(host='esa-worldcover.s3.eu-central-1.amazonaws.com', port=443): Max retries exceeded with url: /v200/2021/map/ESA_WorldCover_10m_2021_v200_S30E015_Map.tif (Caused by NameResolutionError("HTTPSConnection(host='esa-worldcover.s3.eu-central-1.amazonaws.com', port=443): Failed to resolve 'esa-worldcover.s3.eu-central-1.amazonaws.com' ([Errno 11001] getaddrinfo failed)"))
[17:48:30]       tile S30E018: attempt 1 failed (ConnectionError: HTTPSConnectionPool(host='esa-worldcover.s3.eu-central-1.amazonaws.com', port=443): Max retries exceeded with url: /v200/2021/map/ESA_WorldCover_10m_2021_v200_S30E018_Map.tif (Caused by NameResolutionError("HTTPSConnection(host='esa-worldcover.s3.eu-central-1.amazonaws.com', port=443): Failed to resolve 'esa-worldcover.s3.eu-central-1.amazonaws.com' ([Errno 11001] getaddrinfo failed)"))) — retry in 2s
[17:48:32]       tile S30E018: attempt 2 failed (ConnectionError: HTTPSConnectionPool(host='esa-worldcover.s3.eu-central-1.amazonaws.com', port=443): Max retries exceeded with url: /v200/2021/map/ESA_WorldCover_10m_2021_v200_S30E018_Map.tif (Caused by NameResolutionError("HTTPSConnection(host='esa-worldcover.s3.eu-central-1.amazonaws.com', port=443): Failed to resolve 'esa-worldcover.s3.eu-central-1.amazonaws.com' ([Errno 11001] getaddrinfo failed)"))) — retry in 4s
[17:48:36]       WARNING: tile S30E018 failed after 3 attempts — HTTPSConnectionPool(host='esa-worldcover.s3.eu-central-1.amazonaws.com', port=443): Max retries exceeded with url: /v200/2021/map/ESA_WorldCover_10m_2021_v200_S30E018_Map.tif (Caused by NameResolutionError("HTTPSConnection(host='esa-worldcover.s3.eu-central-1.amazonaws.com', port=443): Failed to resolve 'esa-worldcover.s3.eu-central-1.amazonaws.com' ([Errno 11001] getaddrinfo failed)"))
[17:48:36]       tile S30E021: attempt 1 failed (ConnectionError: HTTPSConnectionPool(host='esa-worldcover.s3.eu-central-1.amazonaws.com', port=443): Max retries exceeded with url: /v200/2021/map/ESA_WorldCover_10m_2021_v200_S30E021_Map.tif (Caused by NameResolutionError("HTTPSConnection(host='esa-worldcover.s3.eu-central-1.amazonaws.com', port=443): Failed to resolve 'esa-worldcover.s3.eu-central-1.amazonaws.com' ([Errno 11001] getaddrinfo failed)"))) — retry in 2s
[17:48:38]       tile S30E021: attempt 2 failed (ConnectionError: HTTPSConnectionPool(host='esa-worldcover.s3.eu-central-1.amazonaws.com', port=443): Max retries exceeded with url: /v200/2021/map/ESA_WorldCover_10m_2021_v200_S30E021_Map.tif (Caused by NameResolutionError("HTTPSConnection(host='esa-worldcover.s3.eu-central-1.amazonaws.com', port=443): Failed to resolve 'esa-worldcover.s3.eu-central-1.amazonaws.com' ([Errno 11001] getaddrinfo failed)"))) — retry in 4s
[17:48:42]       WARNING: tile S30E021 failed after 3 attempts — HTTPSConnectionPool(host='esa-worldcover.s3.eu-central-1.amazonaws.com', port=443): Max retries exceeded with url: /v200/2021/map/ESA_WorldCover_10m_2021_v200_S30E021_Map.tif (Caused by NameResolutionError("HTTPSConnection(host='esa-worldcover.s3.eu-central-1.amazonaws.com', port=443): Failed to resolve 'esa-worldcover.s3.eu-central-1.amazonaws.com' ([Errno 11001] getaddrinfo failed)"))
[17:48:42]       tile S30E024: attempt 1 failed (ConnectionError: HTTPSConnectionPool(host='esa-worldcover.s3.eu-central-1.amazonaws.com', port=443): Max retries exceeded with url: /v200/2021/map/ESA_WorldCover_10m_2021_v200_S30E024_Map.tif (Caused by NameResolutionError("HTTPSConnection(host='esa-worldcover.s3.eu-central-1.amazonaws.com', port=443): Failed to resolve 'esa-worldcover.s3.eu-central-1.amazonaws.com' ([Errno 11001] getaddrinfo failed)"))) — retry in 2s
[17:48:44]       tile S30E024: attempt 2 failed (ConnectionError: HTTPSConnectionPool(host='esa-worldcover.s3.eu-central-1.amazonaws.com', port=443): Max retries exceeded with url: /v200/2021/map/ESA_WorldCover_10m_2021_v200_S30E024_Map.tif (Caused by NameResolutionError("HTTPSConnection(host='esa-worldcover.s3.eu-central-1.amazonaws.com', port=443): Failed to resolve 'esa-worldcover.s3.eu-central-1.amazonaws.com' ([Errno 11001] getaddrinfo failed)"))) — retry in 4s
[17:48:48]       WARNING: tile S30E024 failed after 3 attempts — HTTPSConnectionPool(host='esa-worldcover.s3.eu-central-1.amazonaws.com', port=443): Max retries exceeded with url: /v200/2021/map/ESA_WorldCover_10m_2021_v200_S30E024_Map.tif (Caused by NameResolutionError("HTTPSConnection(host='esa-worldcover.s3.eu-central-1.amazonaws.com', port=443): Failed to resolve 'esa-worldcover.s3.eu-central-1.amazonaws.com' ([Errno 11001] getaddrinfo failed)"))
[17:48:48]       tile S30E030: attempt 1 failed (ConnectionError: HTTPSConnectionPool(host='esa-worldcover.s3.eu-central-1.amazonaws.com', port=443): Max retries exceeded with url: /v200/2021/map/ESA_WorldCover_10m_2021_v200_S30E030_Map.tif (Caused by NameResolutionError("HTTPSConnection(host='esa-worldcover.s3.eu-central-1.amazonaws.com', port=443): Failed to resolve 'esa-worldcover.s3.eu-central-1.amazonaws.com' ([Errno 11001] getaddrinfo failed)"))) — retry in 2s
[17:48:50]       tile S30E030: attempt 2 failed (ConnectionError: HTTPSConnectionPool(host='esa-worldcover.s3.eu-central-1.amazonaws.com', port=443): Max retries exceeded with url: /v200/2021/map/ESA_WorldCover_10m_2021_v200_S30E030_Map.tif (Caused by NameResolutionError("HTTPSConnection(host='esa-worldcover.s3.eu-central-1.amazonaws.com', port=443): Failed to resolve 'esa-worldcover.s3.eu-central-1.amazonaws.com' ([Errno 11001] getaddrinfo failed)"))) — retry in 4s
[17:48:54]       WARNING: tile S30E030 failed after 3 attempts — HTTPSConnectionPool(host='esa-worldcover.s3.eu-central-1.amazonaws.com', port=443): Max retries exceeded with url: /v200/2021/map/ESA_WorldCover_10m_2021_v200_S30E030_Map.tif (Caused by NameResolutionError("HTTPSConnection(host='esa-worldcover.s3.eu-central-1.amazonaws.com', port=443): Failed to resolve 'esa-worldcover.s3.eu-central-1.amazonaws.com' ([Errno 11001] getaddrinfo failed)"))
[17:48:54]       tile S30E033: attempt 1 failed (ConnectionError: HTTPSConnectionPool(host='esa-worldcover.s3.eu-central-1.amazonaws.com', port=443): Max retries exceeded with url: /v200/2021/map/ESA_WorldCover_10m_2021_v200_S30E033_Map.tif (Caused by NameResolutionError("HTTPSConnection(host='esa-worldcover.s3.eu-central-1.amazonaws.com', port=443): Failed to resolve 'esa-worldcover.s3.eu-central-1.amazonaws.com' ([Errno 11001] getaddrinfo failed)"))) — retry in 2s
[17:48:56]       tile S30E033: attempt 2 failed (ConnectionError: HTTPSConnectionPool(host='esa-worldcover.s3.eu-central-1.amazonaws.com', port=443): Max retries exceeded with url: /v200/2021/map/ESA_WorldCover_10m_2021_v200_S30E033_Map.tif (Caused by NameResolutionError("HTTPSConnection(host='esa-worldcover.s3.eu-central-1.amazonaws.com', port=443): Failed to resolve 'esa-worldcover.s3.eu-central-1.amazonaws.com' ([Errno 11001] getaddrinfo failed)"))) — retry in 4s
[17:49:00]       WARNING: tile S30E033 failed after 3 attempts — HTTPSConnectionPool(host='esa-worldcover.s3.eu-central-1.amazonaws.com', port=443): Max retries exceeded with url: /v200/2021/map/ESA_WorldCover_10m_2021_v200_S30E033_Map.tif (Caused by NameResolutionError("HTTPSConnection(host='esa-worldcover.s3.eu-central-1.amazonaws.com', port=443): Failed to resolve 'esa-worldcover.s3.eu-central-1.amazonaws.com' ([Errno 11001] getaddrinfo failed)"))
[17:49:00]       tile S30E036: attempt 1 failed (ConnectionError: HTTPSConnectionPool(host='esa-worldcover.s3.eu-central-1.amazonaws.com', port=443): Max retries exceeded with url: /v200/2021/map/ESA_WorldCover_10m_2021_v200_S30E036_Map.tif (Caused by NameResolutionError("HTTPSConnection(host='esa-worldcover.s3.eu-central-1.amazonaws.com', port=443): Failed to resolve 'esa-worldcover.s3.eu-central-1.amazonaws.com' ([Errno 11001] getaddrinfo failed)"))) — retry in 2s
[17:49:02]       tile S30E036: attempt 2 failed (ConnectionError: HTTPSConnectionPool(host='esa-worldcover.s3.eu-central-1.amazonaws.com', port=443): Max retries exceeded with url: /v200/2021/map/ESA_WorldCover_10m_2021_v200_S30E036_Map.tif (Caused by NameResolutionError("HTTPSConnection(host='esa-worldcover.s3.eu-central-1.amazonaws.com', port=443): Failed to resolve 'esa-worldcover.s3.eu-central-1.amazonaws.com' ([Errno 11001] getaddrinfo failed)"))) — retry in 4s
[17:49:06]       WARNING: tile S30E036 failed after 3 attempts — HTTPSConnectionPool(host='esa-worldcover.s3.eu-central-1.amazonaws.com', port=443): Max retries exceeded with url: /v200/2021/map/ESA_WorldCover_10m_2021_v200_S30E036_Map.tif (Caused by NameResolutionError("HTTPSConnection(host='esa-worldcover.s3.eu-central-1.amazonaws.com', port=443): Failed to resolve 'esa-worldcover.s3.eu-central-1.amazonaws.com' ([Errno 11001] getaddrinfo failed)"))
[17:49:06]       tile S27E015: attempt 1 failed (ConnectionError: HTTPSConnectionPool(host='esa-worldcover.s3.eu-central-1.amazonaws.com', port=443): Max retries exceeded with url: /v200/2021/map/ESA_WorldCover_10m_2021_v200_S27E015_Map.tif (Caused by NameResolutionError("HTTPSConnection(host='esa-worldcover.s3.eu-central-1.amazonaws.com', port=443): Failed to resolve 'esa-worldcover.s3.eu-central-1.amazonaws.com' ([Errno 11001] getaddrinfo failed)"))) — retry in 2s
[17:49:08]       tile S27E015: attempt 2 failed (ConnectionError: HTTPSConnectionPool(host='esa-worldcover.s3.eu-central-1.amazonaws.com', port=443): Max retries exceeded with url: /v200/2021/map/ESA_WorldCover_10m_2021_v200_S27E015_Map.tif (Caused by NameResolutionError("HTTPSConnection(host='esa-worldcover.s3.eu-central-1.amazonaws.com', port=443): Failed to resolve 'esa-worldcover.s3.eu-central-1.amazonaws.com' ([Errno 11001] getaddrinfo failed)"))) — retry in 4s
[17:49:12]       WARNING: tile S27E015 failed after 3 attempts — HTTPSConnectionPool(host='esa-worldcover.s3.eu-central-1.amazonaws.com', port=443): Max retries exceeded with url: /v200/2021/map/ESA_WorldCover_10m_2021_v200_S27E015_Map.tif (Caused by NameResolutionError("HTTPSConnection(host='esa-worldcover.s3.eu-central-1.amazonaws.com', port=443): Failed to resolve 'esa-worldcover.s3.eu-central-1.amazonaws.com' ([Errno 11001] getaddrinfo failed)"))
[17:49:12]       tile S27E018: attempt 1 failed (ConnectionError: HTTPSConnectionPool(host='esa-worldcover.s3.eu-central-1.amazonaws.com', port=443): Max retries exceeded with url: /v200/2021/map/ESA_WorldCover_10m_2021_v200_S27E018_Map.tif (Caused by NameResolutionError("HTTPSConnection(host='esa-worldcover.s3.eu-central-1.amazonaws.com', port=443): Failed to resolve 'esa-worldcover.s3.eu-central-1.amazonaws.com' ([Errno 11001] getaddrinfo failed)"))) — retry in 2s
[17:49:14]       tile S27E018: attempt 2 failed (ConnectionError: HTTPSConnectionPool(host='esa-worldcover.s3.eu-central-1.amazonaws.com', port=443): Max retries exceeded with url: /v200/2021/map/ESA_WorldCover_10m_2021_v200_S27E018_Map.tif (Caused by NameResolutionError("HTTPSConnection(host='esa-worldcover.s3.eu-central-1.amazonaws.com', port=443): Failed to resolve 'esa-worldcover.s3.eu-central-1.amazonaws.com' ([Errno 11001] getaddrinfo failed)"))) — retry in 4s
[17:49:18]       WARNING: tile S27E018 failed after 3 attempts — HTTPSConnectionPool(host='esa-worldcover.s3.eu-central-1.amazonaws.com', port=443): Max retries exceeded with url: /v200/2021/map/ESA_WorldCover_10m_2021_v200_S27E018_Map.tif (Caused by NameResolutionError("HTTPSConnection(host='esa-worldcover.s3.eu-central-1.amazonaws.com', port=443): Failed to resolve 'esa-worldcover.s3.eu-central-1.amazonaws.com' ([Errno 11001] getaddrinfo failed)"))
[17:49:18]       tile S27E033: attempt 1 failed (ConnectionError: HTTPSConnectionPool(host='esa-worldcover.s3.eu-central-1.amazonaws.com', port=443): Max retries exceeded with url: /v200/2021/map/ESA_WorldCover_10m_2021_v200_S27E033_Map.tif (Caused by NameResolutionError("HTTPSConnection(host='esa-worldcover.s3.eu-central-1.amazonaws.com', port=443): Failed to resolve 'esa-worldcover.s3.eu-central-1.amazonaws.com' ([Errno 11001] getaddrinfo failed)"))) — retry in 2s
[17:49:20]       tile S27E033: attempt 2 failed (ConnectionError: HTTPSConnectionPool(host='esa-worldcover.s3.eu-central-1.amazonaws.com', port=443): Max retries exceeded with url: /v200/2021/map/ESA_WorldCover_10m_2021_v200_S27E033_Map.tif (Caused by NameResolutionError("HTTPSConnection(host='esa-worldcover.s3.eu-central-1.amazonaws.com', port=443): Failed to resolve 'esa-worldcover.s3.eu-central-1.amazonaws.com' ([Errno 11001] getaddrinfo failed)"))) — retry in 4s
[17:49:24]       WARNING: tile S27E033 failed after 3 attempts — HTTPSConnectionPool(host='esa-worldcover.s3.eu-central-1.amazonaws.com', port=443): Max retries exceeded with url: /v200/2021/map/ESA_WorldCover_10m_2021_v200_S27E033_Map.tif (Caused by NameResolutionError("HTTPSConnection(host='esa-worldcover.s3.eu-central-1.amazonaws.com', port=443): Failed to resolve 'esa-worldcover.s3.eu-central-1.amazonaws.com' ([Errno 11001] getaddrinfo failed)"))
[17:49:24]       tile S27E036: attempt 1 failed (ConnectionError: HTTPSConnectionPool(host='esa-worldcover.s3.eu-central-1.amazonaws.com', port=443): Max retries exceeded with url: /v200/2021/map/ESA_WorldCover_10m_2021_v200_S27E036_Map.tif (Caused by NameResolutionError("HTTPSConnection(host='esa-worldcover.s3.eu-central-1.amazonaws.com', port=443): Failed to resolve 'esa-worldcover.s3.eu-central-1.amazonaws.com' ([Errno 11001] getaddrinfo failed)"))) — retry in 2s
[17:49:26]       tile S27E036: attempt 2 failed (ConnectionError: HTTPSConnectionPool(host='esa-worldcover.s3.eu-central-1.amazonaws.com', port=443): Max retries exceeded with url: /v200/2021/map/ESA_WorldCover_10m_2021_v200_S27E036_Map.tif (Caused by NameResolutionError("HTTPSConnection(host='esa-worldcover.s3.eu-central-1.amazonaws.com', port=443): Failed to resolve 'esa-worldcover.s3.eu-central-1.amazonaws.com' ([Errno 11001] getaddrinfo failed)"))) — retry in 4s
[17:49:30]       WARNING: tile S27E036 failed after 3 attempts — HTTPSConnectionPool(host='esa-worldcover.s3.eu-central-1.amazonaws.com', port=443): Max retries exceeded with url: /v200/2021/map/ESA_WorldCover_10m_2021_v200_S27E036_Map.tif (Caused by NameResolutionError("HTTPSConnection(host='esa-worldcover.s3.eu-central-1.amazonaws.com', port=443): Failed to resolve 'esa-worldcover.s3.eu-central-1.amazonaws.com' ([Errno 11001] getaddrinfo failed)"))
[17:49:30]       tile S24E015: attempt 1 failed (ConnectionError: HTTPSConnectionPool(host='esa-worldcover.s3.eu-central-1.amazonaws.com', port=443): Max retries exceeded with url: /v200/2021/map/ESA_WorldCover_10m_2021_v200_S24E015_Map.tif (Caused by NameResolutionError("HTTPSConnection(host='esa-worldcover.s3.eu-central-1.amazonaws.com', port=443): Failed to resolve 'esa-worldcover.s3.eu-central-1.amazonaws.com' ([Errno 11001] getaddrinfo failed)"))) — retry in 2s
[17:49:32]       tile S24E015: attempt 2 failed (ConnectionError: HTTPSConnectionPool(host='esa-worldcover.s3.eu-central-1.amazonaws.com', port=443): Max retries exceeded with url: /v200/2021/map/ESA_WorldCover_10m_2021_v200_S24E015_Map.tif (Caused by NameResolutionError("HTTPSConnection(host='esa-worldcover.s3.eu-central-1.amazonaws.com', port=443): Failed to resolve 'esa-worldcover.s3.eu-central-1.amazonaws.com' ([Errno 11001] getaddrinfo failed)"))) — retry in 4s
[17:49:36]       WARNING: tile S24E015 failed after 3 attempts — HTTPSConnectionPool(host='esa-worldcover.s3.eu-central-1.amazonaws.com', port=443): Max retries exceeded with url: /v200/2021/map/ESA_WorldCover_10m_2021_v200_S24E015_Map.tif (Caused by NameResolutionError("HTTPSConnection(host='esa-worldcover.s3.eu-central-1.amazonaws.com', port=443): Failed to resolve 'esa-worldcover.s3.eu-central-1.amazonaws.com' ([Errno 11001] getaddrinfo failed)"))
[17:49:36]       tile S24E033: attempt 1 failed (ConnectionError: HTTPSConnectionPool(host='esa-worldcover.s3.eu-central-1.amazonaws.com', port=443): Max retries exceeded with url: /v200/2021/map/ESA_WorldCover_10m_2021_v200_S24E033_Map.tif (Caused by NameResolutionError("HTTPSConnection(host='esa-worldcover.s3.eu-central-1.amazonaws.com', port=443): Failed to resolve 'esa-worldcover.s3.eu-central-1.amazonaws.com' ([Errno 11001] getaddrinfo failed)"))) — retry in 2s
[17:49:38]       tile S24E033: attempt 2 failed (ConnectionError: HTTPSConnectionPool(host='esa-worldcover.s3.eu-central-1.amazonaws.com', port=443): Max retries exceeded with url: /v200/2021/map/ESA_WorldCover_10m_2021_v200_S24E033_Map.tif (Caused by NameResolutionError("HTTPSConnection(host='esa-worldcover.s3.eu-central-1.amazonaws.com', port=443): Failed to resolve 'esa-worldcover.s3.eu-central-1.amazonaws.com' ([Errno 11001] getaddrinfo failed)"))) — retry in 4s
[17:49:42]       WARNING: tile S24E033 failed after 3 attempts — HTTPSConnectionPool(host='esa-worldcover.s3.eu-central-1.amazonaws.com', port=443): Max retries exceeded with url: /v200/2021/map/ESA_WorldCover_10m_2021_v200_S24E033_Map.tif (Caused by NameResolutionError("HTTPSConnection(host='esa-worldcover.s3.eu-central-1.amazonaws.com', port=443): Failed to resolve 'esa-worldcover.s3.eu-central-1.amazonaws.com' ([Errno 11001] getaddrinfo failed)"))
[17:49:42]       tile S24E036: attempt 1 failed (ConnectionError: HTTPSConnectionPool(host='esa-worldcover.s3.eu-central-1.amazonaws.com', port=443): Max retries exceeded with url: /v200/2021/map/ESA_WorldCover_10m_2021_v200_S24E036_Map.tif (Caused by NameResolutionError("HTTPSConnection(host='esa-worldcover.s3.eu-central-1.amazonaws.com', port=443): Failed to resolve 'esa-worldcover.s3.eu-central-1.amazonaws.com' ([Errno 11001] getaddrinfo failed)"))) — retry in 2s
[17:49:44]       tile S24E036: attempt 2 failed (ConnectionError: HTTPSConnectionPool(host='esa-worldcover.s3.eu-central-1.amazonaws.com', port=443): Max retries exceeded with url: /v200/2021/map/ESA_WorldCover_10m_2021_v200_S24E036_Map.tif (Caused by NameResolutionError("HTTPSConnection(host='esa-worldcover.s3.eu-central-1.amazonaws.com', port=443): Failed to resolve 'esa-worldcover.s3.eu-central-1.amazonaws.com' ([Errno 11001] getaddrinfo failed)"))) — retry in 4s
[17:49:48]       WARNING: tile S24E036 failed after 3 attempts — HTTPSConnectionPool(host='esa-worldcover.s3.eu-central-1.amazonaws.com', port=443): Max retries exceeded with url: /v200/2021/map/ESA_WorldCover_10m_2021_v200_S24E036_Map.tif (Caused by NameResolutionError("HTTPSConnection(host='esa-worldcover.s3.eu-central-1.amazonaws.com', port=443): Failed to resolve 'esa-worldcover.s3.eu-central-1.amazonaws.com' ([Errno 11001] getaddrinfo failed)"))
[17:49:48]       tile S21E015: attempt 1 failed (ConnectionError: HTTPSConnectionPool(host='esa-worldcover.s3.eu-central-1.amazonaws.com', port=443): Max retries exceeded with url: /v200/2021/map/ESA_WorldCover_10m_2021_v200_S21E015_Map.tif (Caused by NameResolutionError("HTTPSConnection(host='esa-worldcover.s3.eu-central-1.amazonaws.com', port=443): Failed to resolve 'esa-worldcover.s3.eu-central-1.amazonaws.com' ([Errno 11001] getaddrinfo failed)"))) — retry in 2s
[17:49:50]       tile S21E015: attempt 2 failed (ConnectionError: HTTPSConnectionPool(host='esa-worldcover.s3.eu-central-1.amazonaws.com', port=443): Max retries exceeded with url: /v200/2021/map/ESA_WorldCover_10m_2021_v200_S21E015_Map.tif (Caused by NameResolutionError("HTTPSConnection(host='esa-worldcover.s3.eu-central-1.amazonaws.com', port=443): Failed to resolve 'esa-worldcover.s3.eu-central-1.amazonaws.com' ([Errno 11001] getaddrinfo failed)"))) — retry in 4s
[17:49:54]       WARNING: tile S21E015 failed after 3 attempts — HTTPSConnectionPool(host='esa-worldcover.s3.eu-central-1.amazonaws.com', port=443): Max retries exceeded with url: /v200/2021/map/ESA_WorldCover_10m_2021_v200_S21E015_Map.tif (Caused by NameResolutionError("HTTPSConnection(host='esa-worldcover.s3.eu-central-1.amazonaws.com', port=443): Failed to resolve 'esa-worldcover.s3.eu-central-1.amazonaws.com' ([Errno 11001] getaddrinfo failed)"))
[17:49:54]       tile S21E030: attempt 1 failed (ConnectionError: HTTPSConnectionPool(host='esa-worldcover.s3.eu-central-1.amazonaws.com', port=443): Max retries exceeded with url: /v200/2021/map/ESA_WorldCover_10m_2021_v200_S21E030_Map.tif (Caused by NameResolutionError("HTTPSConnection(host='esa-worldcover.s3.eu-central-1.amazonaws.com', port=443): Failed to resolve 'esa-worldcover.s3.eu-central-1.amazonaws.com' ([Errno 11001] getaddrinfo failed)"))) — retry in 2s
[17:49:56]       tile S21E030: attempt 2 failed (ConnectionError: HTTPSConnectionPool(host='esa-worldcover.s3.eu-central-1.amazonaws.com', port=443): Max retries exceeded with url: /v200/2021/map/ESA_WorldCover_10m_2021_v200_S21E030_Map.tif (Caused by NameResolutionError("HTTPSConnection(host='esa-worldcover.s3.eu-central-1.amazonaws.com', port=443): Failed to resolve 'esa-worldcover.s3.eu-central-1.amazonaws.com' ([Errno 11001] getaddrinfo failed)"))) — retry in 4s
[17:50:00]       WARNING: tile S21E030 failed after 3 attempts — HTTPSConnectionPool(host='esa-worldcover.s3.eu-central-1.amazonaws.com', port=443): Max retries exceeded with url: /v200/2021/map/ESA_WorldCover_10m_2021_v200_S21E030_Map.tif (Caused by NameResolutionError("HTTPSConnection(host='esa-worldcover.s3.eu-central-1.amazonaws.com', port=443): Failed to resolve 'esa-worldcover.s3.eu-central-1.amazonaws.com' ([Errno 11001] getaddrinfo failed)"))
[17:50:00]       tile S21E033: attempt 1 failed (ConnectionError: HTTPSConnectionPool(host='esa-worldcover.s3.eu-central-1.amazonaws.com', port=443): Max retries exceeded with url: /v200/2021/map/ESA_WorldCover_10m_2021_v200_S21E033_Map.tif (Caused by NameResolutionError("HTTPSConnection(host='esa-worldcover.s3.eu-central-1.amazonaws.com', port=443): Failed to resolve 'esa-worldcover.s3.eu-central-1.amazonaws.com' ([Errno 11001] getaddrinfo failed)"))) — retry in 2s
[17:50:02]       tile S21E033: attempt 2 failed (ConnectionError: HTTPSConnectionPool(host='esa-worldcover.s3.eu-central-1.amazonaws.com', port=443): Max retries exceeded with url: /v200/2021/map/ESA_WorldCover_10m_2021_v200_S21E033_Map.tif (Caused by NameResolutionError("HTTPSConnection(host='esa-worldcover.s3.eu-central-1.amazonaws.com', port=443): Failed to resolve 'esa-worldcover.s3.eu-central-1.amazonaws.com' ([Errno 11001] getaddrinfo failed)"))) — retry in 4s
[17:50:06]       WARNING: tile S21E033 failed after 3 attempts — HTTPSConnectionPool(host='esa-worldcover.s3.eu-central-1.amazonaws.com', port=443): Max retries exceeded with url: /v200/2021/map/ESA_WorldCover_10m_2021_v200_S21E033_Map.tif (Caused by NameResolutionError("HTTPSConnection(host='esa-worldcover.s3.eu-central-1.amazonaws.com', port=443): Failed to resolve 'esa-worldcover.s3.eu-central-1.amazonaws.com' ([Errno 11001] getaddrinfo failed)"))
[17:50:06]       tile S21E036: attempt 1 failed (ConnectionError: HTTPSConnectionPool(host='esa-worldcover.s3.eu-central-1.amazonaws.com', port=443): Max retries exceeded with url: /v200/2021/map/ESA_WorldCover_10m_2021_v200_S21E036_Map.tif (Caused by NameResolutionError("HTTPSConnection(host='esa-worldcover.s3.eu-central-1.amazonaws.com', port=443): Failed to resolve 'esa-worldcover.s3.eu-central-1.amazonaws.com' ([Errno 11001] getaddrinfo failed)"))) — retry in 2s
[17:50:08]       tile S21E036: attempt 2 failed (ConnectionError: HTTPSConnectionPool(host='esa-worldcover.s3.eu-central-1.amazonaws.com', port=443): Max retries exceeded with url: /v200/2021/map/ESA_WorldCover_10m_2021_v200_S21E036_Map.tif (Caused by NameResolutionError("HTTPSConnection(host='esa-worldcover.s3.eu-central-1.amazonaws.com', port=443): Failed to resolve 'esa-worldcover.s3.eu-central-1.amazonaws.com' ([Errno 11001] getaddrinfo failed)"))) — retry in 4s
[17:50:13]       WARNING: tile S21E036 failed after 3 attempts — HTTPSConnectionPool(host='esa-worldcover.s3.eu-central-1.amazonaws.com', port=443): Max retries exceeded with url: /v200/2021/map/ESA_WorldCover_10m_2021_v200_S21E036_Map.tif (Caused by NameResolutionError("HTTPSConnection(host='esa-worldcover.s3.eu-central-1.amazonaws.com', port=443): Failed to resolve 'esa-worldcover.s3.eu-central-1.amazonaws.com' ([Errno 11001] getaddrinfo failed)"))
[17:50:13]     tiles with data: 14
[17:51:01]               tile S30E027: clipped (36000×36000 px)
[17:51:25]               tile S27E021: clipped (36000×20834 px)
[17:52:14]               tile S27E024: clipped (36000×36000 px)
[17:53:13]               tile S27E027: clipped (36000×36000 px)
[17:54:13]               tile S27E030: clipped (34719×36000 px)
[17:54:19]               tile S24E024: clipped (1183×4135 px)
[17:54:42]               tile S24E027: clipped (36000×22484 px)
[17:54:55]               tile S24E030: clipped (22298×21348 px)
[17:55:02]     ERROR: clip-mosaic failed — Unable to allocate 12.6 GiB for an array with shape (1, 94484, 142719) and data type uint8
[17:55:02] 
[47/54] Mali
[17:55:02]     bbox [-12.26, 10.14, 4.24, 25.00]
[17:55:02]     tiles to check: 42
[17:55:02]       tile N15W012: attempt 1 failed (ConnectionError: HTTPSConnectionPool(host='esa-worldcover.s3.eu-central-1.amazonaws.com', port=443): Max retries exceeded with url: /v200/2021/map/ESA_WorldCover_10m_2021_v200_N15W012_Map.tif (Caused by NameResolutionError("HTTPSConnection(host='esa-worldcover.s3.eu-central-1.amazonaws.com', port=443): Failed to resolve 'esa-worldcover.s3.eu-central-1.amazonaws.com' ([Errno 11001] getaddrinfo failed)"))) — retry in 2s
[17:55:05]       tile N15W012: attempt 2 failed (ConnectionError: HTTPSConnectionPool(host='esa-worldcover.s3.eu-central-1.amazonaws.com', port=443): Max retries exceeded with url: /v200/2021/map/ESA_WorldCover_10m_2021_v200_N15W012_Map.tif (Caused by NameResolutionError("HTTPSConnection(host='esa-worldcover.s3.eu-central-1.amazonaws.com', port=443): Failed to resolve 'esa-worldcover.s3.eu-central-1.amazonaws.com' ([Errno 11001] getaddrinfo failed)"))) — retry in 4s
[17:55:09]       WARNING: tile N15W012 failed after 3 attempts — HTTPSConnectionPool(host='esa-worldcover.s3.eu-central-1.amazonaws.com', port=443): Max retries exceeded with url: /v200/2021/map/ESA_WorldCover_10m_2021_v200_N15W012_Map.tif (Caused by NameResolutionError("HTTPSConnection(host='esa-worldcover.s3.eu-central-1.amazonaws.com', port=443): Failed to resolve 'esa-worldcover.s3.eu-central-1.amazonaws.com' ([Errno 11001] getaddrinfo failed)"))
[17:55:09]       tile N15W009: attempt 1 failed (ConnectionError: HTTPSConnectionPool(host='esa-worldcover.s3.eu-central-1.amazonaws.com', port=443): Max retries exceeded with url: /v200/2021/map/ESA_WorldCover_10m_2021_v200_N15W009_Map.tif (Caused by NameResolutionError("HTTPSConnection(host='esa-worldcover.s3.eu-central-1.amazonaws.com', port=443): Failed to resolve 'esa-worldcover.s3.eu-central-1.amazonaws.com' ([Errno 11001] getaddrinfo failed)"))) — retry in 2s
[17:55:11]       tile N15W009: attempt 2 failed (ConnectionError: HTTPSConnectionPool(host='esa-worldcover.s3.eu-central-1.amazonaws.com', port=443): Max retries exceeded with url: /v200/2021/map/ESA_WorldCover_10m_2021_v200_N15W009_Map.tif (Caused by NameResolutionError("HTTPSConnection(host='esa-worldcover.s3.eu-central-1.amazonaws.com', port=443): Failed to resolve 'esa-worldcover.s3.eu-central-1.amazonaws.com' ([Errno 11001] getaddrinfo failed)"))) — retry in 4s
[17:55:15]       WARNING: tile N15W009 failed after 3 attempts — HTTPSConnectionPool(host='esa-worldcover.s3.eu-central-1.amazonaws.com', port=443): Max retries exceeded with url: /v200/2021/map/ESA_WorldCover_10m_2021_v200_N15W009_Map.tif (Caused by NameResolutionError("HTTPSConnection(host='esa-worldcover.s3.eu-central-1.amazonaws.com', port=443): Failed to resolve 'esa-worldcover.s3.eu-central-1.amazonaws.com' ([Errno 11001] getaddrinfo failed)"))
[17:55:15]       tile N15W006: attempt 1 failed (ConnectionError: HTTPSConnectionPool(host='esa-worldcover.s3.eu-central-1.amazonaws.com', port=443): Max retries exceeded with url: /v200/2021/map/ESA_WorldCover_10m_2021_v200_N15W006_Map.tif (Caused by NameResolutionError("HTTPSConnection(host='esa-worldcover.s3.eu-central-1.amazonaws.com', port=443): Failed to resolve 'esa-worldcover.s3.eu-central-1.amazonaws.com' ([Errno 11001] getaddrinfo failed)"))) — retry in 2s
[17:55:17]       tile N15W006: attempt 2 failed (ConnectionError: HTTPSConnectionPool(host='esa-worldcover.s3.eu-central-1.amazonaws.com', port=443): Max retries exceeded with url: /v200/2021/map/ESA_WorldCover_10m_2021_v200_N15W006_Map.tif (Caused by NameResolutionError("HTTPSConnection(host='esa-worldcover.s3.eu-central-1.amazonaws.com', port=443): Failed to resolve 'esa-worldcover.s3.eu-central-1.amazonaws.com' ([Errno 11001] getaddrinfo failed)"))) — retry in 4s
[17:55:21]       WARNING: tile N15W006 failed after 3 attempts — HTTPSConnectionPool(host='esa-worldcover.s3.eu-central-1.amazonaws.com', port=443): Max retries exceeded with url: /v200/2021/map/ESA_WorldCover_10m_2021_v200_N15W006_Map.tif (Caused by NameResolutionError("HTTPSConnection(host='esa-worldcover.s3.eu-central-1.amazonaws.com', port=443): Failed to resolve 'esa-worldcover.s3.eu-central-1.amazonaws.com' ([Errno 11001] getaddrinfo failed)"))
[17:55:21]       tile N15W003: attempt 1 failed (ConnectionError: HTTPSConnectionPool(host='esa-worldcover.s3.eu-central-1.amazonaws.com', port=443): Max retries exceeded with url: /v200/2021/map/ESA_WorldCover_10m_2021_v200_N15W003_Map.tif (Caused by NameResolutionError("HTTPSConnection(host='esa-worldcover.s3.eu-central-1.amazonaws.com', port=443): Failed to resolve 'esa-worldcover.s3.eu-central-1.amazonaws.com' ([Errno 11001] getaddrinfo failed)"))) — retry in 2s
[17:55:23]       tile N15W003: attempt 2 failed (ConnectionError: HTTPSConnectionPool(host='esa-worldcover.s3.eu-central-1.amazonaws.com', port=443): Max retries exceeded with url: /v200/2021/map/ESA_WorldCover_10m_2021_v200_N15W003_Map.tif (Caused by NameResolutionError("HTTPSConnection(host='esa-worldcover.s3.eu-central-1.amazonaws.com', port=443): Failed to resolve 'esa-worldcover.s3.eu-central-1.amazonaws.com' ([Errno 11001] getaddrinfo failed)"))) — retry in 4s
[17:55:27]       WARNING: tile N15W003 failed after 3 attempts — HTTPSConnectionPool(host='esa-worldcover.s3.eu-central-1.amazonaws.com', port=443): Max retries exceeded with url: /v200/2021/map/ESA_WorldCover_10m_2021_v200_N15W003_Map.tif (Caused by NameResolutionError("HTTPSConnection(host='esa-worldcover.s3.eu-central-1.amazonaws.com', port=443): Failed to resolve 'esa-worldcover.s3.eu-central-1.amazonaws.com' ([Errno 11001] getaddrinfo failed)"))
[17:55:27]       tile N18W015: attempt 1 failed (ConnectionError: HTTPSConnectionPool(host='esa-worldcover.s3.eu-central-1.amazonaws.com', port=443): Max retries exceeded with url: /v200/2021/map/ESA_WorldCover_10m_2021_v200_N18W015_Map.tif (Caused by NameResolutionError("HTTPSConnection(host='esa-worldcover.s3.eu-central-1.amazonaws.com', port=443): Failed to resolve 'esa-worldcover.s3.eu-central-1.amazonaws.com' ([Errno 11001] getaddrinfo failed)"))) — retry in 2s
[17:55:29]       tile N18W015: attempt 2 failed (ConnectionError: HTTPSConnectionPool(host='esa-worldcover.s3.eu-central-1.amazonaws.com', port=443): Max retries exceeded with url: /v200/2021/map/ESA_WorldCover_10m_2021_v200_N18W015_Map.tif (Caused by NameResolutionError("HTTPSConnection(host='esa-worldcover.s3.eu-central-1.amazonaws.com', port=443): Failed to resolve 'esa-worldcover.s3.eu-central-1.amazonaws.com' ([Errno 11001] getaddrinfo failed)"))) — retry in 4s
[17:55:33]       WARNING: tile N18W015 failed after 3 attempts — HTTPSConnectionPool(host='esa-worldcover.s3.eu-central-1.amazonaws.com', port=443): Max retries exceeded with url: /v200/2021/map/ESA_WorldCover_10m_2021_v200_N18W015_Map.tif (Caused by NameResolutionError("HTTPSConnection(host='esa-worldcover.s3.eu-central-1.amazonaws.com', port=443): Failed to resolve 'esa-worldcover.s3.eu-central-1.amazonaws.com' ([Errno 11001] getaddrinfo failed)"))
[17:55:33]       tile N18W012: attempt 1 failed (ConnectionError: HTTPSConnectionPool(host='esa-worldcover.s3.eu-central-1.amazonaws.com', port=443): Max retries exceeded with url: /v200/2021/map/ESA_WorldCover_10m_2021_v200_N18W012_Map.tif (Caused by NameResolutionError("HTTPSConnection(host='esa-worldcover.s3.eu-central-1.amazonaws.com', port=443): Failed to resolve 'esa-worldcover.s3.eu-central-1.amazonaws.com' ([Errno 11001] getaddrinfo failed)"))) — retry in 2s
[17:55:35]       tile N18W012: attempt 2 failed (ConnectionError: HTTPSConnectionPool(host='esa-worldcover.s3.eu-central-1.amazonaws.com', port=443): Max retries exceeded with url: /v200/2021/map/ESA_WorldCover_10m_2021_v200_N18W012_Map.tif (Caused by NameResolutionError("HTTPSConnection(host='esa-worldcover.s3.eu-central-1.amazonaws.com', port=443): Failed to resolve 'esa-worldcover.s3.eu-central-1.amazonaws.com' ([Errno 11001] getaddrinfo failed)"))) — retry in 4s
[17:55:39]       WARNING: tile N18W012 failed after 3 attempts — HTTPSConnectionPool(host='esa-worldcover.s3.eu-central-1.amazonaws.com', port=443): Max retries exceeded with url: /v200/2021/map/ESA_WorldCover_10m_2021_v200_N18W012_Map.tif (Caused by NameResolutionError("HTTPSConnection(host='esa-worldcover.s3.eu-central-1.amazonaws.com', port=443): Failed to resolve 'esa-worldcover.s3.eu-central-1.amazonaws.com' ([Errno 11001] getaddrinfo failed)"))
[17:55:39]       tile N18W009: attempt 1 failed (ConnectionError: HTTPSConnectionPool(host='esa-worldcover.s3.eu-central-1.amazonaws.com', port=443): Max retries exceeded with url: /v200/2021/map/ESA_WorldCover_10m_2021_v200_N18W009_Map.tif (Caused by NameResolutionError("HTTPSConnection(host='esa-worldcover.s3.eu-central-1.amazonaws.com', port=443): Failed to resolve 'esa-worldcover.s3.eu-central-1.amazonaws.com' ([Errno 11001] getaddrinfo failed)"))) — retry in 2s
[17:55:41]       tile N18W009: attempt 2 failed (ConnectionError: HTTPSConnectionPool(host='esa-worldcover.s3.eu-central-1.amazonaws.com', port=443): Max retries exceeded with url: /v200/2021/map/ESA_WorldCover_10m_2021_v200_N18W009_Map.tif (Caused by NameResolutionError("HTTPSConnection(host='esa-worldcover.s3.eu-central-1.amazonaws.com', port=443): Failed to resolve 'esa-worldcover.s3.eu-central-1.amazonaws.com' ([Errno 11001] getaddrinfo failed)"))) — retry in 4s
[17:55:45]       WARNING: tile N18W009 failed after 3 attempts — HTTPSConnectionPool(host='esa-worldcover.s3.eu-central-1.amazonaws.com', port=443): Max retries exceeded with url: /v200/2021/map/ESA_WorldCover_10m_2021_v200_N18W009_Map.tif (Caused by NameResolutionError("HTTPSConnection(host='esa-worldcover.s3.eu-central-1.amazonaws.com', port=443): Failed to resolve 'esa-worldcover.s3.eu-central-1.amazonaws.com' ([Errno 11001] getaddrinfo failed)"))
[17:55:45]       tile N18W006: attempt 1 failed (ConnectionError: HTTPSConnectionPool(host='esa-worldcover.s3.eu-central-1.amazonaws.com', port=443): Max retries exceeded with url: /v200/2021/map/ESA_WorldCover_10m_2021_v200_N18W006_Map.tif (Caused by NameResolutionError("HTTPSConnection(host='esa-worldcover.s3.eu-central-1.amazonaws.com', port=443): Failed to resolve 'esa-worldcover.s3.eu-central-1.amazonaws.com' ([Errno 11001] getaddrinfo failed)"))) — retry in 2s
[17:55:47]       tile N18W006: attempt 2 failed (ConnectionError: HTTPSConnectionPool(host='esa-worldcover.s3.eu-central-1.amazonaws.com', port=443): Max retries exceeded with url: /v200/2021/map/ESA_WorldCover_10m_2021_v200_N18W006_Map.tif (Caused by NameResolutionError("HTTPSConnection(host='esa-worldcover.s3.eu-central-1.amazonaws.com', port=443): Failed to resolve 'esa-worldcover.s3.eu-central-1.amazonaws.com' ([Errno 11001] getaddrinfo failed)"))) — retry in 4s
[17:55:52]       WARNING: tile N18W006 failed after 3 attempts — HTTPSConnectionPool(host='esa-worldcover.s3.eu-central-1.amazonaws.com', port=443): Max retries exceeded with url: /v200/2021/map/ESA_WorldCover_10m_2021_v200_N18W006_Map.tif (Caused by NameResolutionError("HTTPSConnection(host='esa-worldcover.s3.eu-central-1.amazonaws.com', port=443): Failed to resolve 'esa-worldcover.s3.eu-central-1.amazonaws.com' ([Errno 11001] getaddrinfo failed)"))
[17:55:52]       tile N18W003: attempt 1 failed (ConnectionError: HTTPSConnectionPool(host='esa-worldcover.s3.eu-central-1.amazonaws.com', port=443): Max retries exceeded with url: /v200/2021/map/ESA_WorldCover_10m_2021_v200_N18W003_Map.tif (Caused by NameResolutionError("HTTPSConnection(host='esa-worldcover.s3.eu-central-1.amazonaws.com', port=443): Failed to resolve 'esa-worldcover.s3.eu-central-1.amazonaws.com' ([Errno 11001] getaddrinfo failed)"))) — retry in 2s
[17:55:54]       tile N18W003: attempt 2 failed (ConnectionError: HTTPSConnectionPool(host='esa-worldcover.s3.eu-central-1.amazonaws.com', port=443): Max retries exceeded with url: /v200/2021/map/ESA_WorldCover_10m_2021_v200_N18W003_Map.tif (Caused by NameResolutionError("HTTPSConnection(host='esa-worldcover.s3.eu-central-1.amazonaws.com', port=443): Failed to resolve 'esa-worldcover.s3.eu-central-1.amazonaws.com' ([Errno 11001] getaddrinfo failed)"))) — retry in 4s
[17:55:58]       WARNING: tile N18W003 failed after 3 attempts — HTTPSConnectionPool(host='esa-worldcover.s3.eu-central-1.amazonaws.com', port=443): Max retries exceeded with url: /v200/2021/map/ESA_WorldCover_10m_2021_v200_N18W003_Map.tif (Caused by NameResolutionError("HTTPSConnection(host='esa-worldcover.s3.eu-central-1.amazonaws.com', port=443): Failed to resolve 'esa-worldcover.s3.eu-central-1.amazonaws.com' ([Errno 11001] getaddrinfo failed)"))
[17:55:58]       tile N18E000: attempt 1 failed (ConnectionError: HTTPSConnectionPool(host='esa-worldcover.s3.eu-central-1.amazonaws.com', port=443): Max retries exceeded with url: /v200/2021/map/ESA_WorldCover_10m_2021_v200_N18E000_Map.tif (Caused by NameResolutionError("HTTPSConnection(host='esa-worldcover.s3.eu-central-1.amazonaws.com', port=443): Failed to resolve 'esa-worldcover.s3.eu-central-1.amazonaws.com' ([Errno 11001] getaddrinfo failed)"))) — retry in 2s
[17:56:00]       tile N18E000: attempt 2 failed (ConnectionError: HTTPSConnectionPool(host='esa-worldcover.s3.eu-central-1.amazonaws.com', port=443): Max retries exceeded with url: /v200/2021/map/ESA_WorldCover_10m_2021_v200_N18E000_Map.tif (Caused by NameResolutionError("HTTPSConnection(host='esa-worldcover.s3.eu-central-1.amazonaws.com', port=443): Failed to resolve 'esa-worldcover.s3.eu-central-1.amazonaws.com' ([Errno 11001] getaddrinfo failed)"))) — retry in 4s
[17:56:04]       WARNING: tile N18E000 failed after 3 attempts — HTTPSConnectionPool(host='esa-worldcover.s3.eu-central-1.amazonaws.com', port=443): Max retries exceeded with url: /v200/2021/map/ESA_WorldCover_10m_2021_v200_N18E000_Map.tif (Caused by NameResolutionError("HTTPSConnection(host='esa-worldcover.s3.eu-central-1.amazonaws.com', port=443): Failed to resolve 'esa-worldcover.s3.eu-central-1.amazonaws.com' ([Errno 11001] getaddrinfo failed)"))
[17:56:04]       tile N18E003: attempt 1 failed (ConnectionError: HTTPSConnectionPool(host='esa-worldcover.s3.eu-central-1.amazonaws.com', port=443): Max retries exceeded with url: /v200/2021/map/ESA_WorldCover_10m_2021_v200_N18E003_Map.tif (Caused by NameResolutionError("HTTPSConnection(host='esa-worldcover.s3.eu-central-1.amazonaws.com', port=443): Failed to resolve 'esa-worldcover.s3.eu-central-1.amazonaws.com' ([Errno 11001] getaddrinfo failed)"))) — retry in 2s
[17:56:06]       tile N18E003: attempt 2 failed (ConnectionError: HTTPSConnectionPool(host='esa-worldcover.s3.eu-central-1.amazonaws.com', port=443): Max retries exceeded with url: /v200/2021/map/ESA_WorldCover_10m_2021_v200_N18E003_Map.tif (Caused by NameResolutionError("HTTPSConnection(host='esa-worldcover.s3.eu-central-1.amazonaws.com', port=443): Failed to resolve 'esa-worldcover.s3.eu-central-1.amazonaws.com' ([Errno 11001] getaddrinfo failed)"))) — retry in 4s
[17:56:10]       WARNING: tile N18E003 failed after 3 attempts — HTTPSConnectionPool(host='esa-worldcover.s3.eu-central-1.amazonaws.com', port=443): Max retries exceeded with url: /v200/2021/map/ESA_WorldCover_10m_2021_v200_N18E003_Map.tif (Caused by NameResolutionError("HTTPSConnection(host='esa-worldcover.s3.eu-central-1.amazonaws.com', port=443): Failed to resolve 'esa-worldcover.s3.eu-central-1.amazonaws.com' ([Errno 11001] getaddrinfo failed)"))
[17:56:10]       tile N21W015: attempt 1 failed (ConnectionError: HTTPSConnectionPool(host='esa-worldcover.s3.eu-central-1.amazonaws.com', port=443): Max retries exceeded with url: /v200/2021/map/ESA_WorldCover_10m_2021_v200_N21W015_Map.tif (Caused by NameResolutionError("HTTPSConnection(host='esa-worldcover.s3.eu-central-1.amazonaws.com', port=443): Failed to resolve 'esa-worldcover.s3.eu-central-1.amazonaws.com' ([Errno 11001] getaddrinfo failed)"))) — retry in 2s
[17:56:12]       tile N21W015: attempt 2 failed (ConnectionError: HTTPSConnectionPool(host='esa-worldcover.s3.eu-central-1.amazonaws.com', port=443): Max retries exceeded with url: /v200/2021/map/ESA_WorldCover_10m_2021_v200_N21W015_Map.tif (Caused by NameResolutionError("HTTPSConnection(host='esa-worldcover.s3.eu-central-1.amazonaws.com', port=443): Failed to resolve 'esa-worldcover.s3.eu-central-1.amazonaws.com' ([Errno 11001] getaddrinfo failed)"))) — retry in 4s
[17:56:16]       WARNING: tile N21W015 failed after 3 attempts — HTTPSConnectionPool(host='esa-worldcover.s3.eu-central-1.amazonaws.com', port=443): Max retries exceeded with url: /v200/2021/map/ESA_WorldCover_10m_2021_v200_N21W015_Map.tif (Caused by NameResolutionError("HTTPSConnection(host='esa-worldcover.s3.eu-central-1.amazonaws.com', port=443): Failed to resolve 'esa-worldcover.s3.eu-central-1.amazonaws.com' ([Errno 11001] getaddrinfo failed)"))
[17:56:16]       tile N21W012: attempt 1 failed (ConnectionError: HTTPSConnectionPool(host='esa-worldcover.s3.eu-central-1.amazonaws.com', port=443): Max retries exceeded with url: /v200/2021/map/ESA_WorldCover_10m_2021_v200_N21W012_Map.tif (Caused by NameResolutionError("HTTPSConnection(host='esa-worldcover.s3.eu-central-1.amazonaws.com', port=443): Failed to resolve 'esa-worldcover.s3.eu-central-1.amazonaws.com' ([Errno 11001] getaddrinfo failed)"))) — retry in 2s
[17:56:18]       tile N21W012: attempt 2 failed (ConnectionError: HTTPSConnectionPool(host='esa-worldcover.s3.eu-central-1.amazonaws.com', port=443): Max retries exceeded with url: /v200/2021/map/ESA_WorldCover_10m_2021_v200_N21W012_Map.tif (Caused by NameResolutionError("HTTPSConnection(host='esa-worldcover.s3.eu-central-1.amazonaws.com', port=443): Failed to resolve 'esa-worldcover.s3.eu-central-1.amazonaws.com' ([Errno 11001] getaddrinfo failed)"))) — retry in 4s
[17:56:22]       WARNING: tile N21W012 failed after 3 attempts — HTTPSConnectionPool(host='esa-worldcover.s3.eu-central-1.amazonaws.com', port=443): Max retries exceeded with url: /v200/2021/map/ESA_WorldCover_10m_2021_v200_N21W012_Map.tif (Caused by NameResolutionError("HTTPSConnection(host='esa-worldcover.s3.eu-central-1.amazonaws.com', port=443): Failed to resolve 'esa-worldcover.s3.eu-central-1.amazonaws.com' ([Errno 11001] getaddrinfo failed)"))
[17:56:22]       tile N21W009: attempt 1 failed (ConnectionError: HTTPSConnectionPool(host='esa-worldcover.s3.eu-central-1.amazonaws.com', port=443): Max retries exceeded with url: /v200/2021/map/ESA_WorldCover_10m_2021_v200_N21W009_Map.tif (Caused by NameResolutionError("HTTPSConnection(host='esa-worldcover.s3.eu-central-1.amazonaws.com', port=443): Failed to resolve 'esa-worldcover.s3.eu-central-1.amazonaws.com' ([Errno 11001] getaddrinfo failed)"))) — retry in 2s
[17:56:24]       tile N21W009: attempt 2 failed (ConnectionError: HTTPSConnectionPool(host='esa-worldcover.s3.eu-central-1.amazonaws.com', port=443): Max retries exceeded with url: /v200/2021/map/ESA_WorldCover_10m_2021_v200_N21W009_Map.tif (Caused by NameResolutionError("HTTPSConnection(host='esa-worldcover.s3.eu-central-1.amazonaws.com', port=443): Failed to resolve 'esa-worldcover.s3.eu-central-1.amazonaws.com' ([Errno 11001] getaddrinfo failed)"))) — retry in 4s
[17:56:28]       WARNING: tile N21W009 failed after 3 attempts — HTTPSConnectionPool(host='esa-worldcover.s3.eu-central-1.amazonaws.com', port=443): Max retries exceeded with url: /v200/2021/map/ESA_WorldCover_10m_2021_v200_N21W009_Map.tif (Caused by NameResolutionError("HTTPSConnection(host='esa-worldcover.s3.eu-central-1.amazonaws.com', port=443): Failed to resolve 'esa-worldcover.s3.eu-central-1.amazonaws.com' ([Errno 11001] getaddrinfo failed)"))
[17:56:28]       tile N21W006: attempt 1 failed (ConnectionError: HTTPSConnectionPool(host='esa-worldcover.s3.eu-central-1.amazonaws.com', port=443): Max retries exceeded with url: /v200/2021/map/ESA_WorldCover_10m_2021_v200_N21W006_Map.tif (Caused by NameResolutionError("HTTPSConnection(host='esa-worldcover.s3.eu-central-1.amazonaws.com', port=443): Failed to resolve 'esa-worldcover.s3.eu-central-1.amazonaws.com' ([Errno 11001] getaddrinfo failed)"))) — retry in 2s
[17:56:30]       tile N21W006: attempt 2 failed (ConnectionError: HTTPSConnectionPool(host='esa-worldcover.s3.eu-central-1.amazonaws.com', port=443): Max retries exceeded with url: /v200/2021/map/ESA_WorldCover_10m_2021_v200_N21W006_Map.tif (Caused by NameResolutionError("HTTPSConnection(host='esa-worldcover.s3.eu-central-1.amazonaws.com', port=443): Failed to resolve 'esa-worldcover.s3.eu-central-1.amazonaws.com' ([Errno 11001] getaddrinfo failed)"))) — retry in 4s
[17:56:34]       WARNING: tile N21W006 failed after 3 attempts — HTTPSConnectionPool(host='esa-worldcover.s3.eu-central-1.amazonaws.com', port=443): Max retries exceeded with url: /v200/2021/map/ESA_WorldCover_10m_2021_v200_N21W006_Map.tif (Caused by NameResolutionError("HTTPSConnection(host='esa-worldcover.s3.eu-central-1.amazonaws.com', port=443): Failed to resolve 'esa-worldcover.s3.eu-central-1.amazonaws.com' ([Errno 11001] getaddrinfo failed)"))
[17:56:34]       tile N21W003: attempt 1 failed (ConnectionError: HTTPSConnectionPool(host='esa-worldcover.s3.eu-central-1.amazonaws.com', port=443): Max retries exceeded with url: /v200/2021/map/ESA_WorldCover_10m_2021_v200_N21W003_Map.tif (Caused by NameResolutionError("HTTPSConnection(host='esa-worldcover.s3.eu-central-1.amazonaws.com', port=443): Failed to resolve 'esa-worldcover.s3.eu-central-1.amazonaws.com' ([Errno 11001] getaddrinfo failed)"))) — retry in 2s
[17:56:36]       tile N21W003: attempt 2 failed (ConnectionError: HTTPSConnectionPool(host='esa-worldcover.s3.eu-central-1.amazonaws.com', port=443): Max retries exceeded with url: /v200/2021/map/ESA_WorldCover_10m_2021_v200_N21W003_Map.tif (Caused by NameResolutionError("HTTPSConnection(host='esa-worldcover.s3.eu-central-1.amazonaws.com', port=443): Failed to resolve 'esa-worldcover.s3.eu-central-1.amazonaws.com' ([Errno 11001] getaddrinfo failed)"))) — retry in 4s
[17:56:40]       WARNING: tile N21W003 failed after 3 attempts — HTTPSConnectionPool(host='esa-worldcover.s3.eu-central-1.amazonaws.com', port=443): Max retries exceeded with url: /v200/2021/map/ESA_WorldCover_10m_2021_v200_N21W003_Map.tif (Caused by NameResolutionError("HTTPSConnection(host='esa-worldcover.s3.eu-central-1.amazonaws.com', port=443): Failed to resolve 'esa-worldcover.s3.eu-central-1.amazonaws.com' ([Errno 11001] getaddrinfo failed)"))
[17:56:40]       tile N21E000: attempt 1 failed (ConnectionError: HTTPSConnectionPool(host='esa-worldcover.s3.eu-central-1.amazonaws.com', port=443): Max retries exceeded with url: /v200/2021/map/ESA_WorldCover_10m_2021_v200_N21E000_Map.tif (Caused by NameResolutionError("HTTPSConnection(host='esa-worldcover.s3.eu-central-1.amazonaws.com', port=443): Failed to resolve 'esa-worldcover.s3.eu-central-1.amazonaws.com' ([Errno 11001] getaddrinfo failed)"))) — retry in 2s
[17:56:42]       tile N21E000: attempt 2 failed (ConnectionError: HTTPSConnectionPool(host='esa-worldcover.s3.eu-central-1.amazonaws.com', port=443): Max retries exceeded with url: /v200/2021/map/ESA_WorldCover_10m_2021_v200_N21E000_Map.tif (Caused by NameResolutionError("HTTPSConnection(host='esa-worldcover.s3.eu-central-1.amazonaws.com', port=443): Failed to resolve 'esa-worldcover.s3.eu-central-1.amazonaws.com' ([Errno 11001] getaddrinfo failed)"))) — retry in 4s
[17:56:46]       WARNING: tile N21E000 failed after 3 attempts — HTTPSConnectionPool(host='esa-worldcover.s3.eu-central-1.amazonaws.com', port=443): Max retries exceeded with url: /v200/2021/map/ESA_WorldCover_10m_2021_v200_N21E000_Map.tif (Caused by NameResolutionError("HTTPSConnection(host='esa-worldcover.s3.eu-central-1.amazonaws.com', port=443): Failed to resolve 'esa-worldcover.s3.eu-central-1.amazonaws.com' ([Errno 11001] getaddrinfo failed)"))
[17:56:46]       tile N21E003: attempt 1 failed (ConnectionError: HTTPSConnectionPool(host='esa-worldcover.s3.eu-central-1.amazonaws.com', port=443): Max retries exceeded with url: /v200/2021/map/ESA_WorldCover_10m_2021_v200_N21E003_Map.tif (Caused by NameResolutionError("HTTPSConnection(host='esa-worldcover.s3.eu-central-1.amazonaws.com', port=443): Failed to resolve 'esa-worldcover.s3.eu-central-1.amazonaws.com' ([Errno 11001] getaddrinfo failed)"))) — retry in 2s
[17:56:48]       tile N21E003: attempt 2 failed (ConnectionError: HTTPSConnectionPool(host='esa-worldcover.s3.eu-central-1.amazonaws.com', port=443): Max retries exceeded with url: /v200/2021/map/ESA_WorldCover_10m_2021_v200_N21E003_Map.tif (Caused by NameResolutionError("HTTPSConnection(host='esa-worldcover.s3.eu-central-1.amazonaws.com', port=443): Failed to resolve 'esa-worldcover.s3.eu-central-1.amazonaws.com' ([Errno 11001] getaddrinfo failed)"))) — retry in 4s
[17:56:52]       WARNING: tile N21E003 failed after 3 attempts — HTTPSConnectionPool(host='esa-worldcover.s3.eu-central-1.amazonaws.com', port=443): Max retries exceeded with url: /v200/2021/map/ESA_WorldCover_10m_2021_v200_N21E003_Map.tif (Caused by NameResolutionError("HTTPSConnection(host='esa-worldcover.s3.eu-central-1.amazonaws.com', port=443): Failed to resolve 'esa-worldcover.s3.eu-central-1.amazonaws.com' ([Errno 11001] getaddrinfo failed)"))
[17:56:52]       tile N24W015: attempt 1 failed (ConnectionError: HTTPSConnectionPool(host='esa-worldcover.s3.eu-central-1.amazonaws.com', port=443): Max retries exceeded with url: /v200/2021/map/ESA_WorldCover_10m_2021_v200_N24W015_Map.tif (Caused by NameResolutionError("HTTPSConnection(host='esa-worldcover.s3.eu-central-1.amazonaws.com', port=443): Failed to resolve 'esa-worldcover.s3.eu-central-1.amazonaws.com' ([Errno 11001] getaddrinfo failed)"))) — retry in 2s
[17:56:54]       tile N24W015: attempt 2 failed (ConnectionError: HTTPSConnectionPool(host='esa-worldcover.s3.eu-central-1.amazonaws.com', port=443): Max retries exceeded with url: /v200/2021/map/ESA_WorldCover_10m_2021_v200_N24W015_Map.tif (Caused by NameResolutionError("HTTPSConnection(host='esa-worldcover.s3.eu-central-1.amazonaws.com', port=443): Failed to resolve 'esa-worldcover.s3.eu-central-1.amazonaws.com' ([Errno 11001] getaddrinfo failed)"))) — retry in 4s
[17:56:58]       WARNING: tile N24W015 failed after 3 attempts — HTTPSConnectionPool(host='esa-worldcover.s3.eu-central-1.amazonaws.com', port=443): Max retries exceeded with url: /v200/2021/map/ESA_WorldCover_10m_2021_v200_N24W015_Map.tif (Caused by NameResolutionError("HTTPSConnection(host='esa-worldcover.s3.eu-central-1.amazonaws.com', port=443): Failed to resolve 'esa-worldcover.s3.eu-central-1.amazonaws.com' ([Errno 11001] getaddrinfo failed)"))
[17:56:58]       tile N24W012: attempt 1 failed (ConnectionError: HTTPSConnectionPool(host='esa-worldcover.s3.eu-central-1.amazonaws.com', port=443): Max retries exceeded with url: /v200/2021/map/ESA_WorldCover_10m_2021_v200_N24W012_Map.tif (Caused by NameResolutionError("HTTPSConnection(host='esa-worldcover.s3.eu-central-1.amazonaws.com', port=443): Failed to resolve 'esa-worldcover.s3.eu-central-1.amazonaws.com' ([Errno 11001] getaddrinfo failed)"))) — retry in 2s
[17:57:00]       tile N24W012: attempt 2 failed (ConnectionError: HTTPSConnectionPool(host='esa-worldcover.s3.eu-central-1.amazonaws.com', port=443): Max retries exceeded with url: /v200/2021/map/ESA_WorldCover_10m_2021_v200_N24W012_Map.tif (Caused by NameResolutionError("HTTPSConnection(host='esa-worldcover.s3.eu-central-1.amazonaws.com', port=443): Failed to resolve 'esa-worldcover.s3.eu-central-1.amazonaws.com' ([Errno 11001] getaddrinfo failed)"))) — retry in 4s
[17:57:04]       WARNING: tile N24W012 failed after 3 attempts — HTTPSConnectionPool(host='esa-worldcover.s3.eu-central-1.amazonaws.com', port=443): Max retries exceeded with url: /v200/2021/map/ESA_WorldCover_10m_2021_v200_N24W012_Map.tif (Caused by NameResolutionError("HTTPSConnection(host='esa-worldcover.s3.eu-central-1.amazonaws.com', port=443): Failed to resolve 'esa-worldcover.s3.eu-central-1.amazonaws.com' ([Errno 11001] getaddrinfo failed)"))
[17:57:04]       tile N24W009: attempt 1 failed (ConnectionError: HTTPSConnectionPool(host='esa-worldcover.s3.eu-central-1.amazonaws.com', port=443): Max retries exceeded with url: /v200/2021/map/ESA_WorldCover_10m_2021_v200_N24W009_Map.tif (Caused by NameResolutionError("HTTPSConnection(host='esa-worldcover.s3.eu-central-1.amazonaws.com', port=443): Failed to resolve 'esa-worldcover.s3.eu-central-1.amazonaws.com' ([Errno 11001] getaddrinfo failed)"))) — retry in 2s
[17:57:06]       tile N24W009: attempt 2 failed (ConnectionError: HTTPSConnectionPool(host='esa-worldcover.s3.eu-central-1.amazonaws.com', port=443): Max retries exceeded with url: /v200/2021/map/ESA_WorldCover_10m_2021_v200_N24W009_Map.tif (Caused by NameResolutionError("HTTPSConnection(host='esa-worldcover.s3.eu-central-1.amazonaws.com', port=443): Failed to resolve 'esa-worldcover.s3.eu-central-1.amazonaws.com' ([Errno 11001] getaddrinfo failed)"))) — retry in 4s
[17:57:10]       WARNING: tile N24W009 failed after 3 attempts — HTTPSConnectionPool(host='esa-worldcover.s3.eu-central-1.amazonaws.com', port=443): Max retries exceeded with url: /v200/2021/map/ESA_WorldCover_10m_2021_v200_N24W009_Map.tif (Caused by NameResolutionError("HTTPSConnection(host='esa-worldcover.s3.eu-central-1.amazonaws.com', port=443): Failed to resolve 'esa-worldcover.s3.eu-central-1.amazonaws.com' ([Errno 11001] getaddrinfo failed)"))
[17:57:10]       tile N24W006: attempt 1 failed (ConnectionError: HTTPSConnectionPool(host='esa-worldcover.s3.eu-central-1.amazonaws.com', port=443): Max retries exceeded with url: /v200/2021/map/ESA_WorldCover_10m_2021_v200_N24W006_Map.tif (Caused by NameResolutionError("HTTPSConnection(host='esa-worldcover.s3.eu-central-1.amazonaws.com', port=443): Failed to resolve 'esa-worldcover.s3.eu-central-1.amazonaws.com' ([Errno 11001] getaddrinfo failed)"))) — retry in 2s
[17:57:12]       tile N24W006: attempt 2 failed (ConnectionError: HTTPSConnectionPool(host='esa-worldcover.s3.eu-central-1.amazonaws.com', port=443): Max retries exceeded with url: /v200/2021/map/ESA_WorldCover_10m_2021_v200_N24W006_Map.tif (Caused by NameResolutionError("HTTPSConnection(host='esa-worldcover.s3.eu-central-1.amazonaws.com', port=443): Failed to resolve 'esa-worldcover.s3.eu-central-1.amazonaws.com' ([Errno 11001] getaddrinfo failed)"))) — retry in 4s
[17:57:16]       WARNING: tile N24W006 failed after 3 attempts — HTTPSConnectionPool(host='esa-worldcover.s3.eu-central-1.amazonaws.com', port=443): Max retries exceeded with url: /v200/2021/map/ESA_WorldCover_10m_2021_v200_N24W006_Map.tif (Caused by NameResolutionError("HTTPSConnection(host='esa-worldcover.s3.eu-central-1.amazonaws.com', port=443): Failed to resolve 'esa-worldcover.s3.eu-central-1.amazonaws.com' ([Errno 11001] getaddrinfo failed)"))
[17:57:16]       tile N24W003: attempt 1 failed (ConnectionError: HTTPSConnectionPool(host='esa-worldcover.s3.eu-central-1.amazonaws.com', port=443): Max retries exceeded with url: /v200/2021/map/ESA_WorldCover_10m_2021_v200_N24W003_Map.tif (Caused by NameResolutionError("HTTPSConnection(host='esa-worldcover.s3.eu-central-1.amazonaws.com', port=443): Failed to resolve 'esa-worldcover.s3.eu-central-1.amazonaws.com' ([Errno 11001] getaddrinfo failed)"))) — retry in 2s
[17:57:19]       tile N24W003: attempt 2 failed (ConnectionError: HTTPSConnectionPool(host='esa-worldcover.s3.eu-central-1.amazonaws.com', port=443): Max retries exceeded with url: /v200/2021/map/ESA_WorldCover_10m_2021_v200_N24W003_Map.tif (Caused by NameResolutionError("HTTPSConnection(host='esa-worldcover.s3.eu-central-1.amazonaws.com', port=443): Failed to resolve 'esa-worldcover.s3.eu-central-1.amazonaws.com' ([Errno 11001] getaddrinfo failed)"))) — retry in 4s
[17:57:23]       WARNING: tile N24W003 failed after 3 attempts — HTTPSConnectionPool(host='esa-worldcover.s3.eu-central-1.amazonaws.com', port=443): Max retries exceeded with url: /v200/2021/map/ESA_WorldCover_10m_2021_v200_N24W003_Map.tif (Caused by NameResolutionError("HTTPSConnection(host='esa-worldcover.s3.eu-central-1.amazonaws.com', port=443): Failed to resolve 'esa-worldcover.s3.eu-central-1.amazonaws.com' ([Errno 11001] getaddrinfo failed)"))
[17:57:23]       tile N24E000: attempt 1 failed (ConnectionError: HTTPSConnectionPool(host='esa-worldcover.s3.eu-central-1.amazonaws.com', port=443): Max retries exceeded with url: /v200/2021/map/ESA_WorldCover_10m_2021_v200_N24E000_Map.tif (Caused by NameResolutionError("HTTPSConnection(host='esa-worldcover.s3.eu-central-1.amazonaws.com', port=443): Failed to resolve 'esa-worldcover.s3.eu-central-1.amazonaws.com' ([Errno 11001] getaddrinfo failed)"))) — retry in 2s
[17:57:25]       tile N24E000: attempt 2 failed (ConnectionError: HTTPSConnectionPool(host='esa-worldcover.s3.eu-central-1.amazonaws.com', port=443): Max retries exceeded with url: /v200/2021/map/ESA_WorldCover_10m_2021_v200_N24E000_Map.tif (Caused by NameResolutionError("HTTPSConnection(host='esa-worldcover.s3.eu-central-1.amazonaws.com', port=443): Failed to resolve 'esa-worldcover.s3.eu-central-1.amazonaws.com' ([Errno 11001] getaddrinfo failed)"))) — retry in 4s
[17:57:29]       WARNING: tile N24E000 failed after 3 attempts — HTTPSConnectionPool(host='esa-worldcover.s3.eu-central-1.amazonaws.com', port=443): Max retries exceeded with url: /v200/2021/map/ESA_WorldCover_10m_2021_v200_N24E000_Map.tif (Caused by NameResolutionError("HTTPSConnection(host='esa-worldcover.s3.eu-central-1.amazonaws.com', port=443): Failed to resolve 'esa-worldcover.s3.eu-central-1.amazonaws.com' ([Errno 11001] getaddrinfo failed)"))
[17:57:29]       tile N24E003: attempt 1 failed (ConnectionError: HTTPSConnectionPool(host='esa-worldcover.s3.eu-central-1.amazonaws.com', port=443): Max retries exceeded with url: /v200/2021/map/ESA_WorldCover_10m_2021_v200_N24E003_Map.tif (Caused by NameResolutionError("HTTPSConnection(host='esa-worldcover.s3.eu-central-1.amazonaws.com', port=443): Failed to resolve 'esa-worldcover.s3.eu-central-1.amazonaws.com' ([Errno 11001] getaddrinfo failed)"))) — retry in 2s
[17:57:31]       tile N24E003: attempt 2 failed (ConnectionError: HTTPSConnectionPool(host='esa-worldcover.s3.eu-central-1.amazonaws.com', port=443): Max retries exceeded with url: /v200/2021/map/ESA_WorldCover_10m_2021_v200_N24E003_Map.tif (Caused by NameResolutionError("HTTPSConnection(host='esa-worldcover.s3.eu-central-1.amazonaws.com', port=443): Failed to resolve 'esa-worldcover.s3.eu-central-1.amazonaws.com' ([Errno 11001] getaddrinfo failed)"))) — retry in 4s
[17:57:35]       WARNING: tile N24E003 failed after 3 attempts — HTTPSConnectionPool(host='esa-worldcover.s3.eu-central-1.amazonaws.com', port=443): Max retries exceeded with url: /v200/2021/map/ESA_WorldCover_10m_2021_v200_N24E003_Map.tif (Caused by NameResolutionError("HTTPSConnection(host='esa-worldcover.s3.eu-central-1.amazonaws.com', port=443): Failed to resolve 'esa-worldcover.s3.eu-central-1.amazonaws.com' ([Errno 11001] getaddrinfo failed)"))
[17:57:35]       tile N27W015: attempt 1 failed (ConnectionError: HTTPSConnectionPool(host='esa-worldcover.s3.eu-central-1.amazonaws.com', port=443): Max retries exceeded with url: /v200/2021/map/ESA_WorldCover_10m_2021_v200_N27W015_Map.tif (Caused by NameResolutionError("HTTPSConnection(host='esa-worldcover.s3.eu-central-1.amazonaws.com', port=443): Failed to resolve 'esa-worldcover.s3.eu-central-1.amazonaws.com' ([Errno 11001] getaddrinfo failed)"))) — retry in 2s
[17:57:37]       tile N27W015: attempt 2 failed (ConnectionError: HTTPSConnectionPool(host='esa-worldcover.s3.eu-central-1.amazonaws.com', port=443): Max retries exceeded with url: /v200/2021/map/ESA_WorldCover_10m_2021_v200_N27W015_Map.tif (Caused by NameResolutionError("HTTPSConnection(host='esa-worldcover.s3.eu-central-1.amazonaws.com', port=443): Failed to resolve 'esa-worldcover.s3.eu-central-1.amazonaws.com' ([Errno 11001] getaddrinfo failed)"))) — retry in 4s
[17:57:41]       WARNING: tile N27W015 failed after 3 attempts — HTTPSConnectionPool(host='esa-worldcover.s3.eu-central-1.amazonaws.com', port=443): Max retries exceeded with url: /v200/2021/map/ESA_WorldCover_10m_2021_v200_N27W015_Map.tif (Caused by NameResolutionError("HTTPSConnection(host='esa-worldcover.s3.eu-central-1.amazonaws.com', port=443): Failed to resolve 'esa-worldcover.s3.eu-central-1.amazonaws.com' ([Errno 11001] getaddrinfo failed)"))
[17:57:41]       tile N27W012: attempt 1 failed (ConnectionError: HTTPSConnectionPool(host='esa-worldcover.s3.eu-central-1.amazonaws.com', port=443): Max retries exceeded with url: /v200/2021/map/ESA_WorldCover_10m_2021_v200_N27W012_Map.tif (Caused by NameResolutionError("HTTPSConnection(host='esa-worldcover.s3.eu-central-1.amazonaws.com', port=443): Failed to resolve 'esa-worldcover.s3.eu-central-1.amazonaws.com' ([Errno 11001] getaddrinfo failed)"))) — retry in 2s
[17:57:43]       tile N27W012: attempt 2 failed (ConnectionError: HTTPSConnectionPool(host='esa-worldcover.s3.eu-central-1.amazonaws.com', port=443): Max retries exceeded with url: /v200/2021/map/ESA_WorldCover_10m_2021_v200_N27W012_Map.tif (Caused by NameResolutionError("HTTPSConnection(host='esa-worldcover.s3.eu-central-1.amazonaws.com', port=443): Failed to resolve 'esa-worldcover.s3.eu-central-1.amazonaws.com' ([Errno 11001] getaddrinfo failed)"))) — retry in 4s
[17:57:47]       WARNING: tile N27W012 failed after 3 attempts — HTTPSConnectionPool(host='esa-worldcover.s3.eu-central-1.amazonaws.com', port=443): Max retries exceeded with url: /v200/2021/map/ESA_WorldCover_10m_2021_v200_N27W012_Map.tif (Caused by NameResolutionError("HTTPSConnection(host='esa-worldcover.s3.eu-central-1.amazonaws.com', port=443): Failed to resolve 'esa-worldcover.s3.eu-central-1.amazonaws.com' ([Errno 11001] getaddrinfo failed)"))
[17:57:47]       tile N27W009: attempt 1 failed (ConnectionError: HTTPSConnectionPool(host='esa-worldcover.s3.eu-central-1.amazonaws.com', port=443): Max retries exceeded with url: /v200/2021/map/ESA_WorldCover_10m_2021_v200_N27W009_Map.tif (Caused by NameResolutionError("HTTPSConnection(host='esa-worldcover.s3.eu-central-1.amazonaws.com', port=443): Failed to resolve 'esa-worldcover.s3.eu-central-1.amazonaws.com' ([Errno 11001] getaddrinfo failed)"))) — retry in 2s
[17:57:49]       tile N27W009: attempt 2 failed (ConnectionError: HTTPSConnectionPool(host='esa-worldcover.s3.eu-central-1.amazonaws.com', port=443): Max retries exceeded with url: /v200/2021/map/ESA_WorldCover_10m_2021_v200_N27W009_Map.tif (Caused by NameResolutionError("HTTPSConnection(host='esa-worldcover.s3.eu-central-1.amazonaws.com', port=443): Failed to resolve 'esa-worldcover.s3.eu-central-1.amazonaws.com' ([Errno 11001] getaddrinfo failed)"))) — retry in 4s
[17:57:53]       WARNING: tile N27W009 failed after 3 attempts — HTTPSConnectionPool(host='esa-worldcover.s3.eu-central-1.amazonaws.com', port=443): Max retries exceeded with url: /v200/2021/map/ESA_WorldCover_10m_2021_v200_N27W009_Map.tif (Caused by NameResolutionError("HTTPSConnection(host='esa-worldcover.s3.eu-central-1.amazonaws.com', port=443): Failed to resolve 'esa-worldcover.s3.eu-central-1.amazonaws.com' ([Errno 11001] getaddrinfo failed)"))
[17:57:53]       tile N27W006: attempt 1 failed (ConnectionError: HTTPSConnectionPool(host='esa-worldcover.s3.eu-central-1.amazonaws.com', port=443): Max retries exceeded with url: /v200/2021/map/ESA_WorldCover_10m_2021_v200_N27W006_Map.tif (Caused by NameResolutionError("HTTPSConnection(host='esa-worldcover.s3.eu-central-1.amazonaws.com', port=443): Failed to resolve 'esa-worldcover.s3.eu-central-1.amazonaws.com' ([Errno 11001] getaddrinfo failed)"))) — retry in 2s
[17:57:55]       tile N27W006: attempt 2 failed (ConnectionError: HTTPSConnectionPool(host='esa-worldcover.s3.eu-central-1.amazonaws.com', port=443): Max retries exceeded with url: /v200/2021/map/ESA_WorldCover_10m_2021_v200_N27W006_Map.tif (Caused by NameResolutionError("HTTPSConnection(host='esa-worldcover.s3.eu-central-1.amazonaws.com', port=443): Failed to resolve 'esa-worldcover.s3.eu-central-1.amazonaws.com' ([Errno 11001] getaddrinfo failed)"))) — retry in 4s
[17:57:59]       WARNING: tile N27W006 failed after 3 attempts — HTTPSConnectionPool(host='esa-worldcover.s3.eu-central-1.amazonaws.com', port=443): Max retries exceeded with url: /v200/2021/map/ESA_WorldCover_10m_2021_v200_N27W006_Map.tif (Caused by NameResolutionError("HTTPSConnection(host='esa-worldcover.s3.eu-central-1.amazonaws.com', port=443): Failed to resolve 'esa-worldcover.s3.eu-central-1.amazonaws.com' ([Errno 11001] getaddrinfo failed)"))
[17:57:59]       tile N27W003: attempt 1 failed (ConnectionError: HTTPSConnectionPool(host='esa-worldcover.s3.eu-central-1.amazonaws.com', port=443): Max retries exceeded with url: /v200/2021/map/ESA_WorldCover_10m_2021_v200_N27W003_Map.tif (Caused by NameResolutionError("HTTPSConnection(host='esa-worldcover.s3.eu-central-1.amazonaws.com', port=443): Failed to resolve 'esa-worldcover.s3.eu-central-1.amazonaws.com' ([Errno 11001] getaddrinfo failed)"))) — retry in 2s
[17:58:01]       tile N27W003: attempt 2 failed (ConnectionError: HTTPSConnectionPool(host='esa-worldcover.s3.eu-central-1.amazonaws.com', port=443): Max retries exceeded with url: /v200/2021/map/ESA_WorldCover_10m_2021_v200_N27W003_Map.tif (Caused by NameResolutionError("HTTPSConnection(host='esa-worldcover.s3.eu-central-1.amazonaws.com', port=443): Failed to resolve 'esa-worldcover.s3.eu-central-1.amazonaws.com' ([Errno 11001] getaddrinfo failed)"))) — retry in 4s
[17:58:05]       WARNING: tile N27W003 failed after 3 attempts — HTTPSConnectionPool(host='esa-worldcover.s3.eu-central-1.amazonaws.com', port=443): Max retries exceeded with url: /v200/2021/map/ESA_WorldCover_10m_2021_v200_N27W003_Map.tif (Caused by NameResolutionError("HTTPSConnection(host='esa-worldcover.s3.eu-central-1.amazonaws.com', port=443): Failed to resolve 'esa-worldcover.s3.eu-central-1.amazonaws.com' ([Errno 11001] getaddrinfo failed)"))
[17:58:05]       tile N27E000: attempt 1 failed (ConnectionError: HTTPSConnectionPool(host='esa-worldcover.s3.eu-central-1.amazonaws.com', port=443): Max retries exceeded with url: /v200/2021/map/ESA_WorldCover_10m_2021_v200_N27E000_Map.tif (Caused by NameResolutionError("HTTPSConnection(host='esa-worldcover.s3.eu-central-1.amazonaws.com', port=443): Failed to resolve 'esa-worldcover.s3.eu-central-1.amazonaws.com' ([Errno 11001] getaddrinfo failed)"))) — retry in 2s
[17:58:07]       tile N27E000: attempt 2 failed (ConnectionError: HTTPSConnectionPool(host='esa-worldcover.s3.eu-central-1.amazonaws.com', port=443): Max retries exceeded with url: /v200/2021/map/ESA_WorldCover_10m_2021_v200_N27E000_Map.tif (Caused by NameResolutionError("HTTPSConnection(host='esa-worldcover.s3.eu-central-1.amazonaws.com', port=443): Failed to resolve 'esa-worldcover.s3.eu-central-1.amazonaws.com' ([Errno 11001] getaddrinfo failed)"))) — retry in 4s
[17:58:11]       WARNING: tile N27E000 failed after 3 attempts — HTTPSConnectionPool(host='esa-worldcover.s3.eu-central-1.amazonaws.com', port=443): Max retries exceeded with url: /v200/2021/map/ESA_WorldCover_10m_2021_v200_N27E000_Map.tif (Caused by NameResolutionError("HTTPSConnection(host='esa-worldcover.s3.eu-central-1.amazonaws.com', port=443): Failed to resolve 'esa-worldcover.s3.eu-central-1.amazonaws.com' ([Errno 11001] getaddrinfo failed)"))
[17:58:11]       tile N27E003: attempt 1 failed (ConnectionError: HTTPSConnectionPool(host='esa-worldcover.s3.eu-central-1.amazonaws.com', port=443): Max retries exceeded with url: /v200/2021/map/ESA_WorldCover_10m_2021_v200_N27E003_Map.tif (Caused by NameResolutionError("HTTPSConnection(host='esa-worldcover.s3.eu-central-1.amazonaws.com', port=443): Failed to resolve 'esa-worldcover.s3.eu-central-1.amazonaws.com' ([Errno 11001] getaddrinfo failed)"))) — retry in 2s
[17:58:13]       tile N27E003: attempt 2 failed (ConnectionError: HTTPSConnectionPool(host='esa-worldcover.s3.eu-central-1.amazonaws.com', port=443): Max retries exceeded with url: /v200/2021/map/ESA_WorldCover_10m_2021_v200_N27E003_Map.tif (Caused by NameResolutionError("HTTPSConnection(host='esa-worldcover.s3.eu-central-1.amazonaws.com', port=443): Failed to resolve 'esa-worldcover.s3.eu-central-1.amazonaws.com' ([Errno 11001] getaddrinfo failed)"))) — retry in 4s
[17:58:17]       WARNING: tile N27E003 failed after 3 attempts — HTTPSConnectionPool(host='esa-worldcover.s3.eu-central-1.amazonaws.com', port=443): Max retries exceeded with url: /v200/2021/map/ESA_WorldCover_10m_2021_v200_N27E003_Map.tif (Caused by NameResolutionError("HTTPSConnection(host='esa-worldcover.s3.eu-central-1.amazonaws.com', port=443): Failed to resolve 'esa-worldcover.s3.eu-central-1.amazonaws.com' ([Errno 11001] getaddrinfo failed)"))
[17:58:17]     tiles with data: 10
[17:58:18]               tile N12W015: clipped (3171×14845 px)
[17:59:10]               tile N12W012: clipped (36000×36000 px)
[18:00:13]               tile N12W009: clipped (36000×36000 px)
[21:07:24]               tile N12W006: clipped (36000×36000 px)
[21:07:49]               tile N12W003: clipped (36000×16508 px)
[21:07:51]               tile N12E000: clipped (11802×1070 px)
[21:08:47]               tile N15E000: clipped (36000×36000 px)
[21:09:02]               tile N15E003: clipped (14829×31932 px)
[21:09:09]     ERROR: clip-mosaic failed — Unable to allocate 13.3 GiB for an array with shape (1, 72000, 198000) and data type uint8
[21:09:09] 
[48/54] Angola
[21:09:09]     bbox [11.67, -18.03, 24.06, -4.39]
[21:09:09]     tiles to check: 36
[21:09:09]       tile S18E009: attempt 1 failed (ConnectionError: HTTPSConnectionPool(host='esa-worldcover.s3.eu-central-1.amazonaws.com', port=443): Max retries exceeded with url: /v200/2021/map/ESA_WorldCover_10m_2021_v200_S18E009_Map.tif (Caused by NameResolutionError("HTTPSConnection(host='esa-worldcover.s3.eu-central-1.amazonaws.com', port=443): Failed to resolve 'esa-worldcover.s3.eu-central-1.amazonaws.com' ([Errno 11001] getaddrinfo failed)"))) — retry in 2s
[21:09:11]       tile S18E009: attempt 2 failed (ConnectionError: HTTPSConnectionPool(host='esa-worldcover.s3.eu-central-1.amazonaws.com', port=443): Max retries exceeded with url: /v200/2021/map/ESA_WorldCover_10m_2021_v200_S18E009_Map.tif (Caused by NameResolutionError("HTTPSConnection(host='esa-worldcover.s3.eu-central-1.amazonaws.com', port=443): Failed to resolve 'esa-worldcover.s3.eu-central-1.amazonaws.com' ([Errno 11001] getaddrinfo failed)"))) — retry in 4s
[21:09:15]       WARNING: tile S18E009 failed after 3 attempts — HTTPSConnectionPool(host='esa-worldcover.s3.eu-central-1.amazonaws.com', port=443): Max retries exceeded with url: /v200/2021/map/ESA_WorldCover_10m_2021_v200_S18E009_Map.tif (Caused by NameResolutionError("HTTPSConnection(host='esa-worldcover.s3.eu-central-1.amazonaws.com', port=443): Failed to resolve 'esa-worldcover.s3.eu-central-1.amazonaws.com' ([Errno 11001] getaddrinfo failed)"))
[21:09:15]       tile S18E012: attempt 1 failed (ConnectionError: HTTPSConnectionPool(host='esa-worldcover.s3.eu-central-1.amazonaws.com', port=443): Max retries exceeded with url: /v200/2021/map/ESA_WorldCover_10m_2021_v200_S18E012_Map.tif (Caused by NameResolutionError("HTTPSConnection(host='esa-worldcover.s3.eu-central-1.amazonaws.com', port=443): Failed to resolve 'esa-worldcover.s3.eu-central-1.amazonaws.com' ([Errno 11001] getaddrinfo failed)"))) — retry in 2s
[21:09:17]       tile S18E012: attempt 2 failed (ConnectionError: HTTPSConnectionPool(host='esa-worldcover.s3.eu-central-1.amazonaws.com', port=443): Max retries exceeded with url: /v200/2021/map/ESA_WorldCover_10m_2021_v200_S18E012_Map.tif (Caused by NameResolutionError("HTTPSConnection(host='esa-worldcover.s3.eu-central-1.amazonaws.com', port=443): Failed to resolve 'esa-worldcover.s3.eu-central-1.amazonaws.com' ([Errno 11001] getaddrinfo failed)"))) — retry in 4s
[21:09:21]       WARNING: tile S18E012 failed after 3 attempts — HTTPSConnectionPool(host='esa-worldcover.s3.eu-central-1.amazonaws.com', port=443): Max retries exceeded with url: /v200/2021/map/ESA_WorldCover_10m_2021_v200_S18E012_Map.tif (Caused by NameResolutionError("HTTPSConnection(host='esa-worldcover.s3.eu-central-1.amazonaws.com', port=443): Failed to resolve 'esa-worldcover.s3.eu-central-1.amazonaws.com' ([Errno 11001] getaddrinfo failed)"))
[21:09:21]       tile S18E015: attempt 1 failed (ConnectionError: HTTPSConnectionPool(host='esa-worldcover.s3.eu-central-1.amazonaws.com', port=443): Max retries exceeded with url: /v200/2021/map/ESA_WorldCover_10m_2021_v200_S18E015_Map.tif (Caused by NameResolutionError("HTTPSConnection(host='esa-worldcover.s3.eu-central-1.amazonaws.com', port=443): Failed to resolve 'esa-worldcover.s3.eu-central-1.amazonaws.com' ([Errno 11001] getaddrinfo failed)"))) — retry in 2s
[21:09:23]       tile S18E015: attempt 2 failed (ConnectionError: HTTPSConnectionPool(host='esa-worldcover.s3.eu-central-1.amazonaws.com', port=443): Max retries exceeded with url: /v200/2021/map/ESA_WorldCover_10m_2021_v200_S18E015_Map.tif (Caused by NameResolutionError("HTTPSConnection(host='esa-worldcover.s3.eu-central-1.amazonaws.com', port=443): Failed to resolve 'esa-worldcover.s3.eu-central-1.amazonaws.com' ([Errno 11001] getaddrinfo failed)"))) — retry in 4s
[21:09:27]       WARNING: tile S18E015 failed after 3 attempts — HTTPSConnectionPool(host='esa-worldcover.s3.eu-central-1.amazonaws.com', port=443): Max retries exceeded with url: /v200/2021/map/ESA_WorldCover_10m_2021_v200_S18E015_Map.tif (Caused by NameResolutionError("HTTPSConnection(host='esa-worldcover.s3.eu-central-1.amazonaws.com', port=443): Failed to resolve 'esa-worldcover.s3.eu-central-1.amazonaws.com' ([Errno 11001] getaddrinfo failed)"))
[21:09:27]       tile S15E009: attempt 1 failed (ConnectionError: HTTPSConnectionPool(host='esa-worldcover.s3.eu-central-1.amazonaws.com', port=443): Max retries exceeded with url: /v200/2021/map/ESA_WorldCover_10m_2021_v200_S15E009_Map.tif (Caused by NameResolutionError("HTTPSConnection(host='esa-worldcover.s3.eu-central-1.amazonaws.com', port=443): Failed to resolve 'esa-worldcover.s3.eu-central-1.amazonaws.com' ([Errno 11001] getaddrinfo failed)"))) — retry in 2s
[21:09:29]       tile S15E009: attempt 2 failed (ConnectionError: HTTPSConnectionPool(host='esa-worldcover.s3.eu-central-1.amazonaws.com', port=443): Max retries exceeded with url: /v200/2021/map/ESA_WorldCover_10m_2021_v200_S15E009_Map.tif (Caused by NameResolutionError("HTTPSConnection(host='esa-worldcover.s3.eu-central-1.amazonaws.com', port=443): Failed to resolve 'esa-worldcover.s3.eu-central-1.amazonaws.com' ([Errno 11001] getaddrinfo failed)"))) — retry in 4s
[21:09:33]       WARNING: tile S15E009 failed after 3 attempts — HTTPSConnectionPool(host='esa-worldcover.s3.eu-central-1.amazonaws.com', port=443): Max retries exceeded with url: /v200/2021/map/ESA_WorldCover_10m_2021_v200_S15E009_Map.tif (Caused by NameResolutionError("HTTPSConnection(host='esa-worldcover.s3.eu-central-1.amazonaws.com', port=443): Failed to resolve 'esa-worldcover.s3.eu-central-1.amazonaws.com' ([Errno 11001] getaddrinfo failed)"))
[21:09:33]       tile S15E012: attempt 1 failed (ConnectionError: HTTPSConnectionPool(host='esa-worldcover.s3.eu-central-1.amazonaws.com', port=443): Max retries exceeded with url: /v200/2021/map/ESA_WorldCover_10m_2021_v200_S15E012_Map.tif (Caused by NameResolutionError("HTTPSConnection(host='esa-worldcover.s3.eu-central-1.amazonaws.com', port=443): Failed to resolve 'esa-worldcover.s3.eu-central-1.amazonaws.com' ([Errno 11001] getaddrinfo failed)"))) — retry in 2s
[21:09:35]       tile S15E012: attempt 2 failed (ConnectionError: HTTPSConnectionPool(host='esa-worldcover.s3.eu-central-1.amazonaws.com', port=443): Max retries exceeded with url: /v200/2021/map/ESA_WorldCover_10m_2021_v200_S15E012_Map.tif (Caused by NameResolutionError("HTTPSConnection(host='esa-worldcover.s3.eu-central-1.amazonaws.com', port=443): Failed to resolve 'esa-worldcover.s3.eu-central-1.amazonaws.com' ([Errno 11001] getaddrinfo failed)"))) — retry in 4s
[21:09:39]       WARNING: tile S15E012 failed after 3 attempts — HTTPSConnectionPool(host='esa-worldcover.s3.eu-central-1.amazonaws.com', port=443): Max retries exceeded with url: /v200/2021/map/ESA_WorldCover_10m_2021_v200_S15E012_Map.tif (Caused by NameResolutionError("HTTPSConnection(host='esa-worldcover.s3.eu-central-1.amazonaws.com', port=443): Failed to resolve 'esa-worldcover.s3.eu-central-1.amazonaws.com' ([Errno 11001] getaddrinfo failed)"))
[21:09:39]       tile S15E015: attempt 1 failed (ConnectionError: HTTPSConnectionPool(host='esa-worldcover.s3.eu-central-1.amazonaws.com', port=443): Max retries exceeded with url: /v200/2021/map/ESA_WorldCover_10m_2021_v200_S15E015_Map.tif (Caused by NameResolutionError("HTTPSConnection(host='esa-worldcover.s3.eu-central-1.amazonaws.com', port=443): Failed to resolve 'esa-worldcover.s3.eu-central-1.amazonaws.com' ([Errno 11001] getaddrinfo failed)"))) — retry in 2s
[21:09:41]       tile S15E015: attempt 2 failed (ConnectionError: HTTPSConnectionPool(host='esa-worldcover.s3.eu-central-1.amazonaws.com', port=443): Max retries exceeded with url: /v200/2021/map/ESA_WorldCover_10m_2021_v200_S15E015_Map.tif (Caused by NameResolutionError("HTTPSConnection(host='esa-worldcover.s3.eu-central-1.amazonaws.com', port=443): Failed to resolve 'esa-worldcover.s3.eu-central-1.amazonaws.com' ([Errno 11001] getaddrinfo failed)"))) — retry in 4s
[21:09:45]       WARNING: tile S15E015 failed after 3 attempts — HTTPSConnectionPool(host='esa-worldcover.s3.eu-central-1.amazonaws.com', port=443): Max retries exceeded with url: /v200/2021/map/ESA_WorldCover_10m_2021_v200_S15E015_Map.tif (Caused by NameResolutionError("HTTPSConnection(host='esa-worldcover.s3.eu-central-1.amazonaws.com', port=443): Failed to resolve 'esa-worldcover.s3.eu-central-1.amazonaws.com' ([Errno 11001] getaddrinfo failed)"))
[21:09:45]       tile S12E009: attempt 1 failed (ConnectionError: HTTPSConnectionPool(host='esa-worldcover.s3.eu-central-1.amazonaws.com', port=443): Max retries exceeded with url: /v200/2021/map/ESA_WorldCover_10m_2021_v200_S12E009_Map.tif (Caused by NameResolutionError("HTTPSConnection(host='esa-worldcover.s3.eu-central-1.amazonaws.com', port=443): Failed to resolve 'esa-worldcover.s3.eu-central-1.amazonaws.com' ([Errno 11001] getaddrinfo failed)"))) — retry in 2s
[21:09:47]       tile S12E009: attempt 2 failed (ConnectionError: HTTPSConnectionPool(host='esa-worldcover.s3.eu-central-1.amazonaws.com', port=443): Max retries exceeded with url: /v200/2021/map/ESA_WorldCover_10m_2021_v200_S12E009_Map.tif (Caused by NameResolutionError("HTTPSConnection(host='esa-worldcover.s3.eu-central-1.amazonaws.com', port=443): Failed to resolve 'esa-worldcover.s3.eu-central-1.amazonaws.com' ([Errno 11001] getaddrinfo failed)"))) — retry in 4s
[21:09:51]       WARNING: tile S12E009 failed after 3 attempts — HTTPSConnectionPool(host='esa-worldcover.s3.eu-central-1.amazonaws.com', port=443): Max retries exceeded with url: /v200/2021/map/ESA_WorldCover_10m_2021_v200_S12E009_Map.tif (Caused by NameResolutionError("HTTPSConnection(host='esa-worldcover.s3.eu-central-1.amazonaws.com', port=443): Failed to resolve 'esa-worldcover.s3.eu-central-1.amazonaws.com' ([Errno 11001] getaddrinfo failed)"))
[21:09:51]       tile S12E012: attempt 1 failed (ConnectionError: HTTPSConnectionPool(host='esa-worldcover.s3.eu-central-1.amazonaws.com', port=443): Max retries exceeded with url: /v200/2021/map/ESA_WorldCover_10m_2021_v200_S12E012_Map.tif (Caused by NameResolutionError("HTTPSConnection(host='esa-worldcover.s3.eu-central-1.amazonaws.com', port=443): Failed to resolve 'esa-worldcover.s3.eu-central-1.amazonaws.com' ([Errno 11001] getaddrinfo failed)"))) — retry in 2s
[21:09:53]       tile S12E012: attempt 2 failed (ConnectionError: HTTPSConnectionPool(host='esa-worldcover.s3.eu-central-1.amazonaws.com', port=443): Max retries exceeded with url: /v200/2021/map/ESA_WorldCover_10m_2021_v200_S12E012_Map.tif (Caused by NameResolutionError("HTTPSConnection(host='esa-worldcover.s3.eu-central-1.amazonaws.com', port=443): Failed to resolve 'esa-worldcover.s3.eu-central-1.amazonaws.com' ([Errno 11001] getaddrinfo failed)"))) — retry in 4s
[21:09:57]       WARNING: tile S12E012 failed after 3 attempts — HTTPSConnectionPool(host='esa-worldcover.s3.eu-central-1.amazonaws.com', port=443): Max retries exceeded with url: /v200/2021/map/ESA_WorldCover_10m_2021_v200_S12E012_Map.tif (Caused by NameResolutionError("HTTPSConnection(host='esa-worldcover.s3.eu-central-1.amazonaws.com', port=443): Failed to resolve 'esa-worldcover.s3.eu-central-1.amazonaws.com' ([Errno 11001] getaddrinfo failed)"))
[21:09:57]       tile S12E015: attempt 1 failed (ConnectionError: HTTPSConnectionPool(host='esa-worldcover.s3.eu-central-1.amazonaws.com', port=443): Max retries exceeded with url: /v200/2021/map/ESA_WorldCover_10m_2021_v200_S12E015_Map.tif (Caused by NameResolutionError("HTTPSConnection(host='esa-worldcover.s3.eu-central-1.amazonaws.com', port=443): Failed to resolve 'esa-worldcover.s3.eu-central-1.amazonaws.com' ([Errno 11001] getaddrinfo failed)"))) — retry in 2s
[21:09:59]       tile S12E015: attempt 2 failed (ConnectionError: HTTPSConnectionPool(host='esa-worldcover.s3.eu-central-1.amazonaws.com', port=443): Max retries exceeded with url: /v200/2021/map/ESA_WorldCover_10m_2021_v200_S12E015_Map.tif (Caused by NameResolutionError("HTTPSConnection(host='esa-worldcover.s3.eu-central-1.amazonaws.com', port=443): Failed to resolve 'esa-worldcover.s3.eu-central-1.amazonaws.com' ([Errno 11001] getaddrinfo failed)"))) — retry in 4s
[21:10:03]       WARNING: tile S12E015 failed after 3 attempts — HTTPSConnectionPool(host='esa-worldcover.s3.eu-central-1.amazonaws.com', port=443): Max retries exceeded with url: /v200/2021/map/ESA_WorldCover_10m_2021_v200_S12E015_Map.tif (Caused by NameResolutionError("HTTPSConnection(host='esa-worldcover.s3.eu-central-1.amazonaws.com', port=443): Failed to resolve 'esa-worldcover.s3.eu-central-1.amazonaws.com' ([Errno 11001] getaddrinfo failed)"))
[21:10:03]       tile S12E018: attempt 1 failed (ConnectionError: HTTPSConnectionPool(host='esa-worldcover.s3.eu-central-1.amazonaws.com', port=443): Max retries exceeded with url: /v200/2021/map/ESA_WorldCover_10m_2021_v200_S12E018_Map.tif (Caused by NameResolutionError("HTTPSConnection(host='esa-worldcover.s3.eu-central-1.amazonaws.com', port=443): Failed to resolve 'esa-worldcover.s3.eu-central-1.amazonaws.com' ([Errno 11001] getaddrinfo failed)"))) — retry in 2s
[21:10:05]       tile S12E018: attempt 2 failed (ConnectionError: HTTPSConnectionPool(host='esa-worldcover.s3.eu-central-1.amazonaws.com', port=443): Max retries exceeded with url: /v200/2021/map/ESA_WorldCover_10m_2021_v200_S12E018_Map.tif (Caused by NameResolutionError("HTTPSConnection(host='esa-worldcover.s3.eu-central-1.amazonaws.com', port=443): Failed to resolve 'esa-worldcover.s3.eu-central-1.amazonaws.com' ([Errno 11001] getaddrinfo failed)"))) — retry in 4s
[21:10:09]       WARNING: tile S12E018 failed after 3 attempts — HTTPSConnectionPool(host='esa-worldcover.s3.eu-central-1.amazonaws.com', port=443): Max retries exceeded with url: /v200/2021/map/ESA_WorldCover_10m_2021_v200_S12E018_Map.tif (Caused by NameResolutionError("HTTPSConnection(host='esa-worldcover.s3.eu-central-1.amazonaws.com', port=443): Failed to resolve 'esa-worldcover.s3.eu-central-1.amazonaws.com' ([Errno 11001] getaddrinfo failed)"))
[21:10:09]       tile S12E021: attempt 1 failed (ConnectionError: HTTPSConnectionPool(host='esa-worldcover.s3.eu-central-1.amazonaws.com', port=443): Max retries exceeded with url: /v200/2021/map/ESA_WorldCover_10m_2021_v200_S12E021_Map.tif (Caused by NameResolutionError("HTTPSConnection(host='esa-worldcover.s3.eu-central-1.amazonaws.com', port=443): Failed to resolve 'esa-worldcover.s3.eu-central-1.amazonaws.com' ([Errno 11001] getaddrinfo failed)"))) — retry in 2s
[21:10:11]       tile S12E021: attempt 2 failed (ConnectionError: HTTPSConnectionPool(host='esa-worldcover.s3.eu-central-1.amazonaws.com', port=443): Max retries exceeded with url: /v200/2021/map/ESA_WorldCover_10m_2021_v200_S12E021_Map.tif (Caused by NameResolutionError("HTTPSConnection(host='esa-worldcover.s3.eu-central-1.amazonaws.com', port=443): Failed to resolve 'esa-worldcover.s3.eu-central-1.amazonaws.com' ([Errno 11001] getaddrinfo failed)"))) — retry in 4s
[21:10:15]       WARNING: tile S12E021 failed after 3 attempts — HTTPSConnectionPool(host='esa-worldcover.s3.eu-central-1.amazonaws.com', port=443): Max retries exceeded with url: /v200/2021/map/ESA_WorldCover_10m_2021_v200_S12E021_Map.tif (Caused by NameResolutionError("HTTPSConnection(host='esa-worldcover.s3.eu-central-1.amazonaws.com', port=443): Failed to resolve 'esa-worldcover.s3.eu-central-1.amazonaws.com' ([Errno 11001] getaddrinfo failed)"))
[21:10:15]       tile S12E024: attempt 1 failed (ConnectionError: HTTPSConnectionPool(host='esa-worldcover.s3.eu-central-1.amazonaws.com', port=443): Max retries exceeded with url: /v200/2021/map/ESA_WorldCover_10m_2021_v200_S12E024_Map.tif (Caused by NameResolutionError("HTTPSConnection(host='esa-worldcover.s3.eu-central-1.amazonaws.com', port=443): Failed to resolve 'esa-worldcover.s3.eu-central-1.amazonaws.com' ([Errno 11001] getaddrinfo failed)"))) — retry in 2s
[21:10:17]       tile S12E024: attempt 2 failed (ConnectionError: HTTPSConnectionPool(host='esa-worldcover.s3.eu-central-1.amazonaws.com', port=443): Max retries exceeded with url: /v200/2021/map/ESA_WorldCover_10m_2021_v200_S12E024_Map.tif (Caused by NameResolutionError("HTTPSConnection(host='esa-worldcover.s3.eu-central-1.amazonaws.com', port=443): Failed to resolve 'esa-worldcover.s3.eu-central-1.amazonaws.com' ([Errno 11001] getaddrinfo failed)"))) — retry in 4s
[21:10:21]       WARNING: tile S12E024 failed after 3 attempts — HTTPSConnectionPool(host='esa-worldcover.s3.eu-central-1.amazonaws.com', port=443): Max retries exceeded with url: /v200/2021/map/ESA_WorldCover_10m_2021_v200_S12E024_Map.tif (Caused by NameResolutionError("HTTPSConnection(host='esa-worldcover.s3.eu-central-1.amazonaws.com', port=443): Failed to resolve 'esa-worldcover.s3.eu-central-1.amazonaws.com' ([Errno 11001] getaddrinfo failed)"))
[21:10:21]       tile S09E009: attempt 1 failed (ConnectionError: HTTPSConnectionPool(host='esa-worldcover.s3.eu-central-1.amazonaws.com', port=443): Max retries exceeded with url: /v200/2021/map/ESA_WorldCover_10m_2021_v200_S09E009_Map.tif (Caused by NameResolutionError("HTTPSConnection(host='esa-worldcover.s3.eu-central-1.amazonaws.com', port=443): Failed to resolve 'esa-worldcover.s3.eu-central-1.amazonaws.com' ([Errno 11001] getaddrinfo failed)"))) — retry in 2s
[21:10:23]       tile S09E009: attempt 2 failed (ConnectionError: HTTPSConnectionPool(host='esa-worldcover.s3.eu-central-1.amazonaws.com', port=443): Max retries exceeded with url: /v200/2021/map/ESA_WorldCover_10m_2021_v200_S09E009_Map.tif (Caused by NameResolutionError("HTTPSConnection(host='esa-worldcover.s3.eu-central-1.amazonaws.com', port=443): Failed to resolve 'esa-worldcover.s3.eu-central-1.amazonaws.com' ([Errno 11001] getaddrinfo failed)"))) — retry in 4s
[21:10:27]       WARNING: tile S09E009 failed after 3 attempts — HTTPSConnectionPool(host='esa-worldcover.s3.eu-central-1.amazonaws.com', port=443): Max retries exceeded with url: /v200/2021/map/ESA_WorldCover_10m_2021_v200_S09E009_Map.tif (Caused by NameResolutionError("HTTPSConnection(host='esa-worldcover.s3.eu-central-1.amazonaws.com', port=443): Failed to resolve 'esa-worldcover.s3.eu-central-1.amazonaws.com' ([Errno 11001] getaddrinfo failed)"))
[21:10:27]       tile S09E012: attempt 1 failed (ConnectionError: HTTPSConnectionPool(host='esa-worldcover.s3.eu-central-1.amazonaws.com', port=443): Max retries exceeded with url: /v200/2021/map/ESA_WorldCover_10m_2021_v200_S09E012_Map.tif (Caused by NameResolutionError("HTTPSConnection(host='esa-worldcover.s3.eu-central-1.amazonaws.com', port=443): Failed to resolve 'esa-worldcover.s3.eu-central-1.amazonaws.com' ([Errno 11001] getaddrinfo failed)"))) — retry in 2s
[21:10:29]       tile S09E012: attempt 2 failed (ConnectionError: HTTPSConnectionPool(host='esa-worldcover.s3.eu-central-1.amazonaws.com', port=443): Max retries exceeded with url: /v200/2021/map/ESA_WorldCover_10m_2021_v200_S09E012_Map.tif (Caused by NameResolutionError("HTTPSConnection(host='esa-worldcover.s3.eu-central-1.amazonaws.com', port=443): Failed to resolve 'esa-worldcover.s3.eu-central-1.amazonaws.com' ([Errno 11001] getaddrinfo failed)"))) — retry in 4s
[21:10:33]       WARNING: tile S09E012 failed after 3 attempts — HTTPSConnectionPool(host='esa-worldcover.s3.eu-central-1.amazonaws.com', port=443): Max retries exceeded with url: /v200/2021/map/ESA_WorldCover_10m_2021_v200_S09E012_Map.tif (Caused by NameResolutionError("HTTPSConnection(host='esa-worldcover.s3.eu-central-1.amazonaws.com', port=443): Failed to resolve 'esa-worldcover.s3.eu-central-1.amazonaws.com' ([Errno 11001] getaddrinfo failed)"))
[21:10:33]       tile S09E015: attempt 1 failed (ConnectionError: HTTPSConnectionPool(host='esa-worldcover.s3.eu-central-1.amazonaws.com', port=443): Max retries exceeded with url: /v200/2021/map/ESA_WorldCover_10m_2021_v200_S09E015_Map.tif (Caused by NameResolutionError("HTTPSConnection(host='esa-worldcover.s3.eu-central-1.amazonaws.com', port=443): Failed to resolve 'esa-worldcover.s3.eu-central-1.amazonaws.com' ([Errno 11001] getaddrinfo failed)"))) — retry in 2s
[21:10:35]       tile S09E015: attempt 2 failed (ConnectionError: HTTPSConnectionPool(host='esa-worldcover.s3.eu-central-1.amazonaws.com', port=443): Max retries exceeded with url: /v200/2021/map/ESA_WorldCover_10m_2021_v200_S09E015_Map.tif (Caused by NameResolutionError("HTTPSConnection(host='esa-worldcover.s3.eu-central-1.amazonaws.com', port=443): Failed to resolve 'esa-worldcover.s3.eu-central-1.amazonaws.com' ([Errno 11001] getaddrinfo failed)"))) — retry in 4s
[21:10:39]       WARNING: tile S09E015 failed after 3 attempts — HTTPSConnectionPool(host='esa-worldcover.s3.eu-central-1.amazonaws.com', port=443): Max retries exceeded with url: /v200/2021/map/ESA_WorldCover_10m_2021_v200_S09E015_Map.tif (Caused by NameResolutionError("HTTPSConnection(host='esa-worldcover.s3.eu-central-1.amazonaws.com', port=443): Failed to resolve 'esa-worldcover.s3.eu-central-1.amazonaws.com' ([Errno 11001] getaddrinfo failed)"))
[21:10:39]       tile S09E018: attempt 1 failed (ConnectionError: HTTPSConnectionPool(host='esa-worldcover.s3.eu-central-1.amazonaws.com', port=443): Max retries exceeded with url: /v200/2021/map/ESA_WorldCover_10m_2021_v200_S09E018_Map.tif (Caused by NameResolutionError("HTTPSConnection(host='esa-worldcover.s3.eu-central-1.amazonaws.com', port=443): Failed to resolve 'esa-worldcover.s3.eu-central-1.amazonaws.com' ([Errno 11001] getaddrinfo failed)"))) — retry in 2s
[21:10:41]       tile S09E018: attempt 2 failed (ConnectionError: HTTPSConnectionPool(host='esa-worldcover.s3.eu-central-1.amazonaws.com', port=443): Max retries exceeded with url: /v200/2021/map/ESA_WorldCover_10m_2021_v200_S09E018_Map.tif (Caused by NameResolutionError("HTTPSConnection(host='esa-worldcover.s3.eu-central-1.amazonaws.com', port=443): Failed to resolve 'esa-worldcover.s3.eu-central-1.amazonaws.com' ([Errno 11001] getaddrinfo failed)"))) — retry in 4s
[21:10:45]       WARNING: tile S09E018 failed after 3 attempts — HTTPSConnectionPool(host='esa-worldcover.s3.eu-central-1.amazonaws.com', port=443): Max retries exceeded with url: /v200/2021/map/ESA_WorldCover_10m_2021_v200_S09E018_Map.tif (Caused by NameResolutionError("HTTPSConnection(host='esa-worldcover.s3.eu-central-1.amazonaws.com', port=443): Failed to resolve 'esa-worldcover.s3.eu-central-1.amazonaws.com' ([Errno 11001] getaddrinfo failed)"))
[21:10:45]       tile S09E021: attempt 1 failed (ConnectionError: HTTPSConnectionPool(host='esa-worldcover.s3.eu-central-1.amazonaws.com', port=443): Max retries exceeded with url: /v200/2021/map/ESA_WorldCover_10m_2021_v200_S09E021_Map.tif (Caused by NameResolutionError("HTTPSConnection(host='esa-worldcover.s3.eu-central-1.amazonaws.com', port=443): Failed to resolve 'esa-worldcover.s3.eu-central-1.amazonaws.com' ([Errno 11001] getaddrinfo failed)"))) — retry in 2s
[21:10:47]       tile S09E021: attempt 2 failed (ConnectionError: HTTPSConnectionPool(host='esa-worldcover.s3.eu-central-1.amazonaws.com', port=443): Max retries exceeded with url: /v200/2021/map/ESA_WorldCover_10m_2021_v200_S09E021_Map.tif (Caused by NameResolutionError("HTTPSConnection(host='esa-worldcover.s3.eu-central-1.amazonaws.com', port=443): Failed to resolve 'esa-worldcover.s3.eu-central-1.amazonaws.com' ([Errno 11001] getaddrinfo failed)"))) — retry in 4s
[21:10:51]       WARNING: tile S09E021 failed after 3 attempts — HTTPSConnectionPool(host='esa-worldcover.s3.eu-central-1.amazonaws.com', port=443): Max retries exceeded with url: /v200/2021/map/ESA_WorldCover_10m_2021_v200_S09E021_Map.tif (Caused by NameResolutionError("HTTPSConnection(host='esa-worldcover.s3.eu-central-1.amazonaws.com', port=443): Failed to resolve 'esa-worldcover.s3.eu-central-1.amazonaws.com' ([Errno 11001] getaddrinfo failed)"))
[21:10:51]       tile S09E024: attempt 1 failed (ConnectionError: HTTPSConnectionPool(host='esa-worldcover.s3.eu-central-1.amazonaws.com', port=443): Max retries exceeded with url: /v200/2021/map/ESA_WorldCover_10m_2021_v200_S09E024_Map.tif (Caused by NameResolutionError("HTTPSConnection(host='esa-worldcover.s3.eu-central-1.amazonaws.com', port=443): Failed to resolve 'esa-worldcover.s3.eu-central-1.amazonaws.com' ([Errno 11001] getaddrinfo failed)"))) — retry in 2s
[21:10:53]       tile S09E024: attempt 2 failed (ConnectionError: HTTPSConnectionPool(host='esa-worldcover.s3.eu-central-1.amazonaws.com', port=443): Max retries exceeded with url: /v200/2021/map/ESA_WorldCover_10m_2021_v200_S09E024_Map.tif (Caused by NameResolutionError("HTTPSConnection(host='esa-worldcover.s3.eu-central-1.amazonaws.com', port=443): Failed to resolve 'esa-worldcover.s3.eu-central-1.amazonaws.com' ([Errno 11001] getaddrinfo failed)"))) — retry in 4s
[21:10:57]       WARNING: tile S09E024 failed after 3 attempts — HTTPSConnectionPool(host='esa-worldcover.s3.eu-central-1.amazonaws.com', port=443): Max retries exceeded with url: /v200/2021/map/ESA_WorldCover_10m_2021_v200_S09E024_Map.tif (Caused by NameResolutionError("HTTPSConnection(host='esa-worldcover.s3.eu-central-1.amazonaws.com', port=443): Failed to resolve 'esa-worldcover.s3.eu-central-1.amazonaws.com' ([Errno 11001] getaddrinfo failed)"))
[21:10:57]       tile S06E009: attempt 1 failed (ConnectionError: HTTPSConnectionPool(host='esa-worldcover.s3.eu-central-1.amazonaws.com', port=443): Max retries exceeded with url: /v200/2021/map/ESA_WorldCover_10m_2021_v200_S06E009_Map.tif (Caused by NameResolutionError("HTTPSConnection(host='esa-worldcover.s3.eu-central-1.amazonaws.com', port=443): Failed to resolve 'esa-worldcover.s3.eu-central-1.amazonaws.com' ([Errno 11001] getaddrinfo failed)"))) — retry in 2s
[21:10:59]       tile S06E009: attempt 2 failed (ConnectionError: HTTPSConnectionPool(host='esa-worldcover.s3.eu-central-1.amazonaws.com', port=443): Max retries exceeded with url: /v200/2021/map/ESA_WorldCover_10m_2021_v200_S06E009_Map.tif (Caused by NameResolutionError("HTTPSConnection(host='esa-worldcover.s3.eu-central-1.amazonaws.com', port=443): Failed to resolve 'esa-worldcover.s3.eu-central-1.amazonaws.com' ([Errno 11001] getaddrinfo failed)"))) — retry in 4s
[21:11:03]       WARNING: tile S06E009 failed after 3 attempts — HTTPSConnectionPool(host='esa-worldcover.s3.eu-central-1.amazonaws.com', port=443): Max retries exceeded with url: /v200/2021/map/ESA_WorldCover_10m_2021_v200_S06E009_Map.tif (Caused by NameResolutionError("HTTPSConnection(host='esa-worldcover.s3.eu-central-1.amazonaws.com', port=443): Failed to resolve 'esa-worldcover.s3.eu-central-1.amazonaws.com' ([Errno 11001] getaddrinfo failed)"))
[21:11:03]       tile S06E012: attempt 1 failed (ConnectionError: HTTPSConnectionPool(host='esa-worldcover.s3.eu-central-1.amazonaws.com', port=443): Max retries exceeded with url: /v200/2021/map/ESA_WorldCover_10m_2021_v200_S06E012_Map.tif (Caused by NameResolutionError("HTTPSConnection(host='esa-worldcover.s3.eu-central-1.amazonaws.com', port=443): Failed to resolve 'esa-worldcover.s3.eu-central-1.amazonaws.com' ([Errno 11001] getaddrinfo failed)"))) — retry in 2s
[21:11:05]       tile S06E012: attempt 2 failed (ConnectionError: HTTPSConnectionPool(host='esa-worldcover.s3.eu-central-1.amazonaws.com', port=443): Max retries exceeded with url: /v200/2021/map/ESA_WorldCover_10m_2021_v200_S06E012_Map.tif (Caused by NameResolutionError("HTTPSConnection(host='esa-worldcover.s3.eu-central-1.amazonaws.com', port=443): Failed to resolve 'esa-worldcover.s3.eu-central-1.amazonaws.com' ([Errno 11001] getaddrinfo failed)"))) — retry in 4s
[21:11:09]       WARNING: tile S06E012 failed after 3 attempts — HTTPSConnectionPool(host='esa-worldcover.s3.eu-central-1.amazonaws.com', port=443): Max retries exceeded with url: /v200/2021/map/ESA_WorldCover_10m_2021_v200_S06E012_Map.tif (Caused by NameResolutionError("HTTPSConnection(host='esa-worldcover.s3.eu-central-1.amazonaws.com', port=443): Failed to resolve 'esa-worldcover.s3.eu-central-1.amazonaws.com' ([Errno 11001] getaddrinfo failed)"))
[21:11:09]       tile S06E015: attempt 1 failed (ConnectionError: HTTPSConnectionPool(host='esa-worldcover.s3.eu-central-1.amazonaws.com', port=443): Max retries exceeded with url: /v200/2021/map/ESA_WorldCover_10m_2021_v200_S06E015_Map.tif (Caused by NameResolutionError("HTTPSConnection(host='esa-worldcover.s3.eu-central-1.amazonaws.com', port=443): Failed to resolve 'esa-worldcover.s3.eu-central-1.amazonaws.com' ([Errno 11001] getaddrinfo failed)"))) — retry in 2s
[21:11:11]       tile S06E015: attempt 2 failed (ConnectionError: HTTPSConnectionPool(host='esa-worldcover.s3.eu-central-1.amazonaws.com', port=443): Max retries exceeded with url: /v200/2021/map/ESA_WorldCover_10m_2021_v200_S06E015_Map.tif (Caused by NameResolutionError("HTTPSConnection(host='esa-worldcover.s3.eu-central-1.amazonaws.com', port=443): Failed to resolve 'esa-worldcover.s3.eu-central-1.amazonaws.com' ([Errno 11001] getaddrinfo failed)"))) — retry in 4s
[21:11:15]       WARNING: tile S06E015 failed after 3 attempts — HTTPSConnectionPool(host='esa-worldcover.s3.eu-central-1.amazonaws.com', port=443): Max retries exceeded with url: /v200/2021/map/ESA_WorldCover_10m_2021_v200_S06E015_Map.tif (Caused by NameResolutionError("HTTPSConnection(host='esa-worldcover.s3.eu-central-1.amazonaws.com', port=443): Failed to resolve 'esa-worldcover.s3.eu-central-1.amazonaws.com' ([Errno 11001] getaddrinfo failed)"))
[21:11:15]       tile S06E018: attempt 1 failed (ConnectionError: HTTPSConnectionPool(host='esa-worldcover.s3.eu-central-1.amazonaws.com', port=443): Max retries exceeded with url: /v200/2021/map/ESA_WorldCover_10m_2021_v200_S06E018_Map.tif (Caused by NameResolutionError("HTTPSConnection(host='esa-worldcover.s3.eu-central-1.amazonaws.com', port=443): Failed to resolve 'esa-worldcover.s3.eu-central-1.amazonaws.com' ([Errno 11001] getaddrinfo failed)"))) — retry in 2s
[21:11:17]       tile S06E018: attempt 2 failed (ConnectionError: HTTPSConnectionPool(host='esa-worldcover.s3.eu-central-1.amazonaws.com', port=443): Max retries exceeded with url: /v200/2021/map/ESA_WorldCover_10m_2021_v200_S06E018_Map.tif (Caused by NameResolutionError("HTTPSConnection(host='esa-worldcover.s3.eu-central-1.amazonaws.com', port=443): Failed to resolve 'esa-worldcover.s3.eu-central-1.amazonaws.com' ([Errno 11001] getaddrinfo failed)"))) — retry in 4s
[21:11:21]       WARNING: tile S06E018 failed after 3 attempts — HTTPSConnectionPool(host='esa-worldcover.s3.eu-central-1.amazonaws.com', port=443): Max retries exceeded with url: /v200/2021/map/ESA_WorldCover_10m_2021_v200_S06E018_Map.tif (Caused by NameResolutionError("HTTPSConnection(host='esa-worldcover.s3.eu-central-1.amazonaws.com', port=443): Failed to resolve 'esa-worldcover.s3.eu-central-1.amazonaws.com' ([Errno 11001] getaddrinfo failed)"))
[21:11:21]       tile S06E021: attempt 1 failed (ConnectionError: HTTPSConnectionPool(host='esa-worldcover.s3.eu-central-1.amazonaws.com', port=443): Max retries exceeded with url: /v200/2021/map/ESA_WorldCover_10m_2021_v200_S06E021_Map.tif (Caused by NameResolutionError("HTTPSConnection(host='esa-worldcover.s3.eu-central-1.amazonaws.com', port=443): Failed to resolve 'esa-worldcover.s3.eu-central-1.amazonaws.com' ([Errno 11001] getaddrinfo failed)"))) — retry in 2s
[21:11:23]       tile S06E021: attempt 2 failed (ConnectionError: HTTPSConnectionPool(host='esa-worldcover.s3.eu-central-1.amazonaws.com', port=443): Max retries exceeded with url: /v200/2021/map/ESA_WorldCover_10m_2021_v200_S06E021_Map.tif (Caused by NameResolutionError("HTTPSConnection(host='esa-worldcover.s3.eu-central-1.amazonaws.com', port=443): Failed to resolve 'esa-worldcover.s3.eu-central-1.amazonaws.com' ([Errno 11001] getaddrinfo failed)"))) — retry in 4s
[21:11:27]       WARNING: tile S06E021 failed after 3 attempts — HTTPSConnectionPool(host='esa-worldcover.s3.eu-central-1.amazonaws.com', port=443): Max retries exceeded with url: /v200/2021/map/ESA_WorldCover_10m_2021_v200_S06E021_Map.tif (Caused by NameResolutionError("HTTPSConnection(host='esa-worldcover.s3.eu-central-1.amazonaws.com', port=443): Failed to resolve 'esa-worldcover.s3.eu-central-1.amazonaws.com' ([Errno 11001] getaddrinfo failed)"))
[21:11:27]       tile S06E024: attempt 1 failed (ConnectionError: HTTPSConnectionPool(host='esa-worldcover.s3.eu-central-1.amazonaws.com', port=443): Max retries exceeded with url: /v200/2021/map/ESA_WorldCover_10m_2021_v200_S06E024_Map.tif (Caused by NameResolutionError("HTTPSConnection(host='esa-worldcover.s3.eu-central-1.amazonaws.com', port=443): Failed to resolve 'esa-worldcover.s3.eu-central-1.amazonaws.com' ([Errno 11001] getaddrinfo failed)"))) — retry in 2s
[21:11:29]       tile S06E024: attempt 2 failed (ConnectionError: HTTPSConnectionPool(host='esa-worldcover.s3.eu-central-1.amazonaws.com', port=443): Max retries exceeded with url: /v200/2021/map/ESA_WorldCover_10m_2021_v200_S06E024_Map.tif (Caused by NameResolutionError("HTTPSConnection(host='esa-worldcover.s3.eu-central-1.amazonaws.com', port=443): Failed to resolve 'esa-worldcover.s3.eu-central-1.amazonaws.com' ([Errno 11001] getaddrinfo failed)"))) — retry in 4s
[21:11:33]       WARNING: tile S06E024 failed after 3 attempts — HTTPSConnectionPool(host='esa-worldcover.s3.eu-central-1.amazonaws.com', port=443): Max retries exceeded with url: /v200/2021/map/ESA_WorldCover_10m_2021_v200_S06E024_Map.tif (Caused by NameResolutionError("HTTPSConnection(host='esa-worldcover.s3.eu-central-1.amazonaws.com', port=443): Failed to resolve 'esa-worldcover.s3.eu-central-1.amazonaws.com' ([Errno 11001] getaddrinfo failed)"))
[21:11:33]       tile S03E009: attempt 1 failed (ConnectionError: HTTPSConnectionPool(host='esa-worldcover.s3.eu-central-1.amazonaws.com', port=443): Max retries exceeded with url: /v200/2021/map/ESA_WorldCover_10m_2021_v200_S03E009_Map.tif (Caused by NameResolutionError("HTTPSConnection(host='esa-worldcover.s3.eu-central-1.amazonaws.com', port=443): Failed to resolve 'esa-worldcover.s3.eu-central-1.amazonaws.com' ([Errno 11001] getaddrinfo failed)"))) — retry in 2s
[21:11:35]       tile S03E009: attempt 2 failed (ConnectionError: HTTPSConnectionPool(host='esa-worldcover.s3.eu-central-1.amazonaws.com', port=443): Max retries exceeded with url: /v200/2021/map/ESA_WorldCover_10m_2021_v200_S03E009_Map.tif (Caused by NameResolutionError("HTTPSConnection(host='esa-worldcover.s3.eu-central-1.amazonaws.com', port=443): Failed to resolve 'esa-worldcover.s3.eu-central-1.amazonaws.com' ([Errno 11001] getaddrinfo failed)"))) — retry in 4s
[21:11:39]       WARNING: tile S03E009 failed after 3 attempts — HTTPSConnectionPool(host='esa-worldcover.s3.eu-central-1.amazonaws.com', port=443): Max retries exceeded with url: /v200/2021/map/ESA_WorldCover_10m_2021_v200_S03E009_Map.tif (Caused by NameResolutionError("HTTPSConnection(host='esa-worldcover.s3.eu-central-1.amazonaws.com', port=443): Failed to resolve 'esa-worldcover.s3.eu-central-1.amazonaws.com' ([Errno 11001] getaddrinfo failed)"))
[21:11:39]       tile S03E012: attempt 1 failed (ConnectionError: HTTPSConnectionPool(host='esa-worldcover.s3.eu-central-1.amazonaws.com', port=443): Max retries exceeded with url: /v200/2021/map/ESA_WorldCover_10m_2021_v200_S03E012_Map.tif (Caused by NameResolutionError("HTTPSConnection(host='esa-worldcover.s3.eu-central-1.amazonaws.com', port=443): Failed to resolve 'esa-worldcover.s3.eu-central-1.amazonaws.com' ([Errno 11001] getaddrinfo failed)"))) — retry in 2s
[21:11:41]       tile S03E012: attempt 2 failed (ConnectionError: HTTPSConnectionPool(host='esa-worldcover.s3.eu-central-1.amazonaws.com', port=443): Max retries exceeded with url: /v200/2021/map/ESA_WorldCover_10m_2021_v200_S03E012_Map.tif (Caused by NameResolutionError("HTTPSConnection(host='esa-worldcover.s3.eu-central-1.amazonaws.com', port=443): Failed to resolve 'esa-worldcover.s3.eu-central-1.amazonaws.com' ([Errno 11001] getaddrinfo failed)"))) — retry in 4s
[21:11:45]       WARNING: tile S03E012 failed after 3 attempts — HTTPSConnectionPool(host='esa-worldcover.s3.eu-central-1.amazonaws.com', port=443): Max retries exceeded with url: /v200/2021/map/ESA_WorldCover_10m_2021_v200_S03E012_Map.tif (Caused by NameResolutionError("HTTPSConnection(host='esa-worldcover.s3.eu-central-1.amazonaws.com', port=443): Failed to resolve 'esa-worldcover.s3.eu-central-1.amazonaws.com' ([Errno 11001] getaddrinfo failed)"))
[21:11:45]       tile S03E015: attempt 1 failed (ConnectionError: HTTPSConnectionPool(host='esa-worldcover.s3.eu-central-1.amazonaws.com', port=443): Max retries exceeded with url: /v200/2021/map/ESA_WorldCover_10m_2021_v200_S03E015_Map.tif (Caused by NameResolutionError("HTTPSConnection(host='esa-worldcover.s3.eu-central-1.amazonaws.com', port=443): Failed to resolve 'esa-worldcover.s3.eu-central-1.amazonaws.com' ([Errno 11001] getaddrinfo failed)"))) — retry in 2s
[21:11:47]       tile S03E015: attempt 2 failed (ConnectionError: HTTPSConnectionPool(host='esa-worldcover.s3.eu-central-1.amazonaws.com', port=443): Max retries exceeded with url: /v200/2021/map/ESA_WorldCover_10m_2021_v200_S03E015_Map.tif (Caused by NameResolutionError("HTTPSConnection(host='esa-worldcover.s3.eu-central-1.amazonaws.com', port=443): Failed to resolve 'esa-worldcover.s3.eu-central-1.amazonaws.com' ([Errno 11001] getaddrinfo failed)"))) — retry in 4s
[21:11:51]       WARNING: tile S03E015 failed after 3 attempts — HTTPSConnectionPool(host='esa-worldcover.s3.eu-central-1.amazonaws.com', port=443): Max retries exceeded with url: /v200/2021/map/ESA_WorldCover_10m_2021_v200_S03E015_Map.tif (Caused by NameResolutionError("HTTPSConnection(host='esa-worldcover.s3.eu-central-1.amazonaws.com', port=443): Failed to resolve 'esa-worldcover.s3.eu-central-1.amazonaws.com' ([Errno 11001] getaddrinfo failed)"))
[21:11:51]       tile S03E018: attempt 1 failed (ConnectionError: HTTPSConnectionPool(host='esa-worldcover.s3.eu-central-1.amazonaws.com', port=443): Max retries exceeded with url: /v200/2021/map/ESA_WorldCover_10m_2021_v200_S03E018_Map.tif (Caused by NameResolutionError("HTTPSConnection(host='esa-worldcover.s3.eu-central-1.amazonaws.com', port=443): Failed to resolve 'esa-worldcover.s3.eu-central-1.amazonaws.com' ([Errno 11001] getaddrinfo failed)"))) — retry in 2s
[21:11:53]       tile S03E018: attempt 2 failed (ConnectionError: HTTPSConnectionPool(host='esa-worldcover.s3.eu-central-1.amazonaws.com', port=443): Max retries exceeded with url: /v200/2021/map/ESA_WorldCover_10m_2021_v200_S03E018_Map.tif (Caused by NameResolutionError("HTTPSConnection(host='esa-worldcover.s3.eu-central-1.amazonaws.com', port=443): Failed to resolve 'esa-worldcover.s3.eu-central-1.amazonaws.com' ([Errno 11001] getaddrinfo failed)"))) — retry in 4s
[21:11:57]       WARNING: tile S03E018 failed after 3 attempts — HTTPSConnectionPool(host='esa-worldcover.s3.eu-central-1.amazonaws.com', port=443): Max retries exceeded with url: /v200/2021/map/ESA_WorldCover_10m_2021_v200_S03E018_Map.tif (Caused by NameResolutionError("HTTPSConnection(host='esa-worldcover.s3.eu-central-1.amazonaws.com', port=443): Failed to resolve 'esa-worldcover.s3.eu-central-1.amazonaws.com' ([Errno 11001] getaddrinfo failed)"))
[21:11:57]       tile S03E021: attempt 1 failed (ConnectionError: HTTPSConnectionPool(host='esa-worldcover.s3.eu-central-1.amazonaws.com', port=443): Max retries exceeded with url: /v200/2021/map/ESA_WorldCover_10m_2021_v200_S03E021_Map.tif (Caused by NameResolutionError("HTTPSConnection(host='esa-worldcover.s3.eu-central-1.amazonaws.com', port=443): Failed to resolve 'esa-worldcover.s3.eu-central-1.amazonaws.com' ([Errno 11001] getaddrinfo failed)"))) — retry in 2s
[21:11:59]       tile S03E021: attempt 2 failed (ConnectionError: HTTPSConnectionPool(host='esa-worldcover.s3.eu-central-1.amazonaws.com', port=443): Max retries exceeded with url: /v200/2021/map/ESA_WorldCover_10m_2021_v200_S03E021_Map.tif (Caused by NameResolutionError("HTTPSConnection(host='esa-worldcover.s3.eu-central-1.amazonaws.com', port=443): Failed to resolve 'esa-worldcover.s3.eu-central-1.amazonaws.com' ([Errno 11001] getaddrinfo failed)"))) — retry in 4s
[21:12:03]       WARNING: tile S03E021 failed after 3 attempts — HTTPSConnectionPool(host='esa-worldcover.s3.eu-central-1.amazonaws.com', port=443): Max retries exceeded with url: /v200/2021/map/ESA_WorldCover_10m_2021_v200_S03E021_Map.tif (Caused by NameResolutionError("HTTPSConnection(host='esa-worldcover.s3.eu-central-1.amazonaws.com', port=443): Failed to resolve 'esa-worldcover.s3.eu-central-1.amazonaws.com' ([Errno 11001] getaddrinfo failed)"))
[21:12:04]       tile S03E024: attempt 1 failed (ConnectionError: HTTPSConnectionPool(host='esa-worldcover.s3.eu-central-1.amazonaws.com', port=443): Max retries exceeded with url: /v200/2021/map/ESA_WorldCover_10m_2021_v200_S03E024_Map.tif (Caused by NameResolutionError("HTTPSConnection(host='esa-worldcover.s3.eu-central-1.amazonaws.com', port=443): Failed to resolve 'esa-worldcover.s3.eu-central-1.amazonaws.com' ([Errno 11001] getaddrinfo failed)"))) — retry in 2s
[21:12:06]       tile S03E024: attempt 2 failed (ConnectionError: HTTPSConnectionPool(host='esa-worldcover.s3.eu-central-1.amazonaws.com', port=443): Max retries exceeded with url: /v200/2021/map/ESA_WorldCover_10m_2021_v200_S03E024_Map.tif (Caused by NameResolutionError("HTTPSConnection(host='esa-worldcover.s3.eu-central-1.amazonaws.com', port=443): Failed to resolve 'esa-worldcover.s3.eu-central-1.amazonaws.com' ([Errno 11001] getaddrinfo failed)"))) — retry in 4s
[21:12:10]       WARNING: tile S03E024 failed after 3 attempts — HTTPSConnectionPool(host='esa-worldcover.s3.eu-central-1.amazonaws.com', port=443): Max retries exceeded with url: /v200/2021/map/ESA_WorldCover_10m_2021_v200_S03E024_Map.tif (Caused by NameResolutionError("HTTPSConnection(host='esa-worldcover.s3.eu-central-1.amazonaws.com', port=443): Failed to resolve 'esa-worldcover.s3.eu-central-1.amazonaws.com' ([Errno 11001] getaddrinfo failed)"))
[21:12:10]     tiles with data: 6
[21:12:50]               tile S18E018: clipped (36000×36000 px)
[21:13:29]               tile S18E021: clipped (28589×36000 px)
[21:14:19]               tile S15E018: clipped (36000×36000 px)
[21:15:32]               tile S15E021: clipped (36000×36000 px)
[21:15:34]               tile S15E024: clipped (371×9058 px)
[21:18:21]     ERROR: clip-mosaic failed — Unable to allocate 1.21 GiB for an array with shape (1, 36000, 36000) and data type bool
[21:18:22] 
[49/54] Niger
[21:18:22]     bbox [0.15, 11.70, 15.97, 23.52]
[21:18:22]     tiles to check: 30
[21:18:22]       tile N15E015: attempt 1 failed (ConnectionError: HTTPSConnectionPool(host='esa-worldcover.s3.eu-central-1.amazonaws.com', port=443): Max retries exceeded with url: /v200/2021/map/ESA_WorldCover_10m_2021_v200_N15E015_Map.tif (Caused by NameResolutionError("HTTPSConnection(host='esa-worldcover.s3.eu-central-1.amazonaws.com', port=443): Failed to resolve 'esa-worldcover.s3.eu-central-1.amazonaws.com' ([Errno 11001] getaddrinfo failed)"))) — retry in 2s
[21:18:24]       tile N15E015: attempt 2 failed (ConnectionError: HTTPSConnectionPool(host='esa-worldcover.s3.eu-central-1.amazonaws.com', port=443): Max retries exceeded with url: /v200/2021/map/ESA_WorldCover_10m_2021_v200_N15E015_Map.tif (Caused by NameResolutionError("HTTPSConnection(host='esa-worldcover.s3.eu-central-1.amazonaws.com', port=443): Failed to resolve 'esa-worldcover.s3.eu-central-1.amazonaws.com' ([Errno 11001] getaddrinfo failed)"))) — retry in 4s
[21:18:28]       WARNING: tile N15E015 failed after 3 attempts — HTTPSConnectionPool(host='esa-worldcover.s3.eu-central-1.amazonaws.com', port=443): Max retries exceeded with url: /v200/2021/map/ESA_WorldCover_10m_2021_v200_N15E015_Map.tif (Caused by NameResolutionError("HTTPSConnection(host='esa-worldcover.s3.eu-central-1.amazonaws.com', port=443): Failed to resolve 'esa-worldcover.s3.eu-central-1.amazonaws.com' ([Errno 11001] getaddrinfo failed)"))
[21:18:28]       tile N18E000: attempt 1 failed (ConnectionError: HTTPSConnectionPool(host='esa-worldcover.s3.eu-central-1.amazonaws.com', port=443): Max retries exceeded with url: /v200/2021/map/ESA_WorldCover_10m_2021_v200_N18E000_Map.tif (Caused by NameResolutionError("HTTPSConnection(host='esa-worldcover.s3.eu-central-1.amazonaws.com', port=443): Failed to resolve 'esa-worldcover.s3.eu-central-1.amazonaws.com' ([Errno 11001] getaddrinfo failed)"))) — retry in 2s
[21:18:30]       tile N18E000: attempt 2 failed (ConnectionError: HTTPSConnectionPool(host='esa-worldcover.s3.eu-central-1.amazonaws.com', port=443): Max retries exceeded with url: /v200/2021/map/ESA_WorldCover_10m_2021_v200_N18E000_Map.tif (Caused by NameResolutionError("HTTPSConnection(host='esa-worldcover.s3.eu-central-1.amazonaws.com', port=443): Failed to resolve 'esa-worldcover.s3.eu-central-1.amazonaws.com' ([Errno 11001] getaddrinfo failed)"))) — retry in 4s
[21:18:34]       WARNING: tile N18E000 failed after 3 attempts — HTTPSConnectionPool(host='esa-worldcover.s3.eu-central-1.amazonaws.com', port=443): Max retries exceeded with url: /v200/2021/map/ESA_WorldCover_10m_2021_v200_N18E000_Map.tif (Caused by NameResolutionError("HTTPSConnection(host='esa-worldcover.s3.eu-central-1.amazonaws.com', port=443): Failed to resolve 'esa-worldcover.s3.eu-central-1.amazonaws.com' ([Errno 11001] getaddrinfo failed)"))
[21:18:34]       tile N18E003: attempt 1 failed (ConnectionError: HTTPSConnectionPool(host='esa-worldcover.s3.eu-central-1.amazonaws.com', port=443): Max retries exceeded with url: /v200/2021/map/ESA_WorldCover_10m_2021_v200_N18E003_Map.tif (Caused by NameResolutionError("HTTPSConnection(host='esa-worldcover.s3.eu-central-1.amazonaws.com', port=443): Failed to resolve 'esa-worldcover.s3.eu-central-1.amazonaws.com' ([Errno 11001] getaddrinfo failed)"))) — retry in 2s
[21:18:36]       tile N18E003: attempt 2 failed (ConnectionError: HTTPSConnectionPool(host='esa-worldcover.s3.eu-central-1.amazonaws.com', port=443): Max retries exceeded with url: /v200/2021/map/ESA_WorldCover_10m_2021_v200_N18E003_Map.tif (Caused by NameResolutionError("HTTPSConnection(host='esa-worldcover.s3.eu-central-1.amazonaws.com', port=443): Failed to resolve 'esa-worldcover.s3.eu-central-1.amazonaws.com' ([Errno 11001] getaddrinfo failed)"))) — retry in 4s
[21:18:41]       WARNING: tile N18E003 failed after 3 attempts — HTTPSConnectionPool(host='esa-worldcover.s3.eu-central-1.amazonaws.com', port=443): Max retries exceeded with url: /v200/2021/map/ESA_WorldCover_10m_2021_v200_N18E003_Map.tif (Caused by NameResolutionError("HTTPSConnection(host='esa-worldcover.s3.eu-central-1.amazonaws.com', port=443): Failed to resolve 'esa-worldcover.s3.eu-central-1.amazonaws.com' ([Errno 11001] getaddrinfo failed)"))
[21:18:41]       tile N18E006: attempt 1 failed (ConnectionError: HTTPSConnectionPool(host='esa-worldcover.s3.eu-central-1.amazonaws.com', port=443): Max retries exceeded with url: /v200/2021/map/ESA_WorldCover_10m_2021_v200_N18E006_Map.tif (Caused by NameResolutionError("HTTPSConnection(host='esa-worldcover.s3.eu-central-1.amazonaws.com', port=443): Failed to resolve 'esa-worldcover.s3.eu-central-1.amazonaws.com' ([Errno 11001] getaddrinfo failed)"))) — retry in 2s
[21:18:43]       tile N18E006: attempt 2 failed (ConnectionError: HTTPSConnectionPool(host='esa-worldcover.s3.eu-central-1.amazonaws.com', port=443): Max retries exceeded with url: /v200/2021/map/ESA_WorldCover_10m_2021_v200_N18E006_Map.tif (Caused by NameResolutionError("HTTPSConnection(host='esa-worldcover.s3.eu-central-1.amazonaws.com', port=443): Failed to resolve 'esa-worldcover.s3.eu-central-1.amazonaws.com' ([Errno 11001] getaddrinfo failed)"))) — retry in 4s
[21:18:47]       WARNING: tile N18E006 failed after 3 attempts — HTTPSConnectionPool(host='esa-worldcover.s3.eu-central-1.amazonaws.com', port=443): Max retries exceeded with url: /v200/2021/map/ESA_WorldCover_10m_2021_v200_N18E006_Map.tif (Caused by NameResolutionError("HTTPSConnection(host='esa-worldcover.s3.eu-central-1.amazonaws.com', port=443): Failed to resolve 'esa-worldcover.s3.eu-central-1.amazonaws.com' ([Errno 11001] getaddrinfo failed)"))
[21:18:47]       tile N18E009: attempt 1 failed (ConnectionError: HTTPSConnectionPool(host='esa-worldcover.s3.eu-central-1.amazonaws.com', port=443): Max retries exceeded with url: /v200/2021/map/ESA_WorldCover_10m_2021_v200_N18E009_Map.tif (Caused by NameResolutionError("HTTPSConnection(host='esa-worldcover.s3.eu-central-1.amazonaws.com', port=443): Failed to resolve 'esa-worldcover.s3.eu-central-1.amazonaws.com' ([Errno 11001] getaddrinfo failed)"))) — retry in 2s
[21:18:49]       tile N18E009: attempt 2 failed (ConnectionError: HTTPSConnectionPool(host='esa-worldcover.s3.eu-central-1.amazonaws.com', port=443): Max retries exceeded with url: /v200/2021/map/ESA_WorldCover_10m_2021_v200_N18E009_Map.tif (Caused by NameResolutionError("HTTPSConnection(host='esa-worldcover.s3.eu-central-1.amazonaws.com', port=443): Failed to resolve 'esa-worldcover.s3.eu-central-1.amazonaws.com' ([Errno 11001] getaddrinfo failed)"))) — retry in 4s
[21:18:53]       WARNING: tile N18E009 failed after 3 attempts — HTTPSConnectionPool(host='esa-worldcover.s3.eu-central-1.amazonaws.com', port=443): Max retries exceeded with url: /v200/2021/map/ESA_WorldCover_10m_2021_v200_N18E009_Map.tif (Caused by NameResolutionError("HTTPSConnection(host='esa-worldcover.s3.eu-central-1.amazonaws.com', port=443): Failed to resolve 'esa-worldcover.s3.eu-central-1.amazonaws.com' ([Errno 11001] getaddrinfo failed)"))
[21:18:53]       tile N18E012: attempt 1 failed (ConnectionError: HTTPSConnectionPool(host='esa-worldcover.s3.eu-central-1.amazonaws.com', port=443): Max retries exceeded with url: /v200/2021/map/ESA_WorldCover_10m_2021_v200_N18E012_Map.tif (Caused by NameResolutionError("HTTPSConnection(host='esa-worldcover.s3.eu-central-1.amazonaws.com', port=443): Failed to resolve 'esa-worldcover.s3.eu-central-1.amazonaws.com' ([Errno 11001] getaddrinfo failed)"))) — retry in 2s
[21:18:55]       tile N18E012: attempt 2 failed (ConnectionError: HTTPSConnectionPool(host='esa-worldcover.s3.eu-central-1.amazonaws.com', port=443): Max retries exceeded with url: /v200/2021/map/ESA_WorldCover_10m_2021_v200_N18E012_Map.tif (Caused by NameResolutionError("HTTPSConnection(host='esa-worldcover.s3.eu-central-1.amazonaws.com', port=443): Failed to resolve 'esa-worldcover.s3.eu-central-1.amazonaws.com' ([Errno 11001] getaddrinfo failed)"))) — retry in 4s
[21:18:59]       WARNING: tile N18E012 failed after 3 attempts — HTTPSConnectionPool(host='esa-worldcover.s3.eu-central-1.amazonaws.com', port=443): Max retries exceeded with url: /v200/2021/map/ESA_WorldCover_10m_2021_v200_N18E012_Map.tif (Caused by NameResolutionError("HTTPSConnection(host='esa-worldcover.s3.eu-central-1.amazonaws.com', port=443): Failed to resolve 'esa-worldcover.s3.eu-central-1.amazonaws.com' ([Errno 11001] getaddrinfo failed)"))
[21:18:59]       tile N18E015: attempt 1 failed (ConnectionError: HTTPSConnectionPool(host='esa-worldcover.s3.eu-central-1.amazonaws.com', port=443): Max retries exceeded with url: /v200/2021/map/ESA_WorldCover_10m_2021_v200_N18E015_Map.tif (Caused by NameResolutionError("HTTPSConnection(host='esa-worldcover.s3.eu-central-1.amazonaws.com', port=443): Failed to resolve 'esa-worldcover.s3.eu-central-1.amazonaws.com' ([Errno 11001] getaddrinfo failed)"))) — retry in 2s
[21:19:01]       tile N18E015: attempt 2 failed (ConnectionError: HTTPSConnectionPool(host='esa-worldcover.s3.eu-central-1.amazonaws.com', port=443): Max retries exceeded with url: /v200/2021/map/ESA_WorldCover_10m_2021_v200_N18E015_Map.tif (Caused by NameResolutionError("HTTPSConnection(host='esa-worldcover.s3.eu-central-1.amazonaws.com', port=443): Failed to resolve 'esa-worldcover.s3.eu-central-1.amazonaws.com' ([Errno 11001] getaddrinfo failed)"))) — retry in 4s
[21:19:05]       WARNING: tile N18E015 failed after 3 attempts — HTTPSConnectionPool(host='esa-worldcover.s3.eu-central-1.amazonaws.com', port=443): Max retries exceeded with url: /v200/2021/map/ESA_WorldCover_10m_2021_v200_N18E015_Map.tif (Caused by NameResolutionError("HTTPSConnection(host='esa-worldcover.s3.eu-central-1.amazonaws.com', port=443): Failed to resolve 'esa-worldcover.s3.eu-central-1.amazonaws.com' ([Errno 11001] getaddrinfo failed)"))
[21:19:05]       tile N21E000: attempt 1 failed (ConnectionError: HTTPSConnectionPool(host='esa-worldcover.s3.eu-central-1.amazonaws.com', port=443): Max retries exceeded with url: /v200/2021/map/ESA_WorldCover_10m_2021_v200_N21E000_Map.tif (Caused by NameResolutionError("HTTPSConnection(host='esa-worldcover.s3.eu-central-1.amazonaws.com', port=443): Failed to resolve 'esa-worldcover.s3.eu-central-1.amazonaws.com' ([Errno 11001] getaddrinfo failed)"))) — retry in 2s
[21:19:07]       tile N21E000: attempt 2 failed (ConnectionError: HTTPSConnectionPool(host='esa-worldcover.s3.eu-central-1.amazonaws.com', port=443): Max retries exceeded with url: /v200/2021/map/ESA_WorldCover_10m_2021_v200_N21E000_Map.tif (Caused by NameResolutionError("HTTPSConnection(host='esa-worldcover.s3.eu-central-1.amazonaws.com', port=443): Failed to resolve 'esa-worldcover.s3.eu-central-1.amazonaws.com' ([Errno 11001] getaddrinfo failed)"))) — retry in 4s
[21:19:11]       WARNING: tile N21E000 failed after 3 attempts — HTTPSConnectionPool(host='esa-worldcover.s3.eu-central-1.amazonaws.com', port=443): Max retries exceeded with url: /v200/2021/map/ESA_WorldCover_10m_2021_v200_N21E000_Map.tif (Caused by NameResolutionError("HTTPSConnection(host='esa-worldcover.s3.eu-central-1.amazonaws.com', port=443): Failed to resolve 'esa-worldcover.s3.eu-central-1.amazonaws.com' ([Errno 11001] getaddrinfo failed)"))
[21:19:11]       tile N21E003: attempt 1 failed (ConnectionError: HTTPSConnectionPool(host='esa-worldcover.s3.eu-central-1.amazonaws.com', port=443): Max retries exceeded with url: /v200/2021/map/ESA_WorldCover_10m_2021_v200_N21E003_Map.tif (Caused by NameResolutionError("HTTPSConnection(host='esa-worldcover.s3.eu-central-1.amazonaws.com', port=443): Failed to resolve 'esa-worldcover.s3.eu-central-1.amazonaws.com' ([Errno 11001] getaddrinfo failed)"))) — retry in 2s
[21:19:13]       tile N21E003: attempt 2 failed (ConnectionError: HTTPSConnectionPool(host='esa-worldcover.s3.eu-central-1.amazonaws.com', port=443): Max retries exceeded with url: /v200/2021/map/ESA_WorldCover_10m_2021_v200_N21E003_Map.tif (Caused by NameResolutionError("HTTPSConnection(host='esa-worldcover.s3.eu-central-1.amazonaws.com', port=443): Failed to resolve 'esa-worldcover.s3.eu-central-1.amazonaws.com' ([Errno 11001] getaddrinfo failed)"))) — retry in 4s
[21:19:17]       WARNING: tile N21E003 failed after 3 attempts — HTTPSConnectionPool(host='esa-worldcover.s3.eu-central-1.amazonaws.com', port=443): Max retries exceeded with url: /v200/2021/map/ESA_WorldCover_10m_2021_v200_N21E003_Map.tif (Caused by NameResolutionError("HTTPSConnection(host='esa-worldcover.s3.eu-central-1.amazonaws.com', port=443): Failed to resolve 'esa-worldcover.s3.eu-central-1.amazonaws.com' ([Errno 11001] getaddrinfo failed)"))
[21:19:17]       tile N21E006: attempt 1 failed (ConnectionError: HTTPSConnectionPool(host='esa-worldcover.s3.eu-central-1.amazonaws.com', port=443): Max retries exceeded with url: /v200/2021/map/ESA_WorldCover_10m_2021_v200_N21E006_Map.tif (Caused by NameResolutionError("HTTPSConnection(host='esa-worldcover.s3.eu-central-1.amazonaws.com', port=443): Failed to resolve 'esa-worldcover.s3.eu-central-1.amazonaws.com' ([Errno 11001] getaddrinfo failed)"))) — retry in 2s
[21:19:19]       tile N21E006: attempt 2 failed (ConnectionError: HTTPSConnectionPool(host='esa-worldcover.s3.eu-central-1.amazonaws.com', port=443): Max retries exceeded with url: /v200/2021/map/ESA_WorldCover_10m_2021_v200_N21E006_Map.tif (Caused by NameResolutionError("HTTPSConnection(host='esa-worldcover.s3.eu-central-1.amazonaws.com', port=443): Failed to resolve 'esa-worldcover.s3.eu-central-1.amazonaws.com' ([Errno 11001] getaddrinfo failed)"))) — retry in 4s
[21:19:23]       WARNING: tile N21E006 failed after 3 attempts — HTTPSConnectionPool(host='esa-worldcover.s3.eu-central-1.amazonaws.com', port=443): Max retries exceeded with url: /v200/2021/map/ESA_WorldCover_10m_2021_v200_N21E006_Map.tif (Caused by NameResolutionError("HTTPSConnection(host='esa-worldcover.s3.eu-central-1.amazonaws.com', port=443): Failed to resolve 'esa-worldcover.s3.eu-central-1.amazonaws.com' ([Errno 11001] getaddrinfo failed)"))
[21:19:23]       tile N21E009: attempt 1 failed (ConnectionError: HTTPSConnectionPool(host='esa-worldcover.s3.eu-central-1.amazonaws.com', port=443): Max retries exceeded with url: /v200/2021/map/ESA_WorldCover_10m_2021_v200_N21E009_Map.tif (Caused by NameResolutionError("HTTPSConnection(host='esa-worldcover.s3.eu-central-1.amazonaws.com', port=443): Failed to resolve 'esa-worldcover.s3.eu-central-1.amazonaws.com' ([Errno 11001] getaddrinfo failed)"))) — retry in 2s
[21:19:25]       tile N21E009: attempt 2 failed (ConnectionError: HTTPSConnectionPool(host='esa-worldcover.s3.eu-central-1.amazonaws.com', port=443): Max retries exceeded with url: /v200/2021/map/ESA_WorldCover_10m_2021_v200_N21E009_Map.tif (Caused by NameResolutionError("HTTPSConnection(host='esa-worldcover.s3.eu-central-1.amazonaws.com', port=443): Failed to resolve 'esa-worldcover.s3.eu-central-1.amazonaws.com' ([Errno 11001] getaddrinfo failed)"))) — retry in 4s
[21:19:29]       WARNING: tile N21E009 failed after 3 attempts — HTTPSConnectionPool(host='esa-worldcover.s3.eu-central-1.amazonaws.com', port=443): Max retries exceeded with url: /v200/2021/map/ESA_WorldCover_10m_2021_v200_N21E009_Map.tif (Caused by NameResolutionError("HTTPSConnection(host='esa-worldcover.s3.eu-central-1.amazonaws.com', port=443): Failed to resolve 'esa-worldcover.s3.eu-central-1.amazonaws.com' ([Errno 11001] getaddrinfo failed)"))
[21:19:29]       tile N21E012: attempt 1 failed (ConnectionError: HTTPSConnectionPool(host='esa-worldcover.s3.eu-central-1.amazonaws.com', port=443): Max retries exceeded with url: /v200/2021/map/ESA_WorldCover_10m_2021_v200_N21E012_Map.tif (Caused by NameResolutionError("HTTPSConnection(host='esa-worldcover.s3.eu-central-1.amazonaws.com', port=443): Failed to resolve 'esa-worldcover.s3.eu-central-1.amazonaws.com' ([Errno 11001] getaddrinfo failed)"))) — retry in 2s
[21:19:31]       tile N21E012: attempt 2 failed (ConnectionError: HTTPSConnectionPool(host='esa-worldcover.s3.eu-central-1.amazonaws.com', port=443): Max retries exceeded with url: /v200/2021/map/ESA_WorldCover_10m_2021_v200_N21E012_Map.tif (Caused by NameResolutionError("HTTPSConnection(host='esa-worldcover.s3.eu-central-1.amazonaws.com', port=443): Failed to resolve 'esa-worldcover.s3.eu-central-1.amazonaws.com' ([Errno 11001] getaddrinfo failed)"))) — retry in 4s
[21:19:35]       WARNING: tile N21E012 failed after 3 attempts — HTTPSConnectionPool(host='esa-worldcover.s3.eu-central-1.amazonaws.com', port=443): Max retries exceeded with url: /v200/2021/map/ESA_WorldCover_10m_2021_v200_N21E012_Map.tif (Caused by NameResolutionError("HTTPSConnection(host='esa-worldcover.s3.eu-central-1.amazonaws.com', port=443): Failed to resolve 'esa-worldcover.s3.eu-central-1.amazonaws.com' ([Errno 11001] getaddrinfo failed)"))
[21:19:35]       tile N21E015: attempt 1 failed (ConnectionError: HTTPSConnectionPool(host='esa-worldcover.s3.eu-central-1.amazonaws.com', port=443): Max retries exceeded with url: /v200/2021/map/ESA_WorldCover_10m_2021_v200_N21E015_Map.tif (Caused by NameResolutionError("HTTPSConnection(host='esa-worldcover.s3.eu-central-1.amazonaws.com', port=443): Failed to resolve 'esa-worldcover.s3.eu-central-1.amazonaws.com' ([Errno 11001] getaddrinfo failed)"))) — retry in 2s
[21:19:37]       tile N21E015: attempt 2 failed (ConnectionError: HTTPSConnectionPool(host='esa-worldcover.s3.eu-central-1.amazonaws.com', port=443): Max retries exceeded with url: /v200/2021/map/ESA_WorldCover_10m_2021_v200_N21E015_Map.tif (Caused by NameResolutionError("HTTPSConnection(host='esa-worldcover.s3.eu-central-1.amazonaws.com', port=443): Failed to resolve 'esa-worldcover.s3.eu-central-1.amazonaws.com' ([Errno 11001] getaddrinfo failed)"))) — retry in 4s
[21:19:41]       WARNING: tile N21E015 failed after 3 attempts — HTTPSConnectionPool(host='esa-worldcover.s3.eu-central-1.amazonaws.com', port=443): Max retries exceeded with url: /v200/2021/map/ESA_WorldCover_10m_2021_v200_N21E015_Map.tif (Caused by NameResolutionError("HTTPSConnection(host='esa-worldcover.s3.eu-central-1.amazonaws.com', port=443): Failed to resolve 'esa-worldcover.s3.eu-central-1.amazonaws.com' ([Errno 11001] getaddrinfo failed)"))
[21:19:41]       tile N24E000: attempt 1 failed (ConnectionError: HTTPSConnectionPool(host='esa-worldcover.s3.eu-central-1.amazonaws.com', port=443): Max retries exceeded with url: /v200/2021/map/ESA_WorldCover_10m_2021_v200_N24E000_Map.tif (Caused by NameResolutionError("HTTPSConnection(host='esa-worldcover.s3.eu-central-1.amazonaws.com', port=443): Failed to resolve 'esa-worldcover.s3.eu-central-1.amazonaws.com' ([Errno 11001] getaddrinfo failed)"))) — retry in 2s
[21:19:43]       tile N24E000: attempt 2 failed (ConnectionError: HTTPSConnectionPool(host='esa-worldcover.s3.eu-central-1.amazonaws.com', port=443): Max retries exceeded with url: /v200/2021/map/ESA_WorldCover_10m_2021_v200_N24E000_Map.tif (Caused by NameResolutionError("HTTPSConnection(host='esa-worldcover.s3.eu-central-1.amazonaws.com', port=443): Failed to resolve 'esa-worldcover.s3.eu-central-1.amazonaws.com' ([Errno 11001] getaddrinfo failed)"))) — retry in 4s
[21:19:47]       WARNING: tile N24E000 failed after 3 attempts — HTTPSConnectionPool(host='esa-worldcover.s3.eu-central-1.amazonaws.com', port=443): Max retries exceeded with url: /v200/2021/map/ESA_WorldCover_10m_2021_v200_N24E000_Map.tif (Caused by NameResolutionError("HTTPSConnection(host='esa-worldcover.s3.eu-central-1.amazonaws.com', port=443): Failed to resolve 'esa-worldcover.s3.eu-central-1.amazonaws.com' ([Errno 11001] getaddrinfo failed)"))
[21:19:47]       tile N24E003: attempt 1 failed (ConnectionError: HTTPSConnectionPool(host='esa-worldcover.s3.eu-central-1.amazonaws.com', port=443): Max retries exceeded with url: /v200/2021/map/ESA_WorldCover_10m_2021_v200_N24E003_Map.tif (Caused by NameResolutionError("HTTPSConnection(host='esa-worldcover.s3.eu-central-1.amazonaws.com', port=443): Failed to resolve 'esa-worldcover.s3.eu-central-1.amazonaws.com' ([Errno 11001] getaddrinfo failed)"))) — retry in 2s
[21:19:49]       tile N24E003: attempt 2 failed (ConnectionError: HTTPSConnectionPool(host='esa-worldcover.s3.eu-central-1.amazonaws.com', port=443): Max retries exceeded with url: /v200/2021/map/ESA_WorldCover_10m_2021_v200_N24E003_Map.tif (Caused by NameResolutionError("HTTPSConnection(host='esa-worldcover.s3.eu-central-1.amazonaws.com', port=443): Failed to resolve 'esa-worldcover.s3.eu-central-1.amazonaws.com' ([Errno 11001] getaddrinfo failed)"))) — retry in 4s
[21:19:53]       WARNING: tile N24E003 failed after 3 attempts — HTTPSConnectionPool(host='esa-worldcover.s3.eu-central-1.amazonaws.com', port=443): Max retries exceeded with url: /v200/2021/map/ESA_WorldCover_10m_2021_v200_N24E003_Map.tif (Caused by NameResolutionError("HTTPSConnection(host='esa-worldcover.s3.eu-central-1.amazonaws.com', port=443): Failed to resolve 'esa-worldcover.s3.eu-central-1.amazonaws.com' ([Errno 11001] getaddrinfo failed)"))
[21:19:53]       tile N24E006: attempt 1 failed (ConnectionError: HTTPSConnectionPool(host='esa-worldcover.s3.eu-central-1.amazonaws.com', port=443): Max retries exceeded with url: /v200/2021/map/ESA_WorldCover_10m_2021_v200_N24E006_Map.tif (Caused by NameResolutionError("HTTPSConnection(host='esa-worldcover.s3.eu-central-1.amazonaws.com', port=443): Failed to resolve 'esa-worldcover.s3.eu-central-1.amazonaws.com' ([Errno 11001] getaddrinfo failed)"))) — retry in 2s
[21:19:55]       tile N24E006: attempt 2 failed (ConnectionError: HTTPSConnectionPool(host='esa-worldcover.s3.eu-central-1.amazonaws.com', port=443): Max retries exceeded with url: /v200/2021/map/ESA_WorldCover_10m_2021_v200_N24E006_Map.tif (Caused by NameResolutionError("HTTPSConnection(host='esa-worldcover.s3.eu-central-1.amazonaws.com', port=443): Failed to resolve 'esa-worldcover.s3.eu-central-1.amazonaws.com' ([Errno 11001] getaddrinfo failed)"))) — retry in 4s
[21:19:59]       WARNING: tile N24E006 failed after 3 attempts — HTTPSConnectionPool(host='esa-worldcover.s3.eu-central-1.amazonaws.com', port=443): Max retries exceeded with url: /v200/2021/map/ESA_WorldCover_10m_2021_v200_N24E006_Map.tif (Caused by NameResolutionError("HTTPSConnection(host='esa-worldcover.s3.eu-central-1.amazonaws.com', port=443): Failed to resolve 'esa-worldcover.s3.eu-central-1.amazonaws.com' ([Errno 11001] getaddrinfo failed)"))
[21:19:59]       tile N24E009: attempt 1 failed (ConnectionError: HTTPSConnectionPool(host='esa-worldcover.s3.eu-central-1.amazonaws.com', port=443): Max retries exceeded with url: /v200/2021/map/ESA_WorldCover_10m_2021_v200_N24E009_Map.tif (Caused by NameResolutionError("HTTPSConnection(host='esa-worldcover.s3.eu-central-1.amazonaws.com', port=443): Failed to resolve 'esa-worldcover.s3.eu-central-1.amazonaws.com' ([Errno 11001] getaddrinfo failed)"))) — retry in 2s
[21:20:01]       tile N24E009: attempt 2 failed (ConnectionError: HTTPSConnectionPool(host='esa-worldcover.s3.eu-central-1.amazonaws.com', port=443): Max retries exceeded with url: /v200/2021/map/ESA_WorldCover_10m_2021_v200_N24E009_Map.tif (Caused by NameResolutionError("HTTPSConnection(host='esa-worldcover.s3.eu-central-1.amazonaws.com', port=443): Failed to resolve 'esa-worldcover.s3.eu-central-1.amazonaws.com' ([Errno 11001] getaddrinfo failed)"))) — retry in 4s
[21:20:05]       WARNING: tile N24E009 failed after 3 attempts — HTTPSConnectionPool(host='esa-worldcover.s3.eu-central-1.amazonaws.com', port=443): Max retries exceeded with url: /v200/2021/map/ESA_WorldCover_10m_2021_v200_N24E009_Map.tif (Caused by NameResolutionError("HTTPSConnection(host='esa-worldcover.s3.eu-central-1.amazonaws.com', port=443): Failed to resolve 'esa-worldcover.s3.eu-central-1.amazonaws.com' ([Errno 11001] getaddrinfo failed)"))
[21:20:05]       tile N24E012: attempt 1 failed (ConnectionError: HTTPSConnectionPool(host='esa-worldcover.s3.eu-central-1.amazonaws.com', port=443): Max retries exceeded with url: /v200/2021/map/ESA_WorldCover_10m_2021_v200_N24E012_Map.tif (Caused by NameResolutionError("HTTPSConnection(host='esa-worldcover.s3.eu-central-1.amazonaws.com', port=443): Failed to resolve 'esa-worldcover.s3.eu-central-1.amazonaws.com' ([Errno 11001] getaddrinfo failed)"))) — retry in 2s
[21:20:07]       tile N24E012: attempt 2 failed (ConnectionError: HTTPSConnectionPool(host='esa-worldcover.s3.eu-central-1.amazonaws.com', port=443): Max retries exceeded with url: /v200/2021/map/ESA_WorldCover_10m_2021_v200_N24E012_Map.tif (Caused by NameResolutionError("HTTPSConnection(host='esa-worldcover.s3.eu-central-1.amazonaws.com', port=443): Failed to resolve 'esa-worldcover.s3.eu-central-1.amazonaws.com' ([Errno 11001] getaddrinfo failed)"))) — retry in 4s
[21:20:11]       WARNING: tile N24E012 failed after 3 attempts — HTTPSConnectionPool(host='esa-worldcover.s3.eu-central-1.amazonaws.com', port=443): Max retries exceeded with url: /v200/2021/map/ESA_WorldCover_10m_2021_v200_N24E012_Map.tif (Caused by NameResolutionError("HTTPSConnection(host='esa-worldcover.s3.eu-central-1.amazonaws.com', port=443): Failed to resolve 'esa-worldcover.s3.eu-central-1.amazonaws.com' ([Errno 11001] getaddrinfo failed)"))
[21:20:11]       tile N24E015: attempt 1 failed (ConnectionError: HTTPSConnectionPool(host='esa-worldcover.s3.eu-central-1.amazonaws.com', port=443): Max retries exceeded with url: /v200/2021/map/ESA_WorldCover_10m_2021_v200_N24E015_Map.tif (Caused by NameResolutionError("HTTPSConnection(host='esa-worldcover.s3.eu-central-1.amazonaws.com', port=443): Failed to resolve 'esa-worldcover.s3.eu-central-1.amazonaws.com' ([Errno 11001] getaddrinfo failed)"))) — retry in 2s
[21:20:13]       tile N24E015: attempt 2 failed (ConnectionError: HTTPSConnectionPool(host='esa-worldcover.s3.eu-central-1.amazonaws.com', port=443): Max retries exceeded with url: /v200/2021/map/ESA_WorldCover_10m_2021_v200_N24E015_Map.tif (Caused by NameResolutionError("HTTPSConnection(host='esa-worldcover.s3.eu-central-1.amazonaws.com', port=443): Failed to resolve 'esa-worldcover.s3.eu-central-1.amazonaws.com' ([Errno 11001] getaddrinfo failed)"))) — retry in 4s
[21:20:17]       WARNING: tile N24E015 failed after 3 attempts — HTTPSConnectionPool(host='esa-worldcover.s3.eu-central-1.amazonaws.com', port=443): Max retries exceeded with url: /v200/2021/map/ESA_WorldCover_10m_2021_v200_N24E015_Map.tif (Caused by NameResolutionError("HTTPSConnection(host='esa-worldcover.s3.eu-central-1.amazonaws.com', port=443): Failed to resolve 'esa-worldcover.s3.eu-central-1.amazonaws.com' ([Errno 11001] getaddrinfo failed)"))
[21:20:17]     tiles with data: 11
[21:21:07]               tile N12E000: clipped (34166×36000 px)
[21:23:04]               tile N12E003: clipped (36000×36000 px)
[21:24:07]               tile N12E006: clipped (36000×25914 px)
[21:25:07]               tile N12E009: clipped (36000×26385 px)
[21:25:32]               tile N12E012: clipped (21896×23232 px)
[21:25:35]               tile N15E000: clipped (24201×4071 px)
[21:26:45]               tile N15E003: clipped (36000×36000 px)
[21:27:54]               tile N15E006: clipped (36000×36000 px)
[21:29:06]               tile N15E009: clipped (36000×36000 px)
[21:30:21]               tile N15E012: clipped (36000×36000 px)
[21:30:30]     ERROR: clip-mosaic failed — Unable to allocate 11.9 GiB for an array with shape (1, 72000, 178166) and data type uint8
[21:30:31] 
[50/54] Chad
[21:30:31]     bbox [13.45, 7.46, 23.98, 23.44]
[21:30:31]     tiles to check: 30
[21:32:10]       tile N15E015: downloaded (3.2 MB)
[21:34:47]       tile N15E018: downloaded (20.4 MB)
[21:34:59]       tile N18E012: downloaded (2.3 MB)
[21:35:41]       tile N18E015: downloaded (5.6 MB)
[21:36:12]       tile N18E018: downloaded (4.3 MB)
[21:36:24]       tile N18E021: downloaded (2.1 MB)
[21:36:39]       tile N18E024: downloaded (2.0 MB)
[21:36:54]       tile N21E012: downloaded (2.2 MB)
[21:37:06]       tile N21E015: downloaded (3.3 MB)
[21:37:24]       tile N21E018: downloaded (3.6 MB)
[21:37:37]       tile N21E021: downloaded (2.0 MB)
[21:37:52]       tile N21E024: downloaded (2.1 MB)
[21:38:11]       tile N24E012: downloaded (5.7 MB)
[21:38:19]       tile N24E015: downloaded (2.3 MB)
[21:38:26]       tile N24E018: downloaded (2.0 MB)
[21:38:38]       tile N24E021: downloaded (2.6 MB)
[21:38:38]     tiles with data: 30
[21:38:43]               tile N09E012: clipped (12650×11945 px)
[21:40:14]               tile N09E015: clipped (36000×36000 px)
[21:42:24]               tile N09E018: clipped (36000×36000 px)
[21:43:06]               tile N09E021: clipped (23479×27638 px)
[21:43:53]               tile N12E012: clipped (18611×34892 px)
[21:45:27]               tile N12E015: clipped (36000×36000 px)
[21:46:54]               tile N12E018: clipped (36000×36000 px)
[21:47:39]               tile N12E021: clipped (21106×36000 px)
[21:47:53]               tile N15E012: clipped (14107×16871 px)
[21:49:20]               tile N15E015: clipped (36000×36000 px)
[21:50:55]               tile N15E018: clipped (36000×36000 px)
[21:52:29]               tile N15E021: clipped (35815×36000 px)
[21:53:42]               tile N18E015: clipped (29569×36000 px)
[21:55:17]               tile N18E018: clipped (36000×36000 px)
[21:57:02]               tile N18E021: clipped (35793×35622 px)
[21:57:05]               tile N21E012: clipped (243×1368 px)
[21:58:04]               tile N21E015: clipped (36000×29338 px)
[21:58:35]               tile N21E018: clipped (35231×17399 px)
[21:58:44]     ERROR: clip-mosaic failed — Unable to allocate 20.4 GiB for an array with shape (1, 173338, 126426) and data type uint8
[21:58:44] 
[51/54] Libya
[21:58:44]     bbox [9.29, 19.50, 25.16, 33.18]
[21:58:44]     tiles to check: 36
[21:58:59]       tile N21E009: downloaded (2.1 MB)
[21:59:20]       tile N24E009: downloaded (3.6 MB)
[21:59:37]       tile N27E009: downloaded (2.1 MB)
[22:00:10]       tile N27E012: downloaded (4.0 MB)
[22:00:29]       tile N27E015: downloaded (3.3 MB)
[22:00:50]       tile N27E018: downloaded (2.2 MB)
[22:01:20]       tile N27E021: downloaded (3.1 MB)
[22:01:56]       tile N30E009: downloaded (7.0 MB)
[22:05:26]       tile N30E012: attempt 1 failed (ConnectionError: HTTPSConnectionPool(host='esa-worldcover.s3.eu-central-1.amazonaws.com', port=443): Read timed out.) — retry in 2s
[22:13:25]       tile N30E012: downloaded (38.9 MB)
[22:15:21]       tile N30E015: downloaded (7.9 MB)
[22:16:35]       tile N30E018: downloaded (15.4 MB)
[22:18:02]       tile N30E021: downloaded (18.6 MB)
[22:19:25]       tile N30E024: downloaded (9.6 MB)
[22:19:42]       tile N33E012: downloaded (2.6 MB)
[22:19:45]       tile N33E015: ocean/no-data (404) — .null cached
[22:19:47]       tile N33E018: ocean/no-data (404) — .null cached
[22:20:09]       tile N33E021: downloaded (4.3 MB)
[22:21:04]       tile N33E024: downloaded (14.3 MB)
[22:23:30]       tile N36E012: downloaded (37.4 MB)
[22:24:36]       tile N36E015: downloaded (17.1 MB)
[22:24:55]       tile N36E018: downloaded (6.0 MB)
[22:29:12]       tile N36E021: downloaded (62.6 MB)
[22:30:45]       tile N36E024: downloaded (19.4 MB)
[22:30:45]     tiles with data: 34
[22:30:45]               tile N21E009: clipped (3479×5877 px)
[22:31:18]               tile N21E012: clipped (36000×16606 px)
[22:31:54]               tile N21E015: clipped (36000×18605 px)
[22:33:21]               tile N21E018: clipped (36000×36000 px)
[22:34:33]               tile N21E021: clipped (36000×36000 px)
[22:34:51]               tile N21E024: clipped (11777×36000 px)
[22:36:15]               tile N24E009: clipped (31468×36000 px)
[22:37:35]               tile N24E012: clipped (36000×36000 px)
[22:38:52]               tile N24E015: clipped (36000×36000 px)
[22:40:21]               tile N24E018: clipped (36000×36000 px)
[22:41:51]               tile N24E021: clipped (36000×36000 px)
[22:42:10]               tile N24E024: clipped (11777×36000 px)
[22:43:13]               tile N27E009: clipped (31304×36000 px)
[22:44:35]               tile N27E012: clipped (36000×36000 px)
[22:45:38]               tile N27E015: clipped (36000×36000 px)
[22:47:00]               tile N27E018: clipped (36000×36000 px)
[22:48:23]               tile N27E021: clipped (36000×36000 px)
[22:48:45]               tile N27E024: clipped (11777×36000 px)
[22:49:59]               tile N30E009: clipped (32563×36000 px)
[22:51:37]               tile N30E012: clipped (36000×36000 px)
[22:52:41]               tile N30E015: clipped (36000×29166 px)
[22:54:02]               tile N30E018: clipped (36000×33009 px)
[22:55:38]               tile N30E021: clipped (36000×35406 px)
[22:55:53]               tile N30E024: clipped (13877×24658 px)
[22:55:54]               tile N33E009: clipped (6305×2176 px)
[22:55:54]               tile N33E012: clipped (24×14 px)
[22:56:05]     ERROR: clip-mosaic failed — Unable to allocate 25.9 GiB for an array with shape (1, 146176, 190440) and data type uint8
[22:56:05] 
[52/54] Sudan
[22:56:05]     bbox [21.81, 8.68, 38.60, 22.23]
[22:56:05]     tiles to check: 36
[22:56:19]       tile N18E027: downloaded (2.0 MB)
[22:57:01]       tile N18E030: downloaded (8.1 MB)
[22:57:30]       tile N18E033: downloaded (5.7 MB)
[22:57:51]       tile N21E027: downloaded (3.4 MB)
[22:58:26]       tile N21E030: downloaded (7.9 MB)
[22:58:40]       tile N21E033: downloaded (3.8 MB)
[22:58:40]     tiles with data: 36
[22:58:57]               tile N09E021: clipped (17557×36000 px)
[22:59:54]               tile N09E024: clipped (36000×36000 px)
[23:01:02]               tile N09E027: clipped (36000×32107 px)
[23:01:31]               tile N09E030: clipped (29226×27363 px)
[23:01:57]               tile N09E033: clipped (26549×30547 px)
[23:02:35]               tile N12E021: clipped (26288×36000 px)
[23:03:33]               tile N12E024: clipped (36000×36000 px)
[23:04:30]               tile N12E027: clipped (36000×36000 px)
[23:05:30]               tile N12E030: clipped (36000×36000 px)
[23:06:31]               tile N12E033: clipped (36000×36000 px)
[23:06:42]               tile N12E036: clipped (6318×27654 px)
[23:06:57]               tile N15E021: clipped (14897×36000 px)
[23:08:22]               tile N15E024: clipped (36000×36000 px)
[23:09:35]               tile N15E027: clipped (36000×36000 px)
[23:10:32]               tile N15E030: clipped (36000×36000 px)
[23:11:31]               tile N15E033: clipped (36000×36000 px)
[23:12:23]               tile N15E036: clipped (31148×36000 px)
[23:12:24]               tile N18E021: clipped (226×23947 px)
[23:13:11]               tile N18E024: clipped (36000×36000 px)
[23:14:17]               tile N18E027: clipped (36000×36000 px)
[23:15:12]               tile N18E030: clipped (36000×36000 px)
[23:16:08]               tile N18E033: clipped (36000×36000 px)
[23:17:05]               tile N18E036: clipped (31248×36000 px)
[23:17:13]               tile N21E024: clipped (24230×11946 px)
[23:17:25]               tile N21E027: clipped (36000×11942 px)
[23:17:45]               tile N21E030: clipped (36000×14725 px)
[23:17:57]               tile N21E033: clipped (36000×11949 px)
[23:18:02]               tile N21E036: clipped (15758×11950 px)
[23:18:13]     ERROR: clip-mosaic failed — Unable to allocate 29.8 GiB for an array with shape (1, 158725, 201536) and data type uint8
[23:18:13] 
[53/54] Democratic Republic of the Congo
[23:18:13]     bbox [12.21, -13.46, 31.28, 5.38]
[23:18:13]     tiles to check: 49
[23:18:13]       tile S12E012: attempt 1 failed (ConnectionError: HTTPSConnectionPool(host='esa-worldcover.s3.eu-central-1.amazonaws.com', port=443): Max retries exceeded with url: /v200/2021/map/ESA_WorldCover_10m_2021_v200_S12E012_Map.tif (Caused by NameResolutionError("HTTPSConnection(host='esa-worldcover.s3.eu-central-1.amazonaws.com', port=443): Failed to resolve 'esa-worldcover.s3.eu-central-1.amazonaws.com' ([Errno 11001] getaddrinfo failed)"))) — retry in 2s
[23:18:15]       tile S12E012: attempt 2 failed (ConnectionError: HTTPSConnectionPool(host='esa-worldcover.s3.eu-central-1.amazonaws.com', port=443): Max retries exceeded with url: /v200/2021/map/ESA_WorldCover_10m_2021_v200_S12E012_Map.tif (Caused by NameResolutionError("HTTPSConnection(host='esa-worldcover.s3.eu-central-1.amazonaws.com', port=443): Failed to resolve 'esa-worldcover.s3.eu-central-1.amazonaws.com' ([Errno 11001] getaddrinfo failed)"))) — retry in 4s
[23:18:19]       WARNING: tile S12E012 failed after 3 attempts — HTTPSConnectionPool(host='esa-worldcover.s3.eu-central-1.amazonaws.com', port=443): Max retries exceeded with url: /v200/2021/map/ESA_WorldCover_10m_2021_v200_S12E012_Map.tif (Caused by NameResolutionError("HTTPSConnection(host='esa-worldcover.s3.eu-central-1.amazonaws.com', port=443): Failed to resolve 'esa-worldcover.s3.eu-central-1.amazonaws.com' ([Errno 11001] getaddrinfo failed)"))
[23:18:19]       tile S12E015: attempt 1 failed (ConnectionError: HTTPSConnectionPool(host='esa-worldcover.s3.eu-central-1.amazonaws.com', port=443): Max retries exceeded with url: /v200/2021/map/ESA_WorldCover_10m_2021_v200_S12E015_Map.tif (Caused by NameResolutionError("HTTPSConnection(host='esa-worldcover.s3.eu-central-1.amazonaws.com', port=443): Failed to resolve 'esa-worldcover.s3.eu-central-1.amazonaws.com' ([Errno 11001] getaddrinfo failed)"))) — retry in 2s
[23:18:21]       tile S12E015: attempt 2 failed (ConnectionError: HTTPSConnectionPool(host='esa-worldcover.s3.eu-central-1.amazonaws.com', port=443): Max retries exceeded with url: /v200/2021/map/ESA_WorldCover_10m_2021_v200_S12E015_Map.tif (Caused by NameResolutionError("HTTPSConnection(host='esa-worldcover.s3.eu-central-1.amazonaws.com', port=443): Failed to resolve 'esa-worldcover.s3.eu-central-1.amazonaws.com' ([Errno 11001] getaddrinfo failed)"))) — retry in 4s
[23:18:25]       WARNING: tile S12E015 failed after 3 attempts — HTTPSConnectionPool(host='esa-worldcover.s3.eu-central-1.amazonaws.com', port=443): Max retries exceeded with url: /v200/2021/map/ESA_WorldCover_10m_2021_v200_S12E015_Map.tif (Caused by NameResolutionError("HTTPSConnection(host='esa-worldcover.s3.eu-central-1.amazonaws.com', port=443): Failed to resolve 'esa-worldcover.s3.eu-central-1.amazonaws.com' ([Errno 11001] getaddrinfo failed)"))
[23:18:25]       tile S12E018: attempt 1 failed (ConnectionError: HTTPSConnectionPool(host='esa-worldcover.s3.eu-central-1.amazonaws.com', port=443): Max retries exceeded with url: /v200/2021/map/ESA_WorldCover_10m_2021_v200_S12E018_Map.tif (Caused by NameResolutionError("HTTPSConnection(host='esa-worldcover.s3.eu-central-1.amazonaws.com', port=443): Failed to resolve 'esa-worldcover.s3.eu-central-1.amazonaws.com' ([Errno 11001] getaddrinfo failed)"))) — retry in 2s
[23:18:27]       tile S12E018: attempt 2 failed (ConnectionError: HTTPSConnectionPool(host='esa-worldcover.s3.eu-central-1.amazonaws.com', port=443): Max retries exceeded with url: /v200/2021/map/ESA_WorldCover_10m_2021_v200_S12E018_Map.tif (Caused by NameResolutionError("HTTPSConnection(host='esa-worldcover.s3.eu-central-1.amazonaws.com', port=443): Failed to resolve 'esa-worldcover.s3.eu-central-1.amazonaws.com' ([Errno 11001] getaddrinfo failed)"))) — retry in 4s
[23:18:31]       WARNING: tile S12E018 failed after 3 attempts — HTTPSConnectionPool(host='esa-worldcover.s3.eu-central-1.amazonaws.com', port=443): Max retries exceeded with url: /v200/2021/map/ESA_WorldCover_10m_2021_v200_S12E018_Map.tif (Caused by NameResolutionError("HTTPSConnection(host='esa-worldcover.s3.eu-central-1.amazonaws.com', port=443): Failed to resolve 'esa-worldcover.s3.eu-central-1.amazonaws.com' ([Errno 11001] getaddrinfo failed)"))
[23:18:31]       tile S12E021: attempt 1 failed (ConnectionError: HTTPSConnectionPool(host='esa-worldcover.s3.eu-central-1.amazonaws.com', port=443): Max retries exceeded with url: /v200/2021/map/ESA_WorldCover_10m_2021_v200_S12E021_Map.tif (Caused by NameResolutionError("HTTPSConnection(host='esa-worldcover.s3.eu-central-1.amazonaws.com', port=443): Failed to resolve 'esa-worldcover.s3.eu-central-1.amazonaws.com' ([Errno 11001] getaddrinfo failed)"))) — retry in 2s
[23:18:33]       tile S12E021: attempt 2 failed (ConnectionError: HTTPSConnectionPool(host='esa-worldcover.s3.eu-central-1.amazonaws.com', port=443): Max retries exceeded with url: /v200/2021/map/ESA_WorldCover_10m_2021_v200_S12E021_Map.tif (Caused by NameResolutionError("HTTPSConnection(host='esa-worldcover.s3.eu-central-1.amazonaws.com', port=443): Failed to resolve 'esa-worldcover.s3.eu-central-1.amazonaws.com' ([Errno 11001] getaddrinfo failed)"))) — retry in 4s
[23:18:37]       WARNING: tile S12E021 failed after 3 attempts — HTTPSConnectionPool(host='esa-worldcover.s3.eu-central-1.amazonaws.com', port=443): Max retries exceeded with url: /v200/2021/map/ESA_WorldCover_10m_2021_v200_S12E021_Map.tif (Caused by NameResolutionError("HTTPSConnection(host='esa-worldcover.s3.eu-central-1.amazonaws.com', port=443): Failed to resolve 'esa-worldcover.s3.eu-central-1.amazonaws.com' ([Errno 11001] getaddrinfo failed)"))
[23:18:37]       tile S12E024: attempt 1 failed (ConnectionError: HTTPSConnectionPool(host='esa-worldcover.s3.eu-central-1.amazonaws.com', port=443): Max retries exceeded with url: /v200/2021/map/ESA_WorldCover_10m_2021_v200_S12E024_Map.tif (Caused by NameResolutionError("HTTPSConnection(host='esa-worldcover.s3.eu-central-1.amazonaws.com', port=443): Failed to resolve 'esa-worldcover.s3.eu-central-1.amazonaws.com' ([Errno 11001] getaddrinfo failed)"))) — retry in 2s
[23:18:39]       tile S12E024: attempt 2 failed (ConnectionError: HTTPSConnectionPool(host='esa-worldcover.s3.eu-central-1.amazonaws.com', port=443): Max retries exceeded with url: /v200/2021/map/ESA_WorldCover_10m_2021_v200_S12E024_Map.tif (Caused by NameResolutionError("HTTPSConnection(host='esa-worldcover.s3.eu-central-1.amazonaws.com', port=443): Failed to resolve 'esa-worldcover.s3.eu-central-1.amazonaws.com' ([Errno 11001] getaddrinfo failed)"))) — retry in 4s
[23:18:43]       WARNING: tile S12E024 failed after 3 attempts — HTTPSConnectionPool(host='esa-worldcover.s3.eu-central-1.amazonaws.com', port=443): Max retries exceeded with url: /v200/2021/map/ESA_WorldCover_10m_2021_v200_S12E024_Map.tif (Caused by NameResolutionError("HTTPSConnection(host='esa-worldcover.s3.eu-central-1.amazonaws.com', port=443): Failed to resolve 'esa-worldcover.s3.eu-central-1.amazonaws.com' ([Errno 11001] getaddrinfo failed)"))
[23:18:44]       tile S12E027: attempt 1 failed (ConnectionError: HTTPSConnectionPool(host='esa-worldcover.s3.eu-central-1.amazonaws.com', port=443): Max retries exceeded with url: /v200/2021/map/ESA_WorldCover_10m_2021_v200_S12E027_Map.tif (Caused by NameResolutionError("HTTPSConnection(host='esa-worldcover.s3.eu-central-1.amazonaws.com', port=443): Failed to resolve 'esa-worldcover.s3.eu-central-1.amazonaws.com' ([Errno 11001] getaddrinfo failed)"))) — retry in 2s
[23:18:46]       tile S12E027: attempt 2 failed (ConnectionError: HTTPSConnectionPool(host='esa-worldcover.s3.eu-central-1.amazonaws.com', port=443): Max retries exceeded with url: /v200/2021/map/ESA_WorldCover_10m_2021_v200_S12E027_Map.tif (Caused by NameResolutionError("HTTPSConnection(host='esa-worldcover.s3.eu-central-1.amazonaws.com', port=443): Failed to resolve 'esa-worldcover.s3.eu-central-1.amazonaws.com' ([Errno 11001] getaddrinfo failed)"))) — retry in 4s
[23:18:50]       WARNING: tile S12E027 failed after 3 attempts — HTTPSConnectionPool(host='esa-worldcover.s3.eu-central-1.amazonaws.com', port=443): Max retries exceeded with url: /v200/2021/map/ESA_WorldCover_10m_2021_v200_S12E027_Map.tif (Caused by NameResolutionError("HTTPSConnection(host='esa-worldcover.s3.eu-central-1.amazonaws.com', port=443): Failed to resolve 'esa-worldcover.s3.eu-central-1.amazonaws.com' ([Errno 11001] getaddrinfo failed)"))
[23:18:50]       tile S09E012: attempt 1 failed (ConnectionError: HTTPSConnectionPool(host='esa-worldcover.s3.eu-central-1.amazonaws.com', port=443): Max retries exceeded with url: /v200/2021/map/ESA_WorldCover_10m_2021_v200_S09E012_Map.tif (Caused by NameResolutionError("HTTPSConnection(host='esa-worldcover.s3.eu-central-1.amazonaws.com', port=443): Failed to resolve 'esa-worldcover.s3.eu-central-1.amazonaws.com' ([Errno 11001] getaddrinfo failed)"))) — retry in 2s
[23:18:52]       tile S09E012: attempt 2 failed (ConnectionError: HTTPSConnectionPool(host='esa-worldcover.s3.eu-central-1.amazonaws.com', port=443): Max retries exceeded with url: /v200/2021/map/ESA_WorldCover_10m_2021_v200_S09E012_Map.tif (Caused by NameResolutionError("HTTPSConnection(host='esa-worldcover.s3.eu-central-1.amazonaws.com', port=443): Failed to resolve 'esa-worldcover.s3.eu-central-1.amazonaws.com' ([Errno 11001] getaddrinfo failed)"))) — retry in 4s
[23:18:56]       WARNING: tile S09E012 failed after 3 attempts — HTTPSConnectionPool(host='esa-worldcover.s3.eu-central-1.amazonaws.com', port=443): Max retries exceeded with url: /v200/2021/map/ESA_WorldCover_10m_2021_v200_S09E012_Map.tif (Caused by NameResolutionError("HTTPSConnection(host='esa-worldcover.s3.eu-central-1.amazonaws.com', port=443): Failed to resolve 'esa-worldcover.s3.eu-central-1.amazonaws.com' ([Errno 11001] getaddrinfo failed)"))
[23:18:56]       tile S09E015: attempt 1 failed (ConnectionError: HTTPSConnectionPool(host='esa-worldcover.s3.eu-central-1.amazonaws.com', port=443): Max retries exceeded with url: /v200/2021/map/ESA_WorldCover_10m_2021_v200_S09E015_Map.tif (Caused by NameResolutionError("HTTPSConnection(host='esa-worldcover.s3.eu-central-1.amazonaws.com', port=443): Failed to resolve 'esa-worldcover.s3.eu-central-1.amazonaws.com' ([Errno 11001] getaddrinfo failed)"))) — retry in 2s
[23:18:58]       tile S09E015: attempt 2 failed (ConnectionError: HTTPSConnectionPool(host='esa-worldcover.s3.eu-central-1.amazonaws.com', port=443): Max retries exceeded with url: /v200/2021/map/ESA_WorldCover_10m_2021_v200_S09E015_Map.tif (Caused by NameResolutionError("HTTPSConnection(host='esa-worldcover.s3.eu-central-1.amazonaws.com', port=443): Failed to resolve 'esa-worldcover.s3.eu-central-1.amazonaws.com' ([Errno 11001] getaddrinfo failed)"))) — retry in 4s
[23:19:02]       WARNING: tile S09E015 failed after 3 attempts — HTTPSConnectionPool(host='esa-worldcover.s3.eu-central-1.amazonaws.com', port=443): Max retries exceeded with url: /v200/2021/map/ESA_WorldCover_10m_2021_v200_S09E015_Map.tif (Caused by NameResolutionError("HTTPSConnection(host='esa-worldcover.s3.eu-central-1.amazonaws.com', port=443): Failed to resolve 'esa-worldcover.s3.eu-central-1.amazonaws.com' ([Errno 11001] getaddrinfo failed)"))
[23:19:02]       tile S09E018: attempt 1 failed (ConnectionError: HTTPSConnectionPool(host='esa-worldcover.s3.eu-central-1.amazonaws.com', port=443): Max retries exceeded with url: /v200/2021/map/ESA_WorldCover_10m_2021_v200_S09E018_Map.tif (Caused by NameResolutionError("HTTPSConnection(host='esa-worldcover.s3.eu-central-1.amazonaws.com', port=443): Failed to resolve 'esa-worldcover.s3.eu-central-1.amazonaws.com' ([Errno 11001] getaddrinfo failed)"))) — retry in 2s
[23:19:04]       tile S09E018: attempt 2 failed (ConnectionError: HTTPSConnectionPool(host='esa-worldcover.s3.eu-central-1.amazonaws.com', port=443): Max retries exceeded with url: /v200/2021/map/ESA_WorldCover_10m_2021_v200_S09E018_Map.tif (Caused by NameResolutionError("HTTPSConnection(host='esa-worldcover.s3.eu-central-1.amazonaws.com', port=443): Failed to resolve 'esa-worldcover.s3.eu-central-1.amazonaws.com' ([Errno 11001] getaddrinfo failed)"))) — retry in 4s
[23:19:08]       WARNING: tile S09E018 failed after 3 attempts — HTTPSConnectionPool(host='esa-worldcover.s3.eu-central-1.amazonaws.com', port=443): Max retries exceeded with url: /v200/2021/map/ESA_WorldCover_10m_2021_v200_S09E018_Map.tif (Caused by NameResolutionError("HTTPSConnection(host='esa-worldcover.s3.eu-central-1.amazonaws.com', port=443): Failed to resolve 'esa-worldcover.s3.eu-central-1.amazonaws.com' ([Errno 11001] getaddrinfo failed)"))
[23:19:08]       tile S09E021: attempt 1 failed (ConnectionError: HTTPSConnectionPool(host='esa-worldcover.s3.eu-central-1.amazonaws.com', port=443): Max retries exceeded with url: /v200/2021/map/ESA_WorldCover_10m_2021_v200_S09E021_Map.tif (Caused by NameResolutionError("HTTPSConnection(host='esa-worldcover.s3.eu-central-1.amazonaws.com', port=443): Failed to resolve 'esa-worldcover.s3.eu-central-1.amazonaws.com' ([Errno 11001] getaddrinfo failed)"))) — retry in 2s
[23:19:10]       tile S09E021: attempt 2 failed (ConnectionError: HTTPSConnectionPool(host='esa-worldcover.s3.eu-central-1.amazonaws.com', port=443): Max retries exceeded with url: /v200/2021/map/ESA_WorldCover_10m_2021_v200_S09E021_Map.tif (Caused by NameResolutionError("HTTPSConnection(host='esa-worldcover.s3.eu-central-1.amazonaws.com', port=443): Failed to resolve 'esa-worldcover.s3.eu-central-1.amazonaws.com' ([Errno 11001] getaddrinfo failed)"))) — retry in 4s
[23:19:14]       WARNING: tile S09E021 failed after 3 attempts — HTTPSConnectionPool(host='esa-worldcover.s3.eu-central-1.amazonaws.com', port=443): Max retries exceeded with url: /v200/2021/map/ESA_WorldCover_10m_2021_v200_S09E021_Map.tif (Caused by NameResolutionError("HTTPSConnection(host='esa-worldcover.s3.eu-central-1.amazonaws.com', port=443): Failed to resolve 'esa-worldcover.s3.eu-central-1.amazonaws.com' ([Errno 11001] getaddrinfo failed)"))
[23:19:14]       tile S09E024: attempt 1 failed (ConnectionError: HTTPSConnectionPool(host='esa-worldcover.s3.eu-central-1.amazonaws.com', port=443): Max retries exceeded with url: /v200/2021/map/ESA_WorldCover_10m_2021_v200_S09E024_Map.tif (Caused by NameResolutionError("HTTPSConnection(host='esa-worldcover.s3.eu-central-1.amazonaws.com', port=443): Failed to resolve 'esa-worldcover.s3.eu-central-1.amazonaws.com' ([Errno 11001] getaddrinfo failed)"))) — retry in 2s
[23:19:16]       tile S09E024: attempt 2 failed (ConnectionError: HTTPSConnectionPool(host='esa-worldcover.s3.eu-central-1.amazonaws.com', port=443): Max retries exceeded with url: /v200/2021/map/ESA_WorldCover_10m_2021_v200_S09E024_Map.tif (Caused by NameResolutionError("HTTPSConnection(host='esa-worldcover.s3.eu-central-1.amazonaws.com', port=443): Failed to resolve 'esa-worldcover.s3.eu-central-1.amazonaws.com' ([Errno 11001] getaddrinfo failed)"))) — retry in 4s
[23:19:20]       WARNING: tile S09E024 failed after 3 attempts — HTTPSConnectionPool(host='esa-worldcover.s3.eu-central-1.amazonaws.com', port=443): Max retries exceeded with url: /v200/2021/map/ESA_WorldCover_10m_2021_v200_S09E024_Map.tif (Caused by NameResolutionError("HTTPSConnection(host='esa-worldcover.s3.eu-central-1.amazonaws.com', port=443): Failed to resolve 'esa-worldcover.s3.eu-central-1.amazonaws.com' ([Errno 11001] getaddrinfo failed)"))
[23:19:20]       tile S06E012: attempt 1 failed (ConnectionError: HTTPSConnectionPool(host='esa-worldcover.s3.eu-central-1.amazonaws.com', port=443): Max retries exceeded with url: /v200/2021/map/ESA_WorldCover_10m_2021_v200_S06E012_Map.tif (Caused by NameResolutionError("HTTPSConnection(host='esa-worldcover.s3.eu-central-1.amazonaws.com', port=443): Failed to resolve 'esa-worldcover.s3.eu-central-1.amazonaws.com' ([Errno 11001] getaddrinfo failed)"))) — retry in 2s
[23:19:22]       tile S06E012: attempt 2 failed (ConnectionError: HTTPSConnectionPool(host='esa-worldcover.s3.eu-central-1.amazonaws.com', port=443): Max retries exceeded with url: /v200/2021/map/ESA_WorldCover_10m_2021_v200_S06E012_Map.tif (Caused by NameResolutionError("HTTPSConnection(host='esa-worldcover.s3.eu-central-1.amazonaws.com', port=443): Failed to resolve 'esa-worldcover.s3.eu-central-1.amazonaws.com' ([Errno 11001] getaddrinfo failed)"))) — retry in 4s
[23:19:26]       WARNING: tile S06E012 failed after 3 attempts — HTTPSConnectionPool(host='esa-worldcover.s3.eu-central-1.amazonaws.com', port=443): Max retries exceeded with url: /v200/2021/map/ESA_WorldCover_10m_2021_v200_S06E012_Map.tif (Caused by NameResolutionError("HTTPSConnection(host='esa-worldcover.s3.eu-central-1.amazonaws.com', port=443): Failed to resolve 'esa-worldcover.s3.eu-central-1.amazonaws.com' ([Errno 11001] getaddrinfo failed)"))
[23:19:26]       tile S06E015: attempt 1 failed (ConnectionError: HTTPSConnectionPool(host='esa-worldcover.s3.eu-central-1.amazonaws.com', port=443): Max retries exceeded with url: /v200/2021/map/ESA_WorldCover_10m_2021_v200_S06E015_Map.tif (Caused by NameResolutionError("HTTPSConnection(host='esa-worldcover.s3.eu-central-1.amazonaws.com', port=443): Failed to resolve 'esa-worldcover.s3.eu-central-1.amazonaws.com' ([Errno 11001] getaddrinfo failed)"))) — retry in 2s
[23:19:28]       tile S06E015: attempt 2 failed (ConnectionError: HTTPSConnectionPool(host='esa-worldcover.s3.eu-central-1.amazonaws.com', port=443): Max retries exceeded with url: /v200/2021/map/ESA_WorldCover_10m_2021_v200_S06E015_Map.tif (Caused by NameResolutionError("HTTPSConnection(host='esa-worldcover.s3.eu-central-1.amazonaws.com', port=443): Failed to resolve 'esa-worldcover.s3.eu-central-1.amazonaws.com' ([Errno 11001] getaddrinfo failed)"))) — retry in 4s
[23:19:32]       WARNING: tile S06E015 failed after 3 attempts — HTTPSConnectionPool(host='esa-worldcover.s3.eu-central-1.amazonaws.com', port=443): Max retries exceeded with url: /v200/2021/map/ESA_WorldCover_10m_2021_v200_S06E015_Map.tif (Caused by NameResolutionError("HTTPSConnection(host='esa-worldcover.s3.eu-central-1.amazonaws.com', port=443): Failed to resolve 'esa-worldcover.s3.eu-central-1.amazonaws.com' ([Errno 11001] getaddrinfo failed)"))
[23:19:32]       tile S06E018: attempt 1 failed (ConnectionError: HTTPSConnectionPool(host='esa-worldcover.s3.eu-central-1.amazonaws.com', port=443): Max retries exceeded with url: /v200/2021/map/ESA_WorldCover_10m_2021_v200_S06E018_Map.tif (Caused by NameResolutionError("HTTPSConnection(host='esa-worldcover.s3.eu-central-1.amazonaws.com', port=443): Failed to resolve 'esa-worldcover.s3.eu-central-1.amazonaws.com' ([Errno 11001] getaddrinfo failed)"))) — retry in 2s
[23:19:34]       tile S06E018: attempt 2 failed (ConnectionError: HTTPSConnectionPool(host='esa-worldcover.s3.eu-central-1.amazonaws.com', port=443): Max retries exceeded with url: /v200/2021/map/ESA_WorldCover_10m_2021_v200_S06E018_Map.tif (Caused by NameResolutionError("HTTPSConnection(host='esa-worldcover.s3.eu-central-1.amazonaws.com', port=443): Failed to resolve 'esa-worldcover.s3.eu-central-1.amazonaws.com' ([Errno 11001] getaddrinfo failed)"))) — retry in 4s
[23:19:38]       WARNING: tile S06E018 failed after 3 attempts — HTTPSConnectionPool(host='esa-worldcover.s3.eu-central-1.amazonaws.com', port=443): Max retries exceeded with url: /v200/2021/map/ESA_WorldCover_10m_2021_v200_S06E018_Map.tif (Caused by NameResolutionError("HTTPSConnection(host='esa-worldcover.s3.eu-central-1.amazonaws.com', port=443): Failed to resolve 'esa-worldcover.s3.eu-central-1.amazonaws.com' ([Errno 11001] getaddrinfo failed)"))
[23:19:38]       tile S06E021: attempt 1 failed (ConnectionError: HTTPSConnectionPool(host='esa-worldcover.s3.eu-central-1.amazonaws.com', port=443): Max retries exceeded with url: /v200/2021/map/ESA_WorldCover_10m_2021_v200_S06E021_Map.tif (Caused by NameResolutionError("HTTPSConnection(host='esa-worldcover.s3.eu-central-1.amazonaws.com', port=443): Failed to resolve 'esa-worldcover.s3.eu-central-1.amazonaws.com' ([Errno 11001] getaddrinfo failed)"))) — retry in 2s
[23:19:40]       tile S06E021: attempt 2 failed (ConnectionError: HTTPSConnectionPool(host='esa-worldcover.s3.eu-central-1.amazonaws.com', port=443): Max retries exceeded with url: /v200/2021/map/ESA_WorldCover_10m_2021_v200_S06E021_Map.tif (Caused by NameResolutionError("HTTPSConnection(host='esa-worldcover.s3.eu-central-1.amazonaws.com', port=443): Failed to resolve 'esa-worldcover.s3.eu-central-1.amazonaws.com' ([Errno 11001] getaddrinfo failed)"))) — retry in 4s
[23:19:44]       WARNING: tile S06E021 failed after 3 attempts — HTTPSConnectionPool(host='esa-worldcover.s3.eu-central-1.amazonaws.com', port=443): Max retries exceeded with url: /v200/2021/map/ESA_WorldCover_10m_2021_v200_S06E021_Map.tif (Caused by NameResolutionError("HTTPSConnection(host='esa-worldcover.s3.eu-central-1.amazonaws.com', port=443): Failed to resolve 'esa-worldcover.s3.eu-central-1.amazonaws.com' ([Errno 11001] getaddrinfo failed)"))
[23:19:44]       tile S06E024: attempt 1 failed (ConnectionError: HTTPSConnectionPool(host='esa-worldcover.s3.eu-central-1.amazonaws.com', port=443): Max retries exceeded with url: /v200/2021/map/ESA_WorldCover_10m_2021_v200_S06E024_Map.tif (Caused by NameResolutionError("HTTPSConnection(host='esa-worldcover.s3.eu-central-1.amazonaws.com', port=443): Failed to resolve 'esa-worldcover.s3.eu-central-1.amazonaws.com' ([Errno 11001] getaddrinfo failed)"))) — retry in 2s
[23:19:46]       tile S06E024: attempt 2 failed (ConnectionError: HTTPSConnectionPool(host='esa-worldcover.s3.eu-central-1.amazonaws.com', port=443): Max retries exceeded with url: /v200/2021/map/ESA_WorldCover_10m_2021_v200_S06E024_Map.tif (Caused by NameResolutionError("HTTPSConnection(host='esa-worldcover.s3.eu-central-1.amazonaws.com', port=443): Failed to resolve 'esa-worldcover.s3.eu-central-1.amazonaws.com' ([Errno 11001] getaddrinfo failed)"))) — retry in 4s
[23:19:50]       WARNING: tile S06E024 failed after 3 attempts — HTTPSConnectionPool(host='esa-worldcover.s3.eu-central-1.amazonaws.com', port=443): Max retries exceeded with url: /v200/2021/map/ESA_WorldCover_10m_2021_v200_S06E024_Map.tif (Caused by NameResolutionError("HTTPSConnection(host='esa-worldcover.s3.eu-central-1.amazonaws.com', port=443): Failed to resolve 'esa-worldcover.s3.eu-central-1.amazonaws.com' ([Errno 11001] getaddrinfo failed)"))
[23:19:50]       tile S03E012: attempt 1 failed (ConnectionError: HTTPSConnectionPool(host='esa-worldcover.s3.eu-central-1.amazonaws.com', port=443): Max retries exceeded with url: /v200/2021/map/ESA_WorldCover_10m_2021_v200_S03E012_Map.tif (Caused by NameResolutionError("HTTPSConnection(host='esa-worldcover.s3.eu-central-1.amazonaws.com', port=443): Failed to resolve 'esa-worldcover.s3.eu-central-1.amazonaws.com' ([Errno 11001] getaddrinfo failed)"))) — retry in 2s
[23:19:52]       tile S03E012: attempt 2 failed (ConnectionError: HTTPSConnectionPool(host='esa-worldcover.s3.eu-central-1.amazonaws.com', port=443): Max retries exceeded with url: /v200/2021/map/ESA_WorldCover_10m_2021_v200_S03E012_Map.tif (Caused by NameResolutionError("HTTPSConnection(host='esa-worldcover.s3.eu-central-1.amazonaws.com', port=443): Failed to resolve 'esa-worldcover.s3.eu-central-1.amazonaws.com' ([Errno 11001] getaddrinfo failed)"))) — retry in 4s
[23:19:56]       WARNING: tile S03E012 failed after 3 attempts — HTTPSConnectionPool(host='esa-worldcover.s3.eu-central-1.amazonaws.com', port=443): Max retries exceeded with url: /v200/2021/map/ESA_WorldCover_10m_2021_v200_S03E012_Map.tif (Caused by NameResolutionError("HTTPSConnection(host='esa-worldcover.s3.eu-central-1.amazonaws.com', port=443): Failed to resolve 'esa-worldcover.s3.eu-central-1.amazonaws.com' ([Errno 11001] getaddrinfo failed)"))
[23:19:56]       tile S03E015: attempt 1 failed (ConnectionError: HTTPSConnectionPool(host='esa-worldcover.s3.eu-central-1.amazonaws.com', port=443): Max retries exceeded with url: /v200/2021/map/ESA_WorldCover_10m_2021_v200_S03E015_Map.tif (Caused by NameResolutionError("HTTPSConnection(host='esa-worldcover.s3.eu-central-1.amazonaws.com', port=443): Failed to resolve 'esa-worldcover.s3.eu-central-1.amazonaws.com' ([Errno 11001] getaddrinfo failed)"))) — retry in 2s
[23:19:58]       tile S03E015: attempt 2 failed (ConnectionError: HTTPSConnectionPool(host='esa-worldcover.s3.eu-central-1.amazonaws.com', port=443): Max retries exceeded with url: /v200/2021/map/ESA_WorldCover_10m_2021_v200_S03E015_Map.tif (Caused by NameResolutionError("HTTPSConnection(host='esa-worldcover.s3.eu-central-1.amazonaws.com', port=443): Failed to resolve 'esa-worldcover.s3.eu-central-1.amazonaws.com' ([Errno 11001] getaddrinfo failed)"))) — retry in 4s
[23:20:02]       WARNING: tile S03E015 failed after 3 attempts — HTTPSConnectionPool(host='esa-worldcover.s3.eu-central-1.amazonaws.com', port=443): Max retries exceeded with url: /v200/2021/map/ESA_WorldCover_10m_2021_v200_S03E015_Map.tif (Caused by NameResolutionError("HTTPSConnection(host='esa-worldcover.s3.eu-central-1.amazonaws.com', port=443): Failed to resolve 'esa-worldcover.s3.eu-central-1.amazonaws.com' ([Errno 11001] getaddrinfo failed)"))
[23:20:02]       tile S03E018: attempt 1 failed (ConnectionError: HTTPSConnectionPool(host='esa-worldcover.s3.eu-central-1.amazonaws.com', port=443): Max retries exceeded with url: /v200/2021/map/ESA_WorldCover_10m_2021_v200_S03E018_Map.tif (Caused by NameResolutionError("HTTPSConnection(host='esa-worldcover.s3.eu-central-1.amazonaws.com', port=443): Failed to resolve 'esa-worldcover.s3.eu-central-1.amazonaws.com' ([Errno 11001] getaddrinfo failed)"))) — retry in 2s
[23:20:04]       tile S03E018: attempt 2 failed (ConnectionError: HTTPSConnectionPool(host='esa-worldcover.s3.eu-central-1.amazonaws.com', port=443): Max retries exceeded with url: /v200/2021/map/ESA_WorldCover_10m_2021_v200_S03E018_Map.tif (Caused by NameResolutionError("HTTPSConnection(host='esa-worldcover.s3.eu-central-1.amazonaws.com', port=443): Failed to resolve 'esa-worldcover.s3.eu-central-1.amazonaws.com' ([Errno 11001] getaddrinfo failed)"))) — retry in 4s
[23:20:08]       WARNING: tile S03E018 failed after 3 attempts — HTTPSConnectionPool(host='esa-worldcover.s3.eu-central-1.amazonaws.com', port=443): Max retries exceeded with url: /v200/2021/map/ESA_WorldCover_10m_2021_v200_S03E018_Map.tif (Caused by NameResolutionError("HTTPSConnection(host='esa-worldcover.s3.eu-central-1.amazonaws.com', port=443): Failed to resolve 'esa-worldcover.s3.eu-central-1.amazonaws.com' ([Errno 11001] getaddrinfo failed)"))
[23:20:08]       tile S03E021: attempt 1 failed (ConnectionError: HTTPSConnectionPool(host='esa-worldcover.s3.eu-central-1.amazonaws.com', port=443): Max retries exceeded with url: /v200/2021/map/ESA_WorldCover_10m_2021_v200_S03E021_Map.tif (Caused by NameResolutionError("HTTPSConnection(host='esa-worldcover.s3.eu-central-1.amazonaws.com', port=443): Failed to resolve 'esa-worldcover.s3.eu-central-1.amazonaws.com' ([Errno 11001] getaddrinfo failed)"))) — retry in 2s
[23:20:10]       tile S03E021: attempt 2 failed (ConnectionError: HTTPSConnectionPool(host='esa-worldcover.s3.eu-central-1.amazonaws.com', port=443): Max retries exceeded with url: /v200/2021/map/ESA_WorldCover_10m_2021_v200_S03E021_Map.tif (Caused by NameResolutionError("HTTPSConnection(host='esa-worldcover.s3.eu-central-1.amazonaws.com', port=443): Failed to resolve 'esa-worldcover.s3.eu-central-1.amazonaws.com' ([Errno 11001] getaddrinfo failed)"))) — retry in 4s
[23:20:14]       WARNING: tile S03E021 failed after 3 attempts — HTTPSConnectionPool(host='esa-worldcover.s3.eu-central-1.amazonaws.com', port=443): Max retries exceeded with url: /v200/2021/map/ESA_WorldCover_10m_2021_v200_S03E021_Map.tif (Caused by NameResolutionError("HTTPSConnection(host='esa-worldcover.s3.eu-central-1.amazonaws.com', port=443): Failed to resolve 'esa-worldcover.s3.eu-central-1.amazonaws.com' ([Errno 11001] getaddrinfo failed)"))
[23:20:14]       tile S03E024: attempt 1 failed (ConnectionError: HTTPSConnectionPool(host='esa-worldcover.s3.eu-central-1.amazonaws.com', port=443): Max retries exceeded with url: /v200/2021/map/ESA_WorldCover_10m_2021_v200_S03E024_Map.tif (Caused by NameResolutionError("HTTPSConnection(host='esa-worldcover.s3.eu-central-1.amazonaws.com', port=443): Failed to resolve 'esa-worldcover.s3.eu-central-1.amazonaws.com' ([Errno 11001] getaddrinfo failed)"))) — retry in 2s
[23:20:16]       tile S03E024: attempt 2 failed (ConnectionError: HTTPSConnectionPool(host='esa-worldcover.s3.eu-central-1.amazonaws.com', port=443): Max retries exceeded with url: /v200/2021/map/ESA_WorldCover_10m_2021_v200_S03E024_Map.tif (Caused by NameResolutionError("HTTPSConnection(host='esa-worldcover.s3.eu-central-1.amazonaws.com', port=443): Failed to resolve 'esa-worldcover.s3.eu-central-1.amazonaws.com' ([Errno 11001] getaddrinfo failed)"))) — retry in 4s
[23:20:20]       WARNING: tile S03E024 failed after 3 attempts — HTTPSConnectionPool(host='esa-worldcover.s3.eu-central-1.amazonaws.com', port=443): Max retries exceeded with url: /v200/2021/map/ESA_WorldCover_10m_2021_v200_S03E024_Map.tif (Caused by NameResolutionError("HTTPSConnection(host='esa-worldcover.s3.eu-central-1.amazonaws.com', port=443): Failed to resolve 'esa-worldcover.s3.eu-central-1.amazonaws.com' ([Errno 11001] getaddrinfo failed)"))
[23:20:20]       tile N00E012: attempt 1 failed (ConnectionError: HTTPSConnectionPool(host='esa-worldcover.s3.eu-central-1.amazonaws.com', port=443): Max retries exceeded with url: /v200/2021/map/ESA_WorldCover_10m_2021_v200_N00E012_Map.tif (Caused by NameResolutionError("HTTPSConnection(host='esa-worldcover.s3.eu-central-1.amazonaws.com', port=443): Failed to resolve 'esa-worldcover.s3.eu-central-1.amazonaws.com' ([Errno 11001] getaddrinfo failed)"))) — retry in 2s
[23:20:22]       tile N00E012: attempt 2 failed (ConnectionError: HTTPSConnectionPool(host='esa-worldcover.s3.eu-central-1.amazonaws.com', port=443): Max retries exceeded with url: /v200/2021/map/ESA_WorldCover_10m_2021_v200_N00E012_Map.tif (Caused by NameResolutionError("HTTPSConnection(host='esa-worldcover.s3.eu-central-1.amazonaws.com', port=443): Failed to resolve 'esa-worldcover.s3.eu-central-1.amazonaws.com' ([Errno 11001] getaddrinfo failed)"))) — retry in 4s
[23:20:26]       WARNING: tile N00E012 failed after 3 attempts — HTTPSConnectionPool(host='esa-worldcover.s3.eu-central-1.amazonaws.com', port=443): Max retries exceeded with url: /v200/2021/map/ESA_WorldCover_10m_2021_v200_N00E012_Map.tif (Caused by NameResolutionError("HTTPSConnection(host='esa-worldcover.s3.eu-central-1.amazonaws.com', port=443): Failed to resolve 'esa-worldcover.s3.eu-central-1.amazonaws.com' ([Errno 11001] getaddrinfo failed)"))
[23:20:26]       tile N00E015: attempt 1 failed (ConnectionError: HTTPSConnectionPool(host='esa-worldcover.s3.eu-central-1.amazonaws.com', port=443): Max retries exceeded with url: /v200/2021/map/ESA_WorldCover_10m_2021_v200_N00E015_Map.tif (Caused by NameResolutionError("HTTPSConnection(host='esa-worldcover.s3.eu-central-1.amazonaws.com', port=443): Failed to resolve 'esa-worldcover.s3.eu-central-1.amazonaws.com' ([Errno 11001] getaddrinfo failed)"))) — retry in 2s
[23:20:28]       tile N00E015: attempt 2 failed (ConnectionError: HTTPSConnectionPool(host='esa-worldcover.s3.eu-central-1.amazonaws.com', port=443): Max retries exceeded with url: /v200/2021/map/ESA_WorldCover_10m_2021_v200_N00E015_Map.tif (Caused by NameResolutionError("HTTPSConnection(host='esa-worldcover.s3.eu-central-1.amazonaws.com', port=443): Failed to resolve 'esa-worldcover.s3.eu-central-1.amazonaws.com' ([Errno 11001] getaddrinfo failed)"))) — retry in 4s
[23:20:32]       WARNING: tile N00E015 failed after 3 attempts — HTTPSConnectionPool(host='esa-worldcover.s3.eu-central-1.amazonaws.com', port=443): Max retries exceeded with url: /v200/2021/map/ESA_WorldCover_10m_2021_v200_N00E015_Map.tif (Caused by NameResolutionError("HTTPSConnection(host='esa-worldcover.s3.eu-central-1.amazonaws.com', port=443): Failed to resolve 'esa-worldcover.s3.eu-central-1.amazonaws.com' ([Errno 11001] getaddrinfo failed)"))
[23:20:32]       tile N00E018: attempt 1 failed (ConnectionError: HTTPSConnectionPool(host='esa-worldcover.s3.eu-central-1.amazonaws.com', port=443): Max retries exceeded with url: /v200/2021/map/ESA_WorldCover_10m_2021_v200_N00E018_Map.tif (Caused by NameResolutionError("HTTPSConnection(host='esa-worldcover.s3.eu-central-1.amazonaws.com', port=443): Failed to resolve 'esa-worldcover.s3.eu-central-1.amazonaws.com' ([Errno 11001] getaddrinfo failed)"))) — retry in 2s
[23:20:34]       tile N00E018: attempt 2 failed (ConnectionError: HTTPSConnectionPool(host='esa-worldcover.s3.eu-central-1.amazonaws.com', port=443): Max retries exceeded with url: /v200/2021/map/ESA_WorldCover_10m_2021_v200_N00E018_Map.tif (Caused by NameResolutionError("HTTPSConnection(host='esa-worldcover.s3.eu-central-1.amazonaws.com', port=443): Failed to resolve 'esa-worldcover.s3.eu-central-1.amazonaws.com' ([Errno 11001] getaddrinfo failed)"))) — retry in 4s
[23:20:38]       WARNING: tile N00E018 failed after 3 attempts — HTTPSConnectionPool(host='esa-worldcover.s3.eu-central-1.amazonaws.com', port=443): Max retries exceeded with url: /v200/2021/map/ESA_WorldCover_10m_2021_v200_N00E018_Map.tif (Caused by NameResolutionError("HTTPSConnection(host='esa-worldcover.s3.eu-central-1.amazonaws.com', port=443): Failed to resolve 'esa-worldcover.s3.eu-central-1.amazonaws.com' ([Errno 11001] getaddrinfo failed)"))
[23:20:38]       tile N00E021: attempt 1 failed (ConnectionError: HTTPSConnectionPool(host='esa-worldcover.s3.eu-central-1.amazonaws.com', port=443): Max retries exceeded with url: /v200/2021/map/ESA_WorldCover_10m_2021_v200_N00E021_Map.tif (Caused by NameResolutionError("HTTPSConnection(host='esa-worldcover.s3.eu-central-1.amazonaws.com', port=443): Failed to resolve 'esa-worldcover.s3.eu-central-1.amazonaws.com' ([Errno 11001] getaddrinfo failed)"))) — retry in 2s
[23:20:40]       tile N00E021: attempt 2 failed (ConnectionError: HTTPSConnectionPool(host='esa-worldcover.s3.eu-central-1.amazonaws.com', port=443): Max retries exceeded with url: /v200/2021/map/ESA_WorldCover_10m_2021_v200_N00E021_Map.tif (Caused by NameResolutionError("HTTPSConnection(host='esa-worldcover.s3.eu-central-1.amazonaws.com', port=443): Failed to resolve 'esa-worldcover.s3.eu-central-1.amazonaws.com' ([Errno 11001] getaddrinfo failed)"))) — retry in 4s
[23:20:44]       WARNING: tile N00E021 failed after 3 attempts — HTTPSConnectionPool(host='esa-worldcover.s3.eu-central-1.amazonaws.com', port=443): Max retries exceeded with url: /v200/2021/map/ESA_WorldCover_10m_2021_v200_N00E021_Map.tif (Caused by NameResolutionError("HTTPSConnection(host='esa-worldcover.s3.eu-central-1.amazonaws.com', port=443): Failed to resolve 'esa-worldcover.s3.eu-central-1.amazonaws.com' ([Errno 11001] getaddrinfo failed)"))
[23:20:44]       tile N00E024: attempt 1 failed (ConnectionError: HTTPSConnectionPool(host='esa-worldcover.s3.eu-central-1.amazonaws.com', port=443): Max retries exceeded with url: /v200/2021/map/ESA_WorldCover_10m_2021_v200_N00E024_Map.tif (Caused by NameResolutionError("HTTPSConnection(host='esa-worldcover.s3.eu-central-1.amazonaws.com', port=443): Failed to resolve 'esa-worldcover.s3.eu-central-1.amazonaws.com' ([Errno 11001] getaddrinfo failed)"))) — retry in 2s
[23:20:46]       tile N00E024: attempt 2 failed (ConnectionError: HTTPSConnectionPool(host='esa-worldcover.s3.eu-central-1.amazonaws.com', port=443): Max retries exceeded with url: /v200/2021/map/ESA_WorldCover_10m_2021_v200_N00E024_Map.tif (Caused by NameResolutionError("HTTPSConnection(host='esa-worldcover.s3.eu-central-1.amazonaws.com', port=443): Failed to resolve 'esa-worldcover.s3.eu-central-1.amazonaws.com' ([Errno 11001] getaddrinfo failed)"))) — retry in 4s
[23:20:50]       WARNING: tile N00E024 failed after 3 attempts — HTTPSConnectionPool(host='esa-worldcover.s3.eu-central-1.amazonaws.com', port=443): Max retries exceeded with url: /v200/2021/map/ESA_WorldCover_10m_2021_v200_N00E024_Map.tif (Caused by NameResolutionError("HTTPSConnection(host='esa-worldcover.s3.eu-central-1.amazonaws.com', port=443): Failed to resolve 'esa-worldcover.s3.eu-central-1.amazonaws.com' ([Errno 11001] getaddrinfo failed)"))
[23:20:50]     tiles with data: 23
[23:21:42]               tile S09E027: clipped (36000×36000 px)
[23:21:46]               tile S09E030: clipped (9027×17878 px)
[23:22:29]               tile S06E027: clipped (31351×36000 px)
[23:23:19]               tile S03E027: clipped (32574×36000 px)
[23:24:15]               tile N00E027: clipped (36000×36000 px)
[23:24:27]               tile N00E030: clipped (15367×25663 px)
[23:24:53]               tile N03E018: clipped (29921×25864 px)
[23:25:23]               tile N03E021: clipped (36000×22451 px)
[23:26:01]               tile N03E024: clipped (36000×28505 px)
[23:26:32]               tile N03E027: clipped (36000×26442 px)
[23:26:42]               tile N03E030: clipped (10998×14462 px)
[23:26:43]     ERROR: clip-mosaic failed — Unable to allocate 24.6 GiB for an array with shape (1, 172505, 153288) and data type uint8
[23:26:43] 
[54/54] Algeria
[23:26:43]     bbox [-8.68, 18.98, 11.97, 37.09]
[23:26:43]     tiles to check: 56
[23:26:43]       tile N21W009: attempt 1 failed (ConnectionError: HTTPSConnectionPool(host='esa-worldcover.s3.eu-central-1.amazonaws.com', port=443): Max retries exceeded with url: /v200/2021/map/ESA_WorldCover_10m_2021_v200_N21W009_Map.tif (Caused by NameResolutionError("HTTPSConnection(host='esa-worldcover.s3.eu-central-1.amazonaws.com', port=443): Failed to resolve 'esa-worldcover.s3.eu-central-1.amazonaws.com' ([Errno 11001] getaddrinfo failed)"))) — retry in 2s
[23:26:45]       tile N21W009: attempt 2 failed (ConnectionError: HTTPSConnectionPool(host='esa-worldcover.s3.eu-central-1.amazonaws.com', port=443): Max retries exceeded with url: /v200/2021/map/ESA_WorldCover_10m_2021_v200_N21W009_Map.tif (Caused by NameResolutionError("HTTPSConnection(host='esa-worldcover.s3.eu-central-1.amazonaws.com', port=443): Failed to resolve 'esa-worldcover.s3.eu-central-1.amazonaws.com' ([Errno 11001] getaddrinfo failed)"))) — retry in 4s
[23:26:49]       WARNING: tile N21W009 failed after 3 attempts — HTTPSConnectionPool(host='esa-worldcover.s3.eu-central-1.amazonaws.com', port=443): Max retries exceeded with url: /v200/2021/map/ESA_WorldCover_10m_2021_v200_N21W009_Map.tif (Caused by NameResolutionError("HTTPSConnection(host='esa-worldcover.s3.eu-central-1.amazonaws.com', port=443): Failed to resolve 'esa-worldcover.s3.eu-central-1.amazonaws.com' ([Errno 11001] getaddrinfo failed)"))
[23:26:49]       tile N21W006: attempt 1 failed (ConnectionError: HTTPSConnectionPool(host='esa-worldcover.s3.eu-central-1.amazonaws.com', port=443): Max retries exceeded with url: /v200/2021/map/ESA_WorldCover_10m_2021_v200_N21W006_Map.tif (Caused by NameResolutionError("HTTPSConnection(host='esa-worldcover.s3.eu-central-1.amazonaws.com', port=443): Failed to resolve 'esa-worldcover.s3.eu-central-1.amazonaws.com' ([Errno 11001] getaddrinfo failed)"))) — retry in 2s
[23:26:51]       tile N21W006: attempt 2 failed (ConnectionError: HTTPSConnectionPool(host='esa-worldcover.s3.eu-central-1.amazonaws.com', port=443): Max retries exceeded with url: /v200/2021/map/ESA_WorldCover_10m_2021_v200_N21W006_Map.tif (Caused by NameResolutionError("HTTPSConnection(host='esa-worldcover.s3.eu-central-1.amazonaws.com', port=443): Failed to resolve 'esa-worldcover.s3.eu-central-1.amazonaws.com' ([Errno 11001] getaddrinfo failed)"))) — retry in 4s
[23:26:55]       WARNING: tile N21W006 failed after 3 attempts — HTTPSConnectionPool(host='esa-worldcover.s3.eu-central-1.amazonaws.com', port=443): Max retries exceeded with url: /v200/2021/map/ESA_WorldCover_10m_2021_v200_N21W006_Map.tif (Caused by NameResolutionError("HTTPSConnection(host='esa-worldcover.s3.eu-central-1.amazonaws.com', port=443): Failed to resolve 'esa-worldcover.s3.eu-central-1.amazonaws.com' ([Errno 11001] getaddrinfo failed)"))
[23:26:55]       tile N21W003: attempt 1 failed (ConnectionError: HTTPSConnectionPool(host='esa-worldcover.s3.eu-central-1.amazonaws.com', port=443): Max retries exceeded with url: /v200/2021/map/ESA_WorldCover_10m_2021_v200_N21W003_Map.tif (Caused by NameResolutionError("HTTPSConnection(host='esa-worldcover.s3.eu-central-1.amazonaws.com', port=443): Failed to resolve 'esa-worldcover.s3.eu-central-1.amazonaws.com' ([Errno 11001] getaddrinfo failed)"))) — retry in 2s
[23:26:57]       tile N21W003: attempt 2 failed (ConnectionError: HTTPSConnectionPool(host='esa-worldcover.s3.eu-central-1.amazonaws.com', port=443): Max retries exceeded with url: /v200/2021/map/ESA_WorldCover_10m_2021_v200_N21W003_Map.tif (Caused by NameResolutionError("HTTPSConnection(host='esa-worldcover.s3.eu-central-1.amazonaws.com', port=443): Failed to resolve 'esa-worldcover.s3.eu-central-1.amazonaws.com' ([Errno 11001] getaddrinfo failed)"))) — retry in 4s
[23:27:01]       WARNING: tile N21W003 failed after 3 attempts — HTTPSConnectionPool(host='esa-worldcover.s3.eu-central-1.amazonaws.com', port=443): Max retries exceeded with url: /v200/2021/map/ESA_WorldCover_10m_2021_v200_N21W003_Map.tif (Caused by NameResolutionError("HTTPSConnection(host='esa-worldcover.s3.eu-central-1.amazonaws.com', port=443): Failed to resolve 'esa-worldcover.s3.eu-central-1.amazonaws.com' ([Errno 11001] getaddrinfo failed)"))
[23:27:01]       tile N21E000: attempt 1 failed (ConnectionError: HTTPSConnectionPool(host='esa-worldcover.s3.eu-central-1.amazonaws.com', port=443): Max retries exceeded with url: /v200/2021/map/ESA_WorldCover_10m_2021_v200_N21E000_Map.tif (Caused by NameResolutionError("HTTPSConnection(host='esa-worldcover.s3.eu-central-1.amazonaws.com', port=443): Failed to resolve 'esa-worldcover.s3.eu-central-1.amazonaws.com' ([Errno 11001] getaddrinfo failed)"))) — retry in 2s
[23:27:03]       tile N21E000: attempt 2 failed (ConnectionError: HTTPSConnectionPool(host='esa-worldcover.s3.eu-central-1.amazonaws.com', port=443): Max retries exceeded with url: /v200/2021/map/ESA_WorldCover_10m_2021_v200_N21E000_Map.tif (Caused by NameResolutionError("HTTPSConnection(host='esa-worldcover.s3.eu-central-1.amazonaws.com', port=443): Failed to resolve 'esa-worldcover.s3.eu-central-1.amazonaws.com' ([Errno 11001] getaddrinfo failed)"))) — retry in 4s
[23:27:07]       WARNING: tile N21E000 failed after 3 attempts — HTTPSConnectionPool(host='esa-worldcover.s3.eu-central-1.amazonaws.com', port=443): Max retries exceeded with url: /v200/2021/map/ESA_WorldCover_10m_2021_v200_N21E000_Map.tif (Caused by NameResolutionError("HTTPSConnection(host='esa-worldcover.s3.eu-central-1.amazonaws.com', port=443): Failed to resolve 'esa-worldcover.s3.eu-central-1.amazonaws.com' ([Errno 11001] getaddrinfo failed)"))
[23:27:07]       tile N21E003: attempt 1 failed (ConnectionError: HTTPSConnectionPool(host='esa-worldcover.s3.eu-central-1.amazonaws.com', port=443): Max retries exceeded with url: /v200/2021/map/ESA_WorldCover_10m_2021_v200_N21E003_Map.tif (Caused by NameResolutionError("HTTPSConnection(host='esa-worldcover.s3.eu-central-1.amazonaws.com', port=443): Failed to resolve 'esa-worldcover.s3.eu-central-1.amazonaws.com' ([Errno 11001] getaddrinfo failed)"))) — retry in 2s
[23:27:09]       tile N21E003: attempt 2 failed (ConnectionError: HTTPSConnectionPool(host='esa-worldcover.s3.eu-central-1.amazonaws.com', port=443): Max retries exceeded with url: /v200/2021/map/ESA_WorldCover_10m_2021_v200_N21E003_Map.tif (Caused by NameResolutionError("HTTPSConnection(host='esa-worldcover.s3.eu-central-1.amazonaws.com', port=443): Failed to resolve 'esa-worldcover.s3.eu-central-1.amazonaws.com' ([Errno 11001] getaddrinfo failed)"))) — retry in 4s
[23:27:13]       WARNING: tile N21E003 failed after 3 attempts — HTTPSConnectionPool(host='esa-worldcover.s3.eu-central-1.amazonaws.com', port=443): Max retries exceeded with url: /v200/2021/map/ESA_WorldCover_10m_2021_v200_N21E003_Map.tif (Caused by NameResolutionError("HTTPSConnection(host='esa-worldcover.s3.eu-central-1.amazonaws.com', port=443): Failed to resolve 'esa-worldcover.s3.eu-central-1.amazonaws.com' ([Errno 11001] getaddrinfo failed)"))
[23:27:13]       tile N21E006: attempt 1 failed (ConnectionError: HTTPSConnectionPool(host='esa-worldcover.s3.eu-central-1.amazonaws.com', port=443): Max retries exceeded with url: /v200/2021/map/ESA_WorldCover_10m_2021_v200_N21E006_Map.tif (Caused by NameResolutionError("HTTPSConnection(host='esa-worldcover.s3.eu-central-1.amazonaws.com', port=443): Failed to resolve 'esa-worldcover.s3.eu-central-1.amazonaws.com' ([Errno 11001] getaddrinfo failed)"))) — retry in 2s
[23:27:15]       tile N21E006: attempt 2 failed (ConnectionError: HTTPSConnectionPool(host='esa-worldcover.s3.eu-central-1.amazonaws.com', port=443): Max retries exceeded with url: /v200/2021/map/ESA_WorldCover_10m_2021_v200_N21E006_Map.tif (Caused by NameResolutionError("HTTPSConnection(host='esa-worldcover.s3.eu-central-1.amazonaws.com', port=443): Failed to resolve 'esa-worldcover.s3.eu-central-1.amazonaws.com' ([Errno 11001] getaddrinfo failed)"))) — retry in 4s
[23:27:19]       WARNING: tile N21E006 failed after 3 attempts — HTTPSConnectionPool(host='esa-worldcover.s3.eu-central-1.amazonaws.com', port=443): Max retries exceeded with url: /v200/2021/map/ESA_WorldCover_10m_2021_v200_N21E006_Map.tif (Caused by NameResolutionError("HTTPSConnection(host='esa-worldcover.s3.eu-central-1.amazonaws.com', port=443): Failed to resolve 'esa-worldcover.s3.eu-central-1.amazonaws.com' ([Errno 11001] getaddrinfo failed)"))
[23:27:19]       tile N24W009: attempt 1 failed (ConnectionError: HTTPSConnectionPool(host='esa-worldcover.s3.eu-central-1.amazonaws.com', port=443): Max retries exceeded with url: /v200/2021/map/ESA_WorldCover_10m_2021_v200_N24W009_Map.tif (Caused by NameResolutionError("HTTPSConnection(host='esa-worldcover.s3.eu-central-1.amazonaws.com', port=443): Failed to resolve 'esa-worldcover.s3.eu-central-1.amazonaws.com' ([Errno 11001] getaddrinfo failed)"))) — retry in 2s
[23:27:21]       tile N24W009: attempt 2 failed (ConnectionError: HTTPSConnectionPool(host='esa-worldcover.s3.eu-central-1.amazonaws.com', port=443): Max retries exceeded with url: /v200/2021/map/ESA_WorldCover_10m_2021_v200_N24W009_Map.tif (Caused by NameResolutionError("HTTPSConnection(host='esa-worldcover.s3.eu-central-1.amazonaws.com', port=443): Failed to resolve 'esa-worldcover.s3.eu-central-1.amazonaws.com' ([Errno 11001] getaddrinfo failed)"))) — retry in 4s
[23:27:25]       WARNING: tile N24W009 failed after 3 attempts — HTTPSConnectionPool(host='esa-worldcover.s3.eu-central-1.amazonaws.com', port=443): Max retries exceeded with url: /v200/2021/map/ESA_WorldCover_10m_2021_v200_N24W009_Map.tif (Caused by NameResolutionError("HTTPSConnection(host='esa-worldcover.s3.eu-central-1.amazonaws.com', port=443): Failed to resolve 'esa-worldcover.s3.eu-central-1.amazonaws.com' ([Errno 11001] getaddrinfo failed)"))
[23:27:25]       tile N24W006: attempt 1 failed (ConnectionError: HTTPSConnectionPool(host='esa-worldcover.s3.eu-central-1.amazonaws.com', port=443): Max retries exceeded with url: /v200/2021/map/ESA_WorldCover_10m_2021_v200_N24W006_Map.tif (Caused by NameResolutionError("HTTPSConnection(host='esa-worldcover.s3.eu-central-1.amazonaws.com', port=443): Failed to resolve 'esa-worldcover.s3.eu-central-1.amazonaws.com' ([Errno 11001] getaddrinfo failed)"))) — retry in 2s
[23:27:27]       tile N24W006: attempt 2 failed (ConnectionError: HTTPSConnectionPool(host='esa-worldcover.s3.eu-central-1.amazonaws.com', port=443): Max retries exceeded with url: /v200/2021/map/ESA_WorldCover_10m_2021_v200_N24W006_Map.tif (Caused by NameResolutionError("HTTPSConnection(host='esa-worldcover.s3.eu-central-1.amazonaws.com', port=443): Failed to resolve 'esa-worldcover.s3.eu-central-1.amazonaws.com' ([Errno 11001] getaddrinfo failed)"))) — retry in 4s
[23:27:31]       WARNING: tile N24W006 failed after 3 attempts — HTTPSConnectionPool(host='esa-worldcover.s3.eu-central-1.amazonaws.com', port=443): Max retries exceeded with url: /v200/2021/map/ESA_WorldCover_10m_2021_v200_N24W006_Map.tif (Caused by NameResolutionError("HTTPSConnection(host='esa-worldcover.s3.eu-central-1.amazonaws.com', port=443): Failed to resolve 'esa-worldcover.s3.eu-central-1.amazonaws.com' ([Errno 11001] getaddrinfo failed)"))
[23:27:31]       tile N24W003: attempt 1 failed (ConnectionError: HTTPSConnectionPool(host='esa-worldcover.s3.eu-central-1.amazonaws.com', port=443): Max retries exceeded with url: /v200/2021/map/ESA_WorldCover_10m_2021_v200_N24W003_Map.tif (Caused by NameResolutionError("HTTPSConnection(host='esa-worldcover.s3.eu-central-1.amazonaws.com', port=443): Failed to resolve 'esa-worldcover.s3.eu-central-1.amazonaws.com' ([Errno 11001] getaddrinfo failed)"))) — retry in 2s
[23:27:33]       tile N24W003: attempt 2 failed (ConnectionError: HTTPSConnectionPool(host='esa-worldcover.s3.eu-central-1.amazonaws.com', port=443): Max retries exceeded with url: /v200/2021/map/ESA_WorldCover_10m_2021_v200_N24W003_Map.tif (Caused by NameResolutionError("HTTPSConnection(host='esa-worldcover.s3.eu-central-1.amazonaws.com', port=443): Failed to resolve 'esa-worldcover.s3.eu-central-1.amazonaws.com' ([Errno 11001] getaddrinfo failed)"))) — retry in 4s
[23:27:37]       WARNING: tile N24W003 failed after 3 attempts — HTTPSConnectionPool(host='esa-worldcover.s3.eu-central-1.amazonaws.com', port=443): Max retries exceeded with url: /v200/2021/map/ESA_WorldCover_10m_2021_v200_N24W003_Map.tif (Caused by NameResolutionError("HTTPSConnection(host='esa-worldcover.s3.eu-central-1.amazonaws.com', port=443): Failed to resolve 'esa-worldcover.s3.eu-central-1.amazonaws.com' ([Errno 11001] getaddrinfo failed)"))
[23:27:37]       tile N24E000: attempt 1 failed (ConnectionError: HTTPSConnectionPool(host='esa-worldcover.s3.eu-central-1.amazonaws.com', port=443): Max retries exceeded with url: /v200/2021/map/ESA_WorldCover_10m_2021_v200_N24E000_Map.tif (Caused by NameResolutionError("HTTPSConnection(host='esa-worldcover.s3.eu-central-1.amazonaws.com', port=443): Failed to resolve 'esa-worldcover.s3.eu-central-1.amazonaws.com' ([Errno 11001] getaddrinfo failed)"))) — retry in 2s
[23:27:39]       tile N24E000: attempt 2 failed (ConnectionError: HTTPSConnectionPool(host='esa-worldcover.s3.eu-central-1.amazonaws.com', port=443): Max retries exceeded with url: /v200/2021/map/ESA_WorldCover_10m_2021_v200_N24E000_Map.tif (Caused by NameResolutionError("HTTPSConnection(host='esa-worldcover.s3.eu-central-1.amazonaws.com', port=443): Failed to resolve 'esa-worldcover.s3.eu-central-1.amazonaws.com' ([Errno 11001] getaddrinfo failed)"))) — retry in 4s
[23:27:43]       WARNING: tile N24E000 failed after 3 attempts — HTTPSConnectionPool(host='esa-worldcover.s3.eu-central-1.amazonaws.com', port=443): Max retries exceeded with url: /v200/2021/map/ESA_WorldCover_10m_2021_v200_N24E000_Map.tif (Caused by NameResolutionError("HTTPSConnection(host='esa-worldcover.s3.eu-central-1.amazonaws.com', port=443): Failed to resolve 'esa-worldcover.s3.eu-central-1.amazonaws.com' ([Errno 11001] getaddrinfo failed)"))
[23:27:43]       tile N24E003: attempt 1 failed (ConnectionError: HTTPSConnectionPool(host='esa-worldcover.s3.eu-central-1.amazonaws.com', port=443): Max retries exceeded with url: /v200/2021/map/ESA_WorldCover_10m_2021_v200_N24E003_Map.tif (Caused by NameResolutionError("HTTPSConnection(host='esa-worldcover.s3.eu-central-1.amazonaws.com', port=443): Failed to resolve 'esa-worldcover.s3.eu-central-1.amazonaws.com' ([Errno 11001] getaddrinfo failed)"))) — retry in 2s
[23:27:45]       tile N24E003: attempt 2 failed (ConnectionError: HTTPSConnectionPool(host='esa-worldcover.s3.eu-central-1.amazonaws.com', port=443): Max retries exceeded with url: /v200/2021/map/ESA_WorldCover_10m_2021_v200_N24E003_Map.tif (Caused by NameResolutionError("HTTPSConnection(host='esa-worldcover.s3.eu-central-1.amazonaws.com', port=443): Failed to resolve 'esa-worldcover.s3.eu-central-1.amazonaws.com' ([Errno 11001] getaddrinfo failed)"))) — retry in 4s
[23:27:49]       WARNING: tile N24E003 failed after 3 attempts — HTTPSConnectionPool(host='esa-worldcover.s3.eu-central-1.amazonaws.com', port=443): Max retries exceeded with url: /v200/2021/map/ESA_WorldCover_10m_2021_v200_N24E003_Map.tif (Caused by NameResolutionError("HTTPSConnection(host='esa-worldcover.s3.eu-central-1.amazonaws.com', port=443): Failed to resolve 'esa-worldcover.s3.eu-central-1.amazonaws.com' ([Errno 11001] getaddrinfo failed)"))
[23:27:49]       tile N24E006: attempt 1 failed (ConnectionError: HTTPSConnectionPool(host='esa-worldcover.s3.eu-central-1.amazonaws.com', port=443): Max retries exceeded with url: /v200/2021/map/ESA_WorldCover_10m_2021_v200_N24E006_Map.tif (Caused by NameResolutionError("HTTPSConnection(host='esa-worldcover.s3.eu-central-1.amazonaws.com', port=443): Failed to resolve 'esa-worldcover.s3.eu-central-1.amazonaws.com' ([Errno 11001] getaddrinfo failed)"))) — retry in 2s
[23:27:51]       tile N24E006: attempt 2 failed (ConnectionError: HTTPSConnectionPool(host='esa-worldcover.s3.eu-central-1.amazonaws.com', port=443): Max retries exceeded with url: /v200/2021/map/ESA_WorldCover_10m_2021_v200_N24E006_Map.tif (Caused by NameResolutionError("HTTPSConnection(host='esa-worldcover.s3.eu-central-1.amazonaws.com', port=443): Failed to resolve 'esa-worldcover.s3.eu-central-1.amazonaws.com' ([Errno 11001] getaddrinfo failed)"))) — retry in 4s
[23:27:55]       WARNING: tile N24E006 failed after 3 attempts — HTTPSConnectionPool(host='esa-worldcover.s3.eu-central-1.amazonaws.com', port=443): Max retries exceeded with url: /v200/2021/map/ESA_WorldCover_10m_2021_v200_N24E006_Map.tif (Caused by NameResolutionError("HTTPSConnection(host='esa-worldcover.s3.eu-central-1.amazonaws.com', port=443): Failed to resolve 'esa-worldcover.s3.eu-central-1.amazonaws.com' ([Errno 11001] getaddrinfo failed)"))
[23:27:55]       tile N27W009: attempt 1 failed (ConnectionError: HTTPSConnectionPool(host='esa-worldcover.s3.eu-central-1.amazonaws.com', port=443): Max retries exceeded with url: /v200/2021/map/ESA_WorldCover_10m_2021_v200_N27W009_Map.tif (Caused by NameResolutionError("HTTPSConnection(host='esa-worldcover.s3.eu-central-1.amazonaws.com', port=443): Failed to resolve 'esa-worldcover.s3.eu-central-1.amazonaws.com' ([Errno 11001] getaddrinfo failed)"))) — retry in 2s
[23:27:57]       tile N27W009: attempt 2 failed (ConnectionError: HTTPSConnectionPool(host='esa-worldcover.s3.eu-central-1.amazonaws.com', port=443): Max retries exceeded with url: /v200/2021/map/ESA_WorldCover_10m_2021_v200_N27W009_Map.tif (Caused by NameResolutionError("HTTPSConnection(host='esa-worldcover.s3.eu-central-1.amazonaws.com', port=443): Failed to resolve 'esa-worldcover.s3.eu-central-1.amazonaws.com' ([Errno 11001] getaddrinfo failed)"))) — retry in 4s
[23:28:01]       WARNING: tile N27W009 failed after 3 attempts — HTTPSConnectionPool(host='esa-worldcover.s3.eu-central-1.amazonaws.com', port=443): Max retries exceeded with url: /v200/2021/map/ESA_WorldCover_10m_2021_v200_N27W009_Map.tif (Caused by NameResolutionError("HTTPSConnection(host='esa-worldcover.s3.eu-central-1.amazonaws.com', port=443): Failed to resolve 'esa-worldcover.s3.eu-central-1.amazonaws.com' ([Errno 11001] getaddrinfo failed)"))
[23:28:01]       tile N27W006: attempt 1 failed (ConnectionError: HTTPSConnectionPool(host='esa-worldcover.s3.eu-central-1.amazonaws.com', port=443): Max retries exceeded with url: /v200/2021/map/ESA_WorldCover_10m_2021_v200_N27W006_Map.tif (Caused by NameResolutionError("HTTPSConnection(host='esa-worldcover.s3.eu-central-1.amazonaws.com', port=443): Failed to resolve 'esa-worldcover.s3.eu-central-1.amazonaws.com' ([Errno 11001] getaddrinfo failed)"))) — retry in 2s
[23:28:03]       tile N27W006: attempt 2 failed (ConnectionError: HTTPSConnectionPool(host='esa-worldcover.s3.eu-central-1.amazonaws.com', port=443): Max retries exceeded with url: /v200/2021/map/ESA_WorldCover_10m_2021_v200_N27W006_Map.tif (Caused by NameResolutionError("HTTPSConnection(host='esa-worldcover.s3.eu-central-1.amazonaws.com', port=443): Failed to resolve 'esa-worldcover.s3.eu-central-1.amazonaws.com' ([Errno 11001] getaddrinfo failed)"))) — retry in 4s
[23:28:07]       WARNING: tile N27W006 failed after 3 attempts — HTTPSConnectionPool(host='esa-worldcover.s3.eu-central-1.amazonaws.com', port=443): Max retries exceeded with url: /v200/2021/map/ESA_WorldCover_10m_2021_v200_N27W006_Map.tif (Caused by NameResolutionError("HTTPSConnection(host='esa-worldcover.s3.eu-central-1.amazonaws.com', port=443): Failed to resolve 'esa-worldcover.s3.eu-central-1.amazonaws.com' ([Errno 11001] getaddrinfo failed)"))
[23:28:07]       tile N27W003: attempt 1 failed (ConnectionError: HTTPSConnectionPool(host='esa-worldcover.s3.eu-central-1.amazonaws.com', port=443): Max retries exceeded with url: /v200/2021/map/ESA_WorldCover_10m_2021_v200_N27W003_Map.tif (Caused by NameResolutionError("HTTPSConnection(host='esa-worldcover.s3.eu-central-1.amazonaws.com', port=443): Failed to resolve 'esa-worldcover.s3.eu-central-1.amazonaws.com' ([Errno 11001] getaddrinfo failed)"))) — retry in 2s
[23:28:09]       tile N27W003: attempt 2 failed (ConnectionError: HTTPSConnectionPool(host='esa-worldcover.s3.eu-central-1.amazonaws.com', port=443): Max retries exceeded with url: /v200/2021/map/ESA_WorldCover_10m_2021_v200_N27W003_Map.tif (Caused by NameResolutionError("HTTPSConnection(host='esa-worldcover.s3.eu-central-1.amazonaws.com', port=443): Failed to resolve 'esa-worldcover.s3.eu-central-1.amazonaws.com' ([Errno 11001] getaddrinfo failed)"))) — retry in 4s
[23:28:13]       WARNING: tile N27W003 failed after 3 attempts — HTTPSConnectionPool(host='esa-worldcover.s3.eu-central-1.amazonaws.com', port=443): Max retries exceeded with url: /v200/2021/map/ESA_WorldCover_10m_2021_v200_N27W003_Map.tif (Caused by NameResolutionError("HTTPSConnection(host='esa-worldcover.s3.eu-central-1.amazonaws.com', port=443): Failed to resolve 'esa-worldcover.s3.eu-central-1.amazonaws.com' ([Errno 11001] getaddrinfo failed)"))
[23:28:13]       tile N27E000: attempt 1 failed (ConnectionError: HTTPSConnectionPool(host='esa-worldcover.s3.eu-central-1.amazonaws.com', port=443): Max retries exceeded with url: /v200/2021/map/ESA_WorldCover_10m_2021_v200_N27E000_Map.tif (Caused by NameResolutionError("HTTPSConnection(host='esa-worldcover.s3.eu-central-1.amazonaws.com', port=443): Failed to resolve 'esa-worldcover.s3.eu-central-1.amazonaws.com' ([Errno 11001] getaddrinfo failed)"))) — retry in 2s
[23:28:15]       tile N27E000: attempt 2 failed (ConnectionError: HTTPSConnectionPool(host='esa-worldcover.s3.eu-central-1.amazonaws.com', port=443): Max retries exceeded with url: /v200/2021/map/ESA_WorldCover_10m_2021_v200_N27E000_Map.tif (Caused by NameResolutionError("HTTPSConnection(host='esa-worldcover.s3.eu-central-1.amazonaws.com', port=443): Failed to resolve 'esa-worldcover.s3.eu-central-1.amazonaws.com' ([Errno 11001] getaddrinfo failed)"))) — retry in 4s
[23:28:19]       WARNING: tile N27E000 failed after 3 attempts — HTTPSConnectionPool(host='esa-worldcover.s3.eu-central-1.amazonaws.com', port=443): Max retries exceeded with url: /v200/2021/map/ESA_WorldCover_10m_2021_v200_N27E000_Map.tif (Caused by NameResolutionError("HTTPSConnection(host='esa-worldcover.s3.eu-central-1.amazonaws.com', port=443): Failed to resolve 'esa-worldcover.s3.eu-central-1.amazonaws.com' ([Errno 11001] getaddrinfo failed)"))
[23:28:19]       tile N27E003: attempt 1 failed (ConnectionError: HTTPSConnectionPool(host='esa-worldcover.s3.eu-central-1.amazonaws.com', port=443): Max retries exceeded with url: /v200/2021/map/ESA_WorldCover_10m_2021_v200_N27E003_Map.tif (Caused by NameResolutionError("HTTPSConnection(host='esa-worldcover.s3.eu-central-1.amazonaws.com', port=443): Failed to resolve 'esa-worldcover.s3.eu-central-1.amazonaws.com' ([Errno 11001] getaddrinfo failed)"))) — retry in 2s
[23:28:21]       tile N27E003: attempt 2 failed (ConnectionError: HTTPSConnectionPool(host='esa-worldcover.s3.eu-central-1.amazonaws.com', port=443): Max retries exceeded with url: /v200/2021/map/ESA_WorldCover_10m_2021_v200_N27E003_Map.tif (Caused by NameResolutionError("HTTPSConnection(host='esa-worldcover.s3.eu-central-1.amazonaws.com', port=443): Failed to resolve 'esa-worldcover.s3.eu-central-1.amazonaws.com' ([Errno 11001] getaddrinfo failed)"))) — retry in 4s
[23:28:25]       WARNING: tile N27E003 failed after 3 attempts — HTTPSConnectionPool(host='esa-worldcover.s3.eu-central-1.amazonaws.com', port=443): Max retries exceeded with url: /v200/2021/map/ESA_WorldCover_10m_2021_v200_N27E003_Map.tif (Caused by NameResolutionError("HTTPSConnection(host='esa-worldcover.s3.eu-central-1.amazonaws.com', port=443): Failed to resolve 'esa-worldcover.s3.eu-central-1.amazonaws.com' ([Errno 11001] getaddrinfo failed)"))
[23:28:25]       tile N27E006: attempt 1 failed (ConnectionError: HTTPSConnectionPool(host='esa-worldcover.s3.eu-central-1.amazonaws.com', port=443): Max retries exceeded with url: /v200/2021/map/ESA_WorldCover_10m_2021_v200_N27E006_Map.tif (Caused by NameResolutionError("HTTPSConnection(host='esa-worldcover.s3.eu-central-1.amazonaws.com', port=443): Failed to resolve 'esa-worldcover.s3.eu-central-1.amazonaws.com' ([Errno 11001] getaddrinfo failed)"))) — retry in 2s
[23:28:27]       tile N27E006: attempt 2 failed (ConnectionError: HTTPSConnectionPool(host='esa-worldcover.s3.eu-central-1.amazonaws.com', port=443): Max retries exceeded with url: /v200/2021/map/ESA_WorldCover_10m_2021_v200_N27E006_Map.tif (Caused by NameResolutionError("HTTPSConnection(host='esa-worldcover.s3.eu-central-1.amazonaws.com', port=443): Failed to resolve 'esa-worldcover.s3.eu-central-1.amazonaws.com' ([Errno 11001] getaddrinfo failed)"))) — retry in 4s
[23:28:31]       WARNING: tile N27E006 failed after 3 attempts — HTTPSConnectionPool(host='esa-worldcover.s3.eu-central-1.amazonaws.com', port=443): Max retries exceeded with url: /v200/2021/map/ESA_WorldCover_10m_2021_v200_N27E006_Map.tif (Caused by NameResolutionError("HTTPSConnection(host='esa-worldcover.s3.eu-central-1.amazonaws.com', port=443): Failed to resolve 'esa-worldcover.s3.eu-central-1.amazonaws.com' ([Errno 11001] getaddrinfo failed)"))
[23:28:31]       tile N30W009: attempt 1 failed (ConnectionError: HTTPSConnectionPool(host='esa-worldcover.s3.eu-central-1.amazonaws.com', port=443): Max retries exceeded with url: /v200/2021/map/ESA_WorldCover_10m_2021_v200_N30W009_Map.tif (Caused by NameResolutionError("HTTPSConnection(host='esa-worldcover.s3.eu-central-1.amazonaws.com', port=443): Failed to resolve 'esa-worldcover.s3.eu-central-1.amazonaws.com' ([Errno 11001] getaddrinfo failed)"))) — retry in 2s
[23:28:33]       tile N30W009: attempt 2 failed (ConnectionError: HTTPSConnectionPool(host='esa-worldcover.s3.eu-central-1.amazonaws.com', port=443): Max retries exceeded with url: /v200/2021/map/ESA_WorldCover_10m_2021_v200_N30W009_Map.tif (Caused by NameResolutionError("HTTPSConnection(host='esa-worldcover.s3.eu-central-1.amazonaws.com', port=443): Failed to resolve 'esa-worldcover.s3.eu-central-1.amazonaws.com' ([Errno 11001] getaddrinfo failed)"))) — retry in 4s
[23:28:38]       WARNING: tile N30W009 failed after 3 attempts — HTTPSConnectionPool(host='esa-worldcover.s3.eu-central-1.amazonaws.com', port=443): Max retries exceeded with url: /v200/2021/map/ESA_WorldCover_10m_2021_v200_N30W009_Map.tif (Caused by NameResolutionError("HTTPSConnection(host='esa-worldcover.s3.eu-central-1.amazonaws.com', port=443): Failed to resolve 'esa-worldcover.s3.eu-central-1.amazonaws.com' ([Errno 11001] getaddrinfo failed)"))
[23:28:38]       tile N30W006: attempt 1 failed (ConnectionError: HTTPSConnectionPool(host='esa-worldcover.s3.eu-central-1.amazonaws.com', port=443): Max retries exceeded with url: /v200/2021/map/ESA_WorldCover_10m_2021_v200_N30W006_Map.tif (Caused by NameResolutionError("HTTPSConnection(host='esa-worldcover.s3.eu-central-1.amazonaws.com', port=443): Failed to resolve 'esa-worldcover.s3.eu-central-1.amazonaws.com' ([Errno 11001] getaddrinfo failed)"))) — retry in 2s
[23:28:40]       tile N30W006: attempt 2 failed (ConnectionError: HTTPSConnectionPool(host='esa-worldcover.s3.eu-central-1.amazonaws.com', port=443): Max retries exceeded with url: /v200/2021/map/ESA_WorldCover_10m_2021_v200_N30W006_Map.tif (Caused by NameResolutionError("HTTPSConnection(host='esa-worldcover.s3.eu-central-1.amazonaws.com', port=443): Failed to resolve 'esa-worldcover.s3.eu-central-1.amazonaws.com' ([Errno 11001] getaddrinfo failed)"))) — retry in 4s
[23:28:44]       WARNING: tile N30W006 failed after 3 attempts — HTTPSConnectionPool(host='esa-worldcover.s3.eu-central-1.amazonaws.com', port=443): Max retries exceeded with url: /v200/2021/map/ESA_WorldCover_10m_2021_v200_N30W006_Map.tif (Caused by NameResolutionError("HTTPSConnection(host='esa-worldcover.s3.eu-central-1.amazonaws.com', port=443): Failed to resolve 'esa-worldcover.s3.eu-central-1.amazonaws.com' ([Errno 11001] getaddrinfo failed)"))
[23:28:44]       tile N30W003: attempt 1 failed (ConnectionError: HTTPSConnectionPool(host='esa-worldcover.s3.eu-central-1.amazonaws.com', port=443): Max retries exceeded with url: /v200/2021/map/ESA_WorldCover_10m_2021_v200_N30W003_Map.tif (Caused by NameResolutionError("HTTPSConnection(host='esa-worldcover.s3.eu-central-1.amazonaws.com', port=443): Failed to resolve 'esa-worldcover.s3.eu-central-1.amazonaws.com' ([Errno 11001] getaddrinfo failed)"))) — retry in 2s
[23:28:46]       tile N30W003: attempt 2 failed (ConnectionError: HTTPSConnectionPool(host='esa-worldcover.s3.eu-central-1.amazonaws.com', port=443): Max retries exceeded with url: /v200/2021/map/ESA_WorldCover_10m_2021_v200_N30W003_Map.tif (Caused by NameResolutionError("HTTPSConnection(host='esa-worldcover.s3.eu-central-1.amazonaws.com', port=443): Failed to resolve 'esa-worldcover.s3.eu-central-1.amazonaws.com' ([Errno 11001] getaddrinfo failed)"))) — retry in 4s
[23:28:50]       WARNING: tile N30W003 failed after 3 attempts — HTTPSConnectionPool(host='esa-worldcover.s3.eu-central-1.amazonaws.com', port=443): Max retries exceeded with url: /v200/2021/map/ESA_WorldCover_10m_2021_v200_N30W003_Map.tif (Caused by NameResolutionError("HTTPSConnection(host='esa-worldcover.s3.eu-central-1.amazonaws.com', port=443): Failed to resolve 'esa-worldcover.s3.eu-central-1.amazonaws.com' ([Errno 11001] getaddrinfo failed)"))
[23:28:50]       tile N30E000: attempt 1 failed (ConnectionError: HTTPSConnectionPool(host='esa-worldcover.s3.eu-central-1.amazonaws.com', port=443): Max retries exceeded with url: /v200/2021/map/ESA_WorldCover_10m_2021_v200_N30E000_Map.tif (Caused by NameResolutionError("HTTPSConnection(host='esa-worldcover.s3.eu-central-1.amazonaws.com', port=443): Failed to resolve 'esa-worldcover.s3.eu-central-1.amazonaws.com' ([Errno 11001] getaddrinfo failed)"))) — retry in 2s
[23:28:52]       tile N30E000: attempt 2 failed (ConnectionError: HTTPSConnectionPool(host='esa-worldcover.s3.eu-central-1.amazonaws.com', port=443): Max retries exceeded with url: /v200/2021/map/ESA_WorldCover_10m_2021_v200_N30E000_Map.tif (Caused by NameResolutionError("HTTPSConnection(host='esa-worldcover.s3.eu-central-1.amazonaws.com', port=443): Failed to resolve 'esa-worldcover.s3.eu-central-1.amazonaws.com' ([Errno 11001] getaddrinfo failed)"))) — retry in 4s
[23:28:56]       WARNING: tile N30E000 failed after 3 attempts — HTTPSConnectionPool(host='esa-worldcover.s3.eu-central-1.amazonaws.com', port=443): Max retries exceeded with url: /v200/2021/map/ESA_WorldCover_10m_2021_v200_N30E000_Map.tif (Caused by NameResolutionError("HTTPSConnection(host='esa-worldcover.s3.eu-central-1.amazonaws.com', port=443): Failed to resolve 'esa-worldcover.s3.eu-central-1.amazonaws.com' ([Errno 11001] getaddrinfo failed)"))
[23:28:56]       tile N30E003: attempt 1 failed (ConnectionError: HTTPSConnectionPool(host='esa-worldcover.s3.eu-central-1.amazonaws.com', port=443): Max retries exceeded with url: /v200/2021/map/ESA_WorldCover_10m_2021_v200_N30E003_Map.tif (Caused by NameResolutionError("HTTPSConnection(host='esa-worldcover.s3.eu-central-1.amazonaws.com', port=443): Failed to resolve 'esa-worldcover.s3.eu-central-1.amazonaws.com' ([Errno 11001] getaddrinfo failed)"))) — retry in 2s
[23:28:58]       tile N30E003: attempt 2 failed (ConnectionError: HTTPSConnectionPool(host='esa-worldcover.s3.eu-central-1.amazonaws.com', port=443): Max retries exceeded with url: /v200/2021/map/ESA_WorldCover_10m_2021_v200_N30E003_Map.tif (Caused by NameResolutionError("HTTPSConnection(host='esa-worldcover.s3.eu-central-1.amazonaws.com', port=443): Failed to resolve 'esa-worldcover.s3.eu-central-1.amazonaws.com' ([Errno 11001] getaddrinfo failed)"))) — retry in 4s
[23:29:02]       WARNING: tile N30E003 failed after 3 attempts — HTTPSConnectionPool(host='esa-worldcover.s3.eu-central-1.amazonaws.com', port=443): Max retries exceeded with url: /v200/2021/map/ESA_WorldCover_10m_2021_v200_N30E003_Map.tif (Caused by NameResolutionError("HTTPSConnection(host='esa-worldcover.s3.eu-central-1.amazonaws.com', port=443): Failed to resolve 'esa-worldcover.s3.eu-central-1.amazonaws.com' ([Errno 11001] getaddrinfo failed)"))
[23:29:02]       tile N30E006: attempt 1 failed (ConnectionError: HTTPSConnectionPool(host='esa-worldcover.s3.eu-central-1.amazonaws.com', port=443): Max retries exceeded with url: /v200/2021/map/ESA_WorldCover_10m_2021_v200_N30E006_Map.tif (Caused by NameResolutionError("HTTPSConnection(host='esa-worldcover.s3.eu-central-1.amazonaws.com', port=443): Failed to resolve 'esa-worldcover.s3.eu-central-1.amazonaws.com' ([Errno 11001] getaddrinfo failed)"))) — retry in 2s
[23:29:04]       tile N30E006: attempt 2 failed (ConnectionError: HTTPSConnectionPool(host='esa-worldcover.s3.eu-central-1.amazonaws.com', port=443): Max retries exceeded with url: /v200/2021/map/ESA_WorldCover_10m_2021_v200_N30E006_Map.tif (Caused by NameResolutionError("HTTPSConnection(host='esa-worldcover.s3.eu-central-1.amazonaws.com', port=443): Failed to resolve 'esa-worldcover.s3.eu-central-1.amazonaws.com' ([Errno 11001] getaddrinfo failed)"))) — retry in 4s
[23:29:08]       WARNING: tile N30E006 failed after 3 attempts — HTTPSConnectionPool(host='esa-worldcover.s3.eu-central-1.amazonaws.com', port=443): Max retries exceeded with url: /v200/2021/map/ESA_WorldCover_10m_2021_v200_N30E006_Map.tif (Caused by NameResolutionError("HTTPSConnection(host='esa-worldcover.s3.eu-central-1.amazonaws.com', port=443): Failed to resolve 'esa-worldcover.s3.eu-central-1.amazonaws.com' ([Errno 11001] getaddrinfo failed)"))
[23:29:08]       tile N33W009: attempt 1 failed (ConnectionError: HTTPSConnectionPool(host='esa-worldcover.s3.eu-central-1.amazonaws.com', port=443): Max retries exceeded with url: /v200/2021/map/ESA_WorldCover_10m_2021_v200_N33W009_Map.tif (Caused by NameResolutionError("HTTPSConnection(host='esa-worldcover.s3.eu-central-1.amazonaws.com', port=443): Failed to resolve 'esa-worldcover.s3.eu-central-1.amazonaws.com' ([Errno 11001] getaddrinfo failed)"))) — retry in 2s
[23:29:10]       tile N33W009: attempt 2 failed (ConnectionError: HTTPSConnectionPool(host='esa-worldcover.s3.eu-central-1.amazonaws.com', port=443): Max retries exceeded with url: /v200/2021/map/ESA_WorldCover_10m_2021_v200_N33W009_Map.tif (Caused by NameResolutionError("HTTPSConnection(host='esa-worldcover.s3.eu-central-1.amazonaws.com', port=443): Failed to resolve 'esa-worldcover.s3.eu-central-1.amazonaws.com' ([Errno 11001] getaddrinfo failed)"))) — retry in 4s
[23:29:14]       WARNING: tile N33W009 failed after 3 attempts — HTTPSConnectionPool(host='esa-worldcover.s3.eu-central-1.amazonaws.com', port=443): Max retries exceeded with url: /v200/2021/map/ESA_WorldCover_10m_2021_v200_N33W009_Map.tif (Caused by NameResolutionError("HTTPSConnection(host='esa-worldcover.s3.eu-central-1.amazonaws.com', port=443): Failed to resolve 'esa-worldcover.s3.eu-central-1.amazonaws.com' ([Errno 11001] getaddrinfo failed)"))
[23:29:14]       tile N33W006: attempt 1 failed (ConnectionError: HTTPSConnectionPool(host='esa-worldcover.s3.eu-central-1.amazonaws.com', port=443): Max retries exceeded with url: /v200/2021/map/ESA_WorldCover_10m_2021_v200_N33W006_Map.tif (Caused by NameResolutionError("HTTPSConnection(host='esa-worldcover.s3.eu-central-1.amazonaws.com', port=443): Failed to resolve 'esa-worldcover.s3.eu-central-1.amazonaws.com' ([Errno 11001] getaddrinfo failed)"))) — retry in 2s
[23:29:16]       tile N33W006: attempt 2 failed (ConnectionError: HTTPSConnectionPool(host='esa-worldcover.s3.eu-central-1.amazonaws.com', port=443): Max retries exceeded with url: /v200/2021/map/ESA_WorldCover_10m_2021_v200_N33W006_Map.tif (Caused by NameResolutionError("HTTPSConnection(host='esa-worldcover.s3.eu-central-1.amazonaws.com', port=443): Failed to resolve 'esa-worldcover.s3.eu-central-1.amazonaws.com' ([Errno 11001] getaddrinfo failed)"))) — retry in 4s
[23:29:20]       WARNING: tile N33W006 failed after 3 attempts — HTTPSConnectionPool(host='esa-worldcover.s3.eu-central-1.amazonaws.com', port=443): Max retries exceeded with url: /v200/2021/map/ESA_WorldCover_10m_2021_v200_N33W006_Map.tif (Caused by NameResolutionError("HTTPSConnection(host='esa-worldcover.s3.eu-central-1.amazonaws.com', port=443): Failed to resolve 'esa-worldcover.s3.eu-central-1.amazonaws.com' ([Errno 11001] getaddrinfo failed)"))
[23:29:20]       tile N33W003: attempt 1 failed (ConnectionError: HTTPSConnectionPool(host='esa-worldcover.s3.eu-central-1.amazonaws.com', port=443): Max retries exceeded with url: /v200/2021/map/ESA_WorldCover_10m_2021_v200_N33W003_Map.tif (Caused by NameResolutionError("HTTPSConnection(host='esa-worldcover.s3.eu-central-1.amazonaws.com', port=443): Failed to resolve 'esa-worldcover.s3.eu-central-1.amazonaws.com' ([Errno 11001] getaddrinfo failed)"))) — retry in 2s
[23:29:22]       tile N33W003: attempt 2 failed (ConnectionError: HTTPSConnectionPool(host='esa-worldcover.s3.eu-central-1.amazonaws.com', port=443): Max retries exceeded with url: /v200/2021/map/ESA_WorldCover_10m_2021_v200_N33W003_Map.tif (Caused by NameResolutionError("HTTPSConnection(host='esa-worldcover.s3.eu-central-1.amazonaws.com', port=443): Failed to resolve 'esa-worldcover.s3.eu-central-1.amazonaws.com' ([Errno 11001] getaddrinfo failed)"))) — retry in 4s
[23:29:26]       WARNING: tile N33W003 failed after 3 attempts — HTTPSConnectionPool(host='esa-worldcover.s3.eu-central-1.amazonaws.com', port=443): Max retries exceeded with url: /v200/2021/map/ESA_WorldCover_10m_2021_v200_N33W003_Map.tif (Caused by NameResolutionError("HTTPSConnection(host='esa-worldcover.s3.eu-central-1.amazonaws.com', port=443): Failed to resolve 'esa-worldcover.s3.eu-central-1.amazonaws.com' ([Errno 11001] getaddrinfo failed)"))
[23:29:26]       tile N33E000: attempt 1 failed (ConnectionError: HTTPSConnectionPool(host='esa-worldcover.s3.eu-central-1.amazonaws.com', port=443): Max retries exceeded with url: /v200/2021/map/ESA_WorldCover_10m_2021_v200_N33E000_Map.tif (Caused by NameResolutionError("HTTPSConnection(host='esa-worldcover.s3.eu-central-1.amazonaws.com', port=443): Failed to resolve 'esa-worldcover.s3.eu-central-1.amazonaws.com' ([Errno 11001] getaddrinfo failed)"))) — retry in 2s
[23:29:28]       tile N33E000: attempt 2 failed (ConnectionError: HTTPSConnectionPool(host='esa-worldcover.s3.eu-central-1.amazonaws.com', port=443): Max retries exceeded with url: /v200/2021/map/ESA_WorldCover_10m_2021_v200_N33E000_Map.tif (Caused by NameResolutionError("HTTPSConnection(host='esa-worldcover.s3.eu-central-1.amazonaws.com', port=443): Failed to resolve 'esa-worldcover.s3.eu-central-1.amazonaws.com' ([Errno 11001] getaddrinfo failed)"))) — retry in 4s
[23:29:32]       WARNING: tile N33E000 failed after 3 attempts — HTTPSConnectionPool(host='esa-worldcover.s3.eu-central-1.amazonaws.com', port=443): Max retries exceeded with url: /v200/2021/map/ESA_WorldCover_10m_2021_v200_N33E000_Map.tif (Caused by NameResolutionError("HTTPSConnection(host='esa-worldcover.s3.eu-central-1.amazonaws.com', port=443): Failed to resolve 'esa-worldcover.s3.eu-central-1.amazonaws.com' ([Errno 11001] getaddrinfo failed)"))
[23:29:32]       tile N33E003: attempt 1 failed (ConnectionError: HTTPSConnectionPool(host='esa-worldcover.s3.eu-central-1.amazonaws.com', port=443): Max retries exceeded with url: /v200/2021/map/ESA_WorldCover_10m_2021_v200_N33E003_Map.tif (Caused by NameResolutionError("HTTPSConnection(host='esa-worldcover.s3.eu-central-1.amazonaws.com', port=443): Failed to resolve 'esa-worldcover.s3.eu-central-1.amazonaws.com' ([Errno 11001] getaddrinfo failed)"))) — retry in 2s
[23:29:34]       tile N33E003: attempt 2 failed (ConnectionError: HTTPSConnectionPool(host='esa-worldcover.s3.eu-central-1.amazonaws.com', port=443): Max retries exceeded with url: /v200/2021/map/ESA_WorldCover_10m_2021_v200_N33E003_Map.tif (Caused by NameResolutionError("HTTPSConnection(host='esa-worldcover.s3.eu-central-1.amazonaws.com', port=443): Failed to resolve 'esa-worldcover.s3.eu-central-1.amazonaws.com' ([Errno 11001] getaddrinfo failed)"))) — retry in 4s
[23:29:38]       WARNING: tile N33E003 failed after 3 attempts — HTTPSConnectionPool(host='esa-worldcover.s3.eu-central-1.amazonaws.com', port=443): Max retries exceeded with url: /v200/2021/map/ESA_WorldCover_10m_2021_v200_N33E003_Map.tif (Caused by NameResolutionError("HTTPSConnection(host='esa-worldcover.s3.eu-central-1.amazonaws.com', port=443): Failed to resolve 'esa-worldcover.s3.eu-central-1.amazonaws.com' ([Errno 11001] getaddrinfo failed)"))
[23:29:38]       tile N36W009: attempt 1 failed (ConnectionError: HTTPSConnectionPool(host='esa-worldcover.s3.eu-central-1.amazonaws.com', port=443): Max retries exceeded with url: /v200/2021/map/ESA_WorldCover_10m_2021_v200_N36W009_Map.tif (Caused by NameResolutionError("HTTPSConnection(host='esa-worldcover.s3.eu-central-1.amazonaws.com', port=443): Failed to resolve 'esa-worldcover.s3.eu-central-1.amazonaws.com' ([Errno 11001] getaddrinfo failed)"))) — retry in 2s
[23:29:40]       tile N36W009: attempt 2 failed (ConnectionError: HTTPSConnectionPool(host='esa-worldcover.s3.eu-central-1.amazonaws.com', port=443): Max retries exceeded with url: /v200/2021/map/ESA_WorldCover_10m_2021_v200_N36W009_Map.tif (Caused by NameResolutionError("HTTPSConnection(host='esa-worldcover.s3.eu-central-1.amazonaws.com', port=443): Failed to resolve 'esa-worldcover.s3.eu-central-1.amazonaws.com' ([Errno 11001] getaddrinfo failed)"))) — retry in 4s
[23:29:44]       WARNING: tile N36W009 failed after 3 attempts — HTTPSConnectionPool(host='esa-worldcover.s3.eu-central-1.amazonaws.com', port=443): Max retries exceeded with url: /v200/2021/map/ESA_WorldCover_10m_2021_v200_N36W009_Map.tif (Caused by NameResolutionError("HTTPSConnection(host='esa-worldcover.s3.eu-central-1.amazonaws.com', port=443): Failed to resolve 'esa-worldcover.s3.eu-central-1.amazonaws.com' ([Errno 11001] getaddrinfo failed)"))
[23:29:44]       tile N36W006: attempt 1 failed (ConnectionError: HTTPSConnectionPool(host='esa-worldcover.s3.eu-central-1.amazonaws.com', port=443): Max retries exceeded with url: /v200/2021/map/ESA_WorldCover_10m_2021_v200_N36W006_Map.tif (Caused by NameResolutionError("HTTPSConnection(host='esa-worldcover.s3.eu-central-1.amazonaws.com', port=443): Failed to resolve 'esa-worldcover.s3.eu-central-1.amazonaws.com' ([Errno 11001] getaddrinfo failed)"))) — retry in 2s
[23:29:46]       tile N36W006: attempt 2 failed (ConnectionError: HTTPSConnectionPool(host='esa-worldcover.s3.eu-central-1.amazonaws.com', port=443): Max retries exceeded with url: /v200/2021/map/ESA_WorldCover_10m_2021_v200_N36W006_Map.tif (Caused by NameResolutionError("HTTPSConnection(host='esa-worldcover.s3.eu-central-1.amazonaws.com', port=443): Failed to resolve 'esa-worldcover.s3.eu-central-1.amazonaws.com' ([Errno 11001] getaddrinfo failed)"))) — retry in 4s
[23:29:50]       WARNING: tile N36W006 failed after 3 attempts — HTTPSConnectionPool(host='esa-worldcover.s3.eu-central-1.amazonaws.com', port=443): Max retries exceeded with url: /v200/2021/map/ESA_WorldCover_10m_2021_v200_N36W006_Map.tif (Caused by NameResolutionError("HTTPSConnection(host='esa-worldcover.s3.eu-central-1.amazonaws.com', port=443): Failed to resolve 'esa-worldcover.s3.eu-central-1.amazonaws.com' ([Errno 11001] getaddrinfo failed)"))
[23:29:50]       tile N36W003: attempt 1 failed (ConnectionError: HTTPSConnectionPool(host='esa-worldcover.s3.eu-central-1.amazonaws.com', port=443): Max retries exceeded with url: /v200/2021/map/ESA_WorldCover_10m_2021_v200_N36W003_Map.tif (Caused by NameResolutionError("HTTPSConnection(host='esa-worldcover.s3.eu-central-1.amazonaws.com', port=443): Failed to resolve 'esa-worldcover.s3.eu-central-1.amazonaws.com' ([Errno 11001] getaddrinfo failed)"))) — retry in 2s
[23:29:52]       tile N36W003: attempt 2 failed (ConnectionError: HTTPSConnectionPool(host='esa-worldcover.s3.eu-central-1.amazonaws.com', port=443): Max retries exceeded with url: /v200/2021/map/ESA_WorldCover_10m_2021_v200_N36W003_Map.tif (Caused by NameResolutionError("HTTPSConnection(host='esa-worldcover.s3.eu-central-1.amazonaws.com', port=443): Failed to resolve 'esa-worldcover.s3.eu-central-1.amazonaws.com' ([Errno 11001] getaddrinfo failed)"))) — retry in 4s
[23:29:56]       WARNING: tile N36W003 failed after 3 attempts — HTTPSConnectionPool(host='esa-worldcover.s3.eu-central-1.amazonaws.com', port=443): Max retries exceeded with url: /v200/2021/map/ESA_WorldCover_10m_2021_v200_N36W003_Map.tif (Caused by NameResolutionError("HTTPSConnection(host='esa-worldcover.s3.eu-central-1.amazonaws.com', port=443): Failed to resolve 'esa-worldcover.s3.eu-central-1.amazonaws.com' ([Errno 11001] getaddrinfo failed)"))
[23:29:56]       tile N36E000: attempt 1 failed (ConnectionError: HTTPSConnectionPool(host='esa-worldcover.s3.eu-central-1.amazonaws.com', port=443): Max retries exceeded with url: /v200/2021/map/ESA_WorldCover_10m_2021_v200_N36E000_Map.tif (Caused by NameResolutionError("HTTPSConnection(host='esa-worldcover.s3.eu-central-1.amazonaws.com', port=443): Failed to resolve 'esa-worldcover.s3.eu-central-1.amazonaws.com' ([Errno 11001] getaddrinfo failed)"))) — retry in 2s
[23:29:58]       tile N36E000: attempt 2 failed (ConnectionError: HTTPSConnectionPool(host='esa-worldcover.s3.eu-central-1.amazonaws.com', port=443): Max retries exceeded with url: /v200/2021/map/ESA_WorldCover_10m_2021_v200_N36E000_Map.tif (Caused by NameResolutionError("HTTPSConnection(host='esa-worldcover.s3.eu-central-1.amazonaws.com', port=443): Failed to resolve 'esa-worldcover.s3.eu-central-1.amazonaws.com' ([Errno 11001] getaddrinfo failed)"))) — retry in 4s
[23:30:02]       WARNING: tile N36E000 failed after 3 attempts — HTTPSConnectionPool(host='esa-worldcover.s3.eu-central-1.amazonaws.com', port=443): Max retries exceeded with url: /v200/2021/map/ESA_WorldCover_10m_2021_v200_N36E000_Map.tif (Caused by NameResolutionError("HTTPSConnection(host='esa-worldcover.s3.eu-central-1.amazonaws.com', port=443): Failed to resolve 'esa-worldcover.s3.eu-central-1.amazonaws.com' ([Errno 11001] getaddrinfo failed)"))
[23:30:02]       tile N36E003: attempt 1 failed (ConnectionError: HTTPSConnectionPool(host='esa-worldcover.s3.eu-central-1.amazonaws.com', port=443): Max retries exceeded with url: /v200/2021/map/ESA_WorldCover_10m_2021_v200_N36E003_Map.tif (Caused by NameResolutionError("HTTPSConnection(host='esa-worldcover.s3.eu-central-1.amazonaws.com', port=443): Failed to resolve 'esa-worldcover.s3.eu-central-1.amazonaws.com' ([Errno 11001] getaddrinfo failed)"))) — retry in 2s
[23:30:04]       tile N36E003: attempt 2 failed (ConnectionError: HTTPSConnectionPool(host='esa-worldcover.s3.eu-central-1.amazonaws.com', port=443): Max retries exceeded with url: /v200/2021/map/ESA_WorldCover_10m_2021_v200_N36E003_Map.tif (Caused by NameResolutionError("HTTPSConnection(host='esa-worldcover.s3.eu-central-1.amazonaws.com', port=443): Failed to resolve 'esa-worldcover.s3.eu-central-1.amazonaws.com' ([Errno 11001] getaddrinfo failed)"))) — retry in 4s
[23:30:08]       WARNING: tile N36E003 failed after 3 attempts — HTTPSConnectionPool(host='esa-worldcover.s3.eu-central-1.amazonaws.com', port=443): Max retries exceeded with url: /v200/2021/map/ESA_WorldCover_10m_2021_v200_N36E003_Map.tif (Caused by NameResolutionError("HTTPSConnection(host='esa-worldcover.s3.eu-central-1.amazonaws.com', port=443): Failed to resolve 'esa-worldcover.s3.eu-central-1.amazonaws.com' ([Errno 11001] getaddrinfo failed)"))
[23:30:08]       tile N39W009: attempt 1 failed (ConnectionError: HTTPSConnectionPool(host='esa-worldcover.s3.eu-central-1.amazonaws.com', port=443): Max retries exceeded with url: /v200/2021/map/ESA_WorldCover_10m_2021_v200_N39W009_Map.tif (Caused by NameResolutionError("HTTPSConnection(host='esa-worldcover.s3.eu-central-1.amazonaws.com', port=443): Failed to resolve 'esa-worldcover.s3.eu-central-1.amazonaws.com' ([Errno 11001] getaddrinfo failed)"))) — retry in 2s
[23:30:10]       tile N39W009: attempt 2 failed (ConnectionError: HTTPSConnectionPool(host='esa-worldcover.s3.eu-central-1.amazonaws.com', port=443): Max retries exceeded with url: /v200/2021/map/ESA_WorldCover_10m_2021_v200_N39W009_Map.tif (Caused by NameResolutionError("HTTPSConnection(host='esa-worldcover.s3.eu-central-1.amazonaws.com', port=443): Failed to resolve 'esa-worldcover.s3.eu-central-1.amazonaws.com' ([Errno 11001] getaddrinfo failed)"))) — retry in 4s
[23:30:14]       WARNING: tile N39W009 failed after 3 attempts — HTTPSConnectionPool(host='esa-worldcover.s3.eu-central-1.amazonaws.com', port=443): Max retries exceeded with url: /v200/2021/map/ESA_WorldCover_10m_2021_v200_N39W009_Map.tif (Caused by NameResolutionError("HTTPSConnection(host='esa-worldcover.s3.eu-central-1.amazonaws.com', port=443): Failed to resolve 'esa-worldcover.s3.eu-central-1.amazonaws.com' ([Errno 11001] getaddrinfo failed)"))
[23:30:14]       tile N39W006: attempt 1 failed (ConnectionError: HTTPSConnectionPool(host='esa-worldcover.s3.eu-central-1.amazonaws.com', port=443): Max retries exceeded with url: /v200/2021/map/ESA_WorldCover_10m_2021_v200_N39W006_Map.tif (Caused by NameResolutionError("HTTPSConnection(host='esa-worldcover.s3.eu-central-1.amazonaws.com', port=443): Failed to resolve 'esa-worldcover.s3.eu-central-1.amazonaws.com' ([Errno 11001] getaddrinfo failed)"))) — retry in 2s
[23:30:16]       tile N39W006: attempt 2 failed (ConnectionError: HTTPSConnectionPool(host='esa-worldcover.s3.eu-central-1.amazonaws.com', port=443): Max retries exceeded with url: /v200/2021/map/ESA_WorldCover_10m_2021_v200_N39W006_Map.tif (Caused by NameResolutionError("HTTPSConnection(host='esa-worldcover.s3.eu-central-1.amazonaws.com', port=443): Failed to resolve 'esa-worldcover.s3.eu-central-1.amazonaws.com' ([Errno 11001] getaddrinfo failed)"))) — retry in 4s
[23:30:20]       WARNING: tile N39W006 failed after 3 attempts — HTTPSConnectionPool(host='esa-worldcover.s3.eu-central-1.amazonaws.com', port=443): Max retries exceeded with url: /v200/2021/map/ESA_WorldCover_10m_2021_v200_N39W006_Map.tif (Caused by NameResolutionError("HTTPSConnection(host='esa-worldcover.s3.eu-central-1.amazonaws.com', port=443): Failed to resolve 'esa-worldcover.s3.eu-central-1.amazonaws.com' ([Errno 11001] getaddrinfo failed)"))
[23:30:20]       tile N39W003: attempt 1 failed (ConnectionError: HTTPSConnectionPool(host='esa-worldcover.s3.eu-central-1.amazonaws.com', port=443): Max retries exceeded with url: /v200/2021/map/ESA_WorldCover_10m_2021_v200_N39W003_Map.tif (Caused by NameResolutionError("HTTPSConnection(host='esa-worldcover.s3.eu-central-1.amazonaws.com', port=443): Failed to resolve 'esa-worldcover.s3.eu-central-1.amazonaws.com' ([Errno 11001] getaddrinfo failed)"))) — retry in 2s
[23:30:22]       tile N39W003: attempt 2 failed (ConnectionError: HTTPSConnectionPool(host='esa-worldcover.s3.eu-central-1.amazonaws.com', port=443): Max retries exceeded with url: /v200/2021/map/ESA_WorldCover_10m_2021_v200_N39W003_Map.tif (Caused by NameResolutionError("HTTPSConnection(host='esa-worldcover.s3.eu-central-1.amazonaws.com', port=443): Failed to resolve 'esa-worldcover.s3.eu-central-1.amazonaws.com' ([Errno 11001] getaddrinfo failed)"))) — retry in 4s
[23:30:26]       WARNING: tile N39W003 failed after 3 attempts — HTTPSConnectionPool(host='esa-worldcover.s3.eu-central-1.amazonaws.com', port=443): Max retries exceeded with url: /v200/2021/map/ESA_WorldCover_10m_2021_v200_N39W003_Map.tif (Caused by NameResolutionError("HTTPSConnection(host='esa-worldcover.s3.eu-central-1.amazonaws.com', port=443): Failed to resolve 'esa-worldcover.s3.eu-central-1.amazonaws.com' ([Errno 11001] getaddrinfo failed)"))
[23:30:26]       tile N39E000: attempt 1 failed (ConnectionError: HTTPSConnectionPool(host='esa-worldcover.s3.eu-central-1.amazonaws.com', port=443): Max retries exceeded with url: /v200/2021/map/ESA_WorldCover_10m_2021_v200_N39E000_Map.tif (Caused by NameResolutionError("HTTPSConnection(host='esa-worldcover.s3.eu-central-1.amazonaws.com', port=443): Failed to resolve 'esa-worldcover.s3.eu-central-1.amazonaws.com' ([Errno 11001] getaddrinfo failed)"))) — retry in 2s
[23:30:28]       tile N39E000: attempt 2 failed (ConnectionError: HTTPSConnectionPool(host='esa-worldcover.s3.eu-central-1.amazonaws.com', port=443): Max retries exceeded with url: /v200/2021/map/ESA_WorldCover_10m_2021_v200_N39E000_Map.tif (Caused by NameResolutionError("HTTPSConnection(host='esa-worldcover.s3.eu-central-1.amazonaws.com', port=443): Failed to resolve 'esa-worldcover.s3.eu-central-1.amazonaws.com' ([Errno 11001] getaddrinfo failed)"))) — retry in 4s
[23:30:32]       WARNING: tile N39E000 failed after 3 attempts — HTTPSConnectionPool(host='esa-worldcover.s3.eu-central-1.amazonaws.com', port=443): Max retries exceeded with url: /v200/2021/map/ESA_WorldCover_10m_2021_v200_N39E000_Map.tif (Caused by NameResolutionError("HTTPSConnection(host='esa-worldcover.s3.eu-central-1.amazonaws.com', port=443): Failed to resolve 'esa-worldcover.s3.eu-central-1.amazonaws.com' ([Errno 11001] getaddrinfo failed)"))
[23:30:32]       tile N39E003: attempt 1 failed (ConnectionError: HTTPSConnectionPool(host='esa-worldcover.s3.eu-central-1.amazonaws.com', port=443): Max retries exceeded with url: /v200/2021/map/ESA_WorldCover_10m_2021_v200_N39E003_Map.tif (Caused by NameResolutionError("HTTPSConnection(host='esa-worldcover.s3.eu-central-1.amazonaws.com', port=443): Failed to resolve 'esa-worldcover.s3.eu-central-1.amazonaws.com' ([Errno 11001] getaddrinfo failed)"))) — retry in 2s
[23:30:34]       tile N39E003: attempt 2 failed (ConnectionError: HTTPSConnectionPool(host='esa-worldcover.s3.eu-central-1.amazonaws.com', port=443): Max retries exceeded with url: /v200/2021/map/ESA_WorldCover_10m_2021_v200_N39E003_Map.tif (Caused by NameResolutionError("HTTPSConnection(host='esa-worldcover.s3.eu-central-1.amazonaws.com', port=443): Failed to resolve 'esa-worldcover.s3.eu-central-1.amazonaws.com' ([Errno 11001] getaddrinfo failed)"))) — retry in 4s
[23:30:38]       WARNING: tile N39E003 failed after 3 attempts — HTTPSConnectionPool(host='esa-worldcover.s3.eu-central-1.amazonaws.com', port=443): Max retries exceeded with url: /v200/2021/map/ESA_WorldCover_10m_2021_v200_N39E003_Map.tif (Caused by NameResolutionError("HTTPSConnection(host='esa-worldcover.s3.eu-central-1.amazonaws.com', port=443): Failed to resolve 'esa-worldcover.s3.eu-central-1.amazonaws.com' ([Errno 11001] getaddrinfo failed)"))
[23:30:38]       tile N39E012: attempt 1 failed (ConnectionError: HTTPSConnectionPool(host='esa-worldcover.s3.eu-central-1.amazonaws.com', port=443): Max retries exceeded with url: /v200/2021/map/ESA_WorldCover_10m_2021_v200_N39E012_Map.tif (Caused by NameResolutionError("HTTPSConnection(host='esa-worldcover.s3.eu-central-1.amazonaws.com', port=443): Failed to resolve 'esa-worldcover.s3.eu-central-1.amazonaws.com' ([Errno 11001] getaddrinfo failed)"))) — retry in 2s
[23:30:40]       tile N39E012: attempt 2 failed (ConnectionError: HTTPSConnectionPool(host='esa-worldcover.s3.eu-central-1.amazonaws.com', port=443): Max retries exceeded with url: /v200/2021/map/ESA_WorldCover_10m_2021_v200_N39E012_Map.tif (Caused by NameResolutionError("HTTPSConnection(host='esa-worldcover.s3.eu-central-1.amazonaws.com', port=443): Failed to resolve 'esa-worldcover.s3.eu-central-1.amazonaws.com' ([Errno 11001] getaddrinfo failed)"))) — retry in 4s
[23:30:44]       WARNING: tile N39E012 failed after 3 attempts — HTTPSConnectionPool(host='esa-worldcover.s3.eu-central-1.amazonaws.com', port=443): Max retries exceeded with url: /v200/2021/map/ESA_WorldCover_10m_2021_v200_N39E012_Map.tif (Caused by NameResolutionError("HTTPSConnection(host='esa-worldcover.s3.eu-central-1.amazonaws.com', port=443): Failed to resolve 'esa-worldcover.s3.eu-central-1.amazonaws.com' ([Errno 11001] getaddrinfo failed)"))
[23:30:44]     tiles with data: 16
[23:31:10]               tile N21E009: clipped (35628×26798 px)
[23:31:54]               tile N24E009: clipped (32524×36000 px)
[23:32:06]               tile N27E009: clipped (11233×36000 px)
[23:32:11]               tile N30E009: clipped (6238×25407 px)
[23:32:43]               tile N33E006: clipped (29177×36000 px)
[23:32:55]               tile N36E006: clipped (31712×13129 px)
[23:32:55]     ERROR: clip-mosaic failed — Unable to allocate 12.3 GiB for an array with shape (1, 183927, 71628) and data type uint8
[23:32:56] 
=================================================================
[23:32:56]   Pipeline complete!
[23:32:56]   Success  : 26
[23:32:56]   Skipped  : 0  (ocean-only islands or --resume)
[23:32:56]   Failed   : 28
[23:32:56]   GeoTIFFs : 28 files in C:\Users\Muleng Chilufy\Documents\My VSCode personal worksace for Lenga Maps\parallel-lenga-maps-website\output\LULC
[23:32:56]   State log: C:\Users\Muleng Chilufy\Documents\My VSCode personal worksace for Lenga Maps\parallel-lenga-maps-website\logs\lulc\state_20260419T134940Z.csv
[23:32:56]   Re-run with --resume to retry only the 28 failed countries.
[23:32:56] =================================================================
